match_id,home,away,current_ah,current_ou,target_cover,hg,ag,ph_ah,ph_da_diff,pa_ah,pa_da_diff,h2h_stadium_res,h2h_stadium_mov,h2h_general_res,h2h_general_mov,ah_delta_ph
2800428,Wolfsberger AC,Austria Wien,0.25,2.5,COVER,2,1,0.5,105,-0.5,-12,NO CUBIERTO,0 → 0.25,CUBIERTO,0.25 → 0.25,-0.25
2815871,Manisa BB Spor,Belediye Vanspor,0.25,2.75,COVER,2,1,3.25,0,0.25,-22,N/A,N/A,N/A,N/A,-3.0
2826686,FK Iskra Danilovgrad,FK Berane,0.25,2.25,COVER,2,2,0,-4,-0.25,-9,NO CUBIERTO,0.5 → 0.25,NO CUBIERTO,0 → 0.25,0.25
2840847,AC Monopoli,Atalanta U23,0.25,2.5,COVER,1,1,0.5,30,0,-21,N/A,N/A,N/A,N/A,-0.25
2864664,Churriana de la Vega,Granada CF B,0.25,2.25,COVER,2,0,-,0,-0.25,0,N/A,N/A,N/A,N/A,0
2878149,EF Santa Cruz,At. Pulpileno,0.25,2,COVER,0,0,0.25,-2,-,0,N/A,N/A,N/A,N/A,0.0
2905519,GD Braganca,Camacha,0.25,2.25,COVER,1,0,0.5,26,-0.25,-19,N/A,N/A,NO CUBIERTO,0 → 0.25,-0.25
2905571,Villa dAlme Valbrembana,ASD Caldiero Terme,0.25,2.25,COVER,2,1,-,0,-,0,N/A,N/A,N/A,N/A,0
2785243,Nordsjaelland,Silkeborg IF,0.75,3,COVER,5,0,1.25,89,0.25,34,NO CUBIERTO,1 → 0.75,NO CUBIERTO,-0.25 → 0.75,-0.5
2790837,Sparta Rotterdam,NAC Breda,0.5,2.75,COVER,1,0,0.75,29,0.25,-28,NO CUBIERTO,0.75 → 0.5,NO CUBIERTO,0.5 → 0.5,-0.25
2792698,Stal Mielec,Znicz Pruszkow,0.25,3,NO_COVER,1,2,0,39,0.75,-4,NO CUBIERTO,0.75 → 0.25,CUBIERTO,0.25 → 0.25,0.25
2793147,Yverdon,Aarau,0.25,2.75,NO_COVER,1,2,1,8,0,32,NO CUBIERTO,0 → 0.25,CUBIERTO,0.25 → 0.25,-0.75
2793249,Lausanne Sports,Lugano,0.25,3,COVER,0,0,0.25,-35,0,1,NO CUBIERTO,0.25 → 0.25,NO CUBIERTO,0.25 → 0.25,0.0
2794770,Baumit Jablonec,Bohemians 1905,0.5,2.5,COVER,1,0,0,-47,1.75,-1,NO CUBIERTO,0.75 → 0.5,CUBIERTO,-0.25 → 0.5,0.5
2794771,MFK Karvina,Banik Ostrava,0.25,2.75,COVER,0,0,0.5,-3,0,-43,NO CUBIERTO,-0.25 → 0.25,CUBIERTO,0.75 → 0.25,-0.25
2795188,ZNK Osijek,Istra 1961 Pula,0.5,2.25,NO_COVER,1,5,0.25,-52,0.25,-29,NO CUBIERTO,0.25 → 0.5,NO CUBIERTO,0.25 → 0.5,0.25
2795191,NK Varteks Varazdin,NK Lokomotiva Zagreb,0.25,2.25,COVER,4,2,-0.25,-48,0.25,-52,CUBIERTO,0.5 → 0.25,NO CUBIERTO,0 → 0.25,0.5
2795528,Dinamo Jug,FK Trajal Krusevac,0.5,2.25,COVER,1,0,0.5,10,1,-12,N/A,N/A,NO CUBIERTO,0.25 → 0.5,0.0
2795529,FAP,FK Dubocica,0.5,2,COVER,2,0,0.25,28,0.5,23,N/A,N/A,CUBIERTO,0.5 → 0.5,0.25
2795533,FK Vozdovac Beograd,FK Graficar Beograd,0.5,2.25,COVER,3,0,1,-12,0,15,NO CUBIERTO,0.75 → 0.5,CUBIERTO,0 → 0.5,-0.5
2797216,Universitaea Cluj,Hermannstadt,0.5,2.25,COVER,3,0,-0.25,-38,-0.25,-11,CUBIERTO,0.5 → 0.5,NO CUBIERTO,-0.25 → 0.5,0.75
2799518,Hamburger SV,Werder Bremen,0.25,3,COVER,3,2,-0.25,-44,1,13,NO CUBIERTO,0 → 0.25,NO CUBIERTO,0 → 0.25,0.5
2799843,Hertha Berlin,Magdeburg,0.5,3,NO_COVER,0,2,0.75,7,0.25,-22,NO CUBIERTO,0.25 → 0.5,NO CUBIERTO,0.25 → 0.5,-0.25
2799845,Nurnberg,Greuther Furth,0.75,3,COVER,2,2,0.25,-40,1,3,CUBIERTO,0.5 → 0.75,CUBIERTO,0.5 → 0.75,0.5
2800145,AJ Auxerre,Metz,0.5,2.5,COVER,3,1,-0.5,-14,0.75,27,NO CUBIERTO,-0.25 → 0.5,CUBIERTO,0.25 → 0.5,1.0
2800151,Nice,Angers,0.75,2.5,NO_COVER,0,1,-0.5,32,1,42,CUBIERTO,1.25 → 0.75,CUBIERTO,1.25 → 0.75,1.25
2800848,Sarajevo,FK Zeljeznicar,0.5,2.25,COVER,4,0,1.25,72,1.25,48,CUBIERTO,0.25 → 0.5,NO CUBIERTO,0 → 0.5,-0.75
2803713,SK Austria Klagenfurt,SV Austria Salzburg,0.25,2.5,NO_COVER,0,1,0,30,0.75,15,NO CUBIERTO,0.5 → 0.25,CUBIERTO,-0.25 → 0.25,0.25
2804437,Elche,Girona,0.25,2.25,COVER,3,0,-1.5,-11,1,18,NO CUBIERTO,-0.5 → 0.25,NO CUBIERTO,-0.5 → 0.25,1.75
2804442,Valencia,Sevilla,0.25,2.25,COVER,1,1,0.5,8,0.25,-13,CUBIERTO,0.25 → 0.25,CUBIERTO,0.25 → 0.25,-0.25
2807001,CD Arenteiro,CF Talavera de la Reina,0.25,2,COVER,1,0,0.25,-5,0.5,12,N/A,N/A,N/A,N/A,0.0
2807007,Merida AD,Ourense CF,0.5,2,COVER,3,2,0.5,-1,0.25,-5,N/A,N/A,N/A,N/A,0.0
2807009,Zamora CF,Real Madrid Castilla,0.5,2,COVER,2,2,0.5,12,0.25,-18,N/A,N/A,N/A,N/A,0.0
2807382,Antequera CF,Real Betis B,0.5,2,COVER,2,1,0,12,0.5,-3,CUBIERTO,0.5 → 0.5,CUBIERTO,0.5 → 0.5,0.5
2807386,Sabadell,Ibiza Eivissa,0.25,2,COVER,2,0,0.75,46,-0.25,-14,NO CUBIERTO,0 → 0.25,NO CUBIERTO,0 → 0.25,-0.5
2807805,Leganes,Cordoba,0.25,2.25,COVER,0,0,0,36,0.25,-3,CUBIERTO,0.25 → 0.25,CUBIERTO,0.25 → 0.25,0.25
2808230,coruxo FC,Real Avila CF,0.25,2,COVER,1,1,0.75,43,0,-19,NO CUBIERTO,0 → 0.25,NO CUBIERTO,0 → 0.25,-0.5
2808231,Deportivo La Coruna B,Marino luanco,0.75,2.25,COVER,0,0,0.25,28,0.25,73,NO CUBIERTO,0.25 → 0.75,NO CUBIERTO,0.25 → 0.75,0.5
2808232,Union Langreo,Sarriana,0.5,2.25,NO_COVER,0,2,0.5,7,0.5,21,N/A,N/A,N/A,N/A,0.0
2808538,Alaves B,SD Beasain,0.75,2,COVER,2,0,0.25,-42,0.5,4,CUBIERTO,0.75 → 0.75,CUBIERTO,0.75 → 0.75,0.5
2808542,SD Gernika,UD Mutilve,0.75,2.25,COVER,1,0,0.5,4,0.75,32,NO CUBIERTO,0.5 → 0.75,NO CUBIERTO,0.25 → 0.75,0.25
2809150,Aguilas CF,La Union CF,0.25,1.75,COVER,2,0,0.75,6,-0.25,32,NO CUBIERTO,0.5 → 0.25,CUBIERTO,1 → 0.25,-0.5
2809154,UD Melilla,CD Estebona,0.5,2,COVER,3,0,0.25,0,0.75,6,NO CUBIERTO,0.25 → 0.5,CUBIERTO,0.5 → 0.5,0.25
2809155,Puente Genil,Almeria B,0.25,2,COVER,1,0,0.25,3,1,71,N/A,N/A,N/A,N/A,0.0
2809456,CD Coria,Tenerife B,0.75,2.25,COVER,2,1,0.25,-21,0.25,3,NO CUBIERTO,0 → 0.75,NO CUBIERTO,1 → 0.75,0.5
2809459,Fuenlabrada,Quintanar Del Rey,0.5,1.75,COVER,2,1,0.5,-10,0.5,65,N/A,N/A,N/A,N/A,0.0
2809461,CD Artistico Navalcarnero,RSD Alcala Henares,0.5,2.25,COVER,3,1,0.25,3,0.5,39,CUBIERTO,0.5 → 0.5,CUBIERTO,0.5 → 0.5,0.25
2809464,UD San Sebastian Reyes,CF Intercity,0.25,2,COVER,0,0,0.25,14,-0.25,33,N/A,N/A,N/A,N/A,0.0
2810006,Kryvbas,PFC Oleksandria,0.5,2.5,COVER,3,0,0.25,4,0.5,35,NO CUBIERTO,0.25 → 0.5,NO CUBIERTO,0.25 → 0.5,0.25
2810009,Metalist 1925 Kharkiv,Veres,0.75,2.25,COVER,0,0,0.5,-12,0.25,4,NO CUBIERTO,-0.5 → 0.75,NO CUBIERTO,-0.5 → 0.75,0.25
2810928,Hansa Rostock,Alemannia Aachen,0.75,3,COVER,2,2,1.75,52,0.5,3,NO CUBIERTO,0.5 → 0.75,NO CUBIERTO,0 → 0.75,-1.0
2810930,SV Waldhof Mannheim,Saarbrucken,0.25,2.75,COVER,2,1,0.25,21,0.25,-1,NO CUBIERTO,0 → 0.25,NO CUBIERTO,0.5 → 0.25,0.0
2812975,Genclerbirligi,Karagumruk,0.25,2.5,COVER,3,0,-0.25,-52,0.5,3,N/A,N/A,N/A,N/A,0.5
2812977,Kocaelispor,Kasimpasa,0.5,2.5,COVER,0,0,0.5,28,0.5,0,N/A,N/A,NO CUBIERTO,0.75 → 0.5,0.0
2813311,Magdeburg Am,BSG Chemie Leipzig,0.75,3,COVER,2,1,-0.5,0,0.25,0,N/A,N/A,CUBIERTO,0.25 → 0.75,1.25
2813312,ZFC Meuselwitz,Hertha BSC Berlin Youth,0.25,2.75,NO_COVER,1,3,0,0,0.5,0,CUBIERTO,0 → 0.25,CUBIERTO,0.25 → 0.25,0.25
2813570,Lusitania FC,Portimonense,0.5,2.5,COVER,3,2,-0.25,-7,0,-2,N/A,N/A,N/A,N/A,0.75
2814068,UNA Strassen,F91 Dudelange,0.25,2.75,NO_COVER,1,4,-0.25,-33,-1.25,-36,NO CUBIERTO,-0.25 → 0.25,NO CUBIERTO,0.5 → 0.25,0.5
2814834,Estoril,Moreirense,0.5,2.25,COVER,3,3,0.5,27,1.25,7,NO CUBIERTO,-0.25 → 0.5,NO CUBIERTO,0.25 → 0.5,0.0
2815082,FC Ordino,Penya Encarnada,0.5,2.5,NO_COVER,2,4,-1.5,8,-1,-15,NO CUBIERTO,0.5 → 0.5,CUBIERTO,0.5 → 0.5,2.0
2818926,Muglaspor,Batman Petrolspor,0.25,2.25,COVER,2,0,1,0,-,0,NO CUBIERTO,0.75 → 0.25,NO CUBIERTO,0.75 → 0.25,-0.75
2821478,Turk Metal Kirikkale,Turk Metal 1963,0.25,2.5,COVER,0,0,-,0,-,0,N/A,N/A,N/A,N/A,0
2823768,Hoffenheim (W),Union Berlin (W),0.75,3,COVER,3,0,-1.5,-107,3,75,N/A,N/A,N/A,N/A,2.25
2825245,Tondela U19,CD Mafra U19,0.75,2.75,COVER,0,0,-1,34,0.25,-46,NO CUBIERTO,0 → 0.75,NO CUBIERTO,-0.25 → 0.75,1.75
2825247,Santa Clara U19,Belenenses U19,0.5,2.25,COVER,1,1,0.5,56,0.5,21,N/A,N/A,CUBIERTO,0.25 → 0.5,0.0
2825334,Gil Vicente U19,Vitoria SC Guimaraes U19,0.75,2.75,NO_COVER,0,1,2,-3,0.75,-10,NO CUBIERTO,0.25 → 0.75,NO CUBIERTO,-0.25 → 0.75,-1.25
2825335,Moreirense U19,Chaves U19,0.75,2.75,COVER,2,2,-0.5,0,2,-3,NO CUBIERTO,0.75 → 0.75,NO CUBIERTO,-0.25 → 0.75,1.25
2830274,Stockay-Warfusee,Habay la Neuve,0.5,2.75,NO_COVER,0,3,1,16,0.25,-15,N/A,N/A,NO CUBIERTO,0 → 0.5,-0.5
2831465,ES Wasquehal,AS Furiani Agliani,0.25,2.25,COVER,2,1,0.25,9,0.25,27,NO CUBIERTO,0.25 → 0.25,NO CUBIERTO,0.25 → 0.25,0.0
2834880,Tottenham Hotspur  (W),Aston Villa (W),0.25,2.5,COVER,2,1,-1.25,-45,1.5,18,NO CUBIERTO,0.25 → 0.25,NO CUBIERTO,0.25 → 0.25,1.5
2835046,S.S Pennarossa,Cailungo,0.25,2.75,COVER,2,0,-2.25,-6,0.75,26,N/A,N/A,N/A,N/A,2.5
2835578,Durham Wildcats LFC (W),Ipswich Town (W),0.75,2.75,COVER,1,1,-1.25,-21,1.5,4,N/A,N/A,N/A,N/A,2.0
2835582,Nottingham Forest (W),Sunderland (W),0.5,2.75,COVER,3,1,-0.5,-8,1.25,-4,NO CUBIERTO,-0.75 → 0.5,N/A,N/A,1.0
2837541,Nuova Monterosi,JuventusU23,0.25,2.25,COVER,1,1,0.25,-23,0.5,-12,N/A,N/A,N/A,N/A,0.0
2837547,Sassari Torres,Asd Pineto Calcio,0.25,2,COVER,1,1,0.25,-25,0.25,13,NO CUBIERTO,1 → 0.25,NO CUBIERTO,0 → 0.25,0.0
2838060,Rasi Salai United,JL Chiangmai United FC,0.75,2.75,COVER,1,0,1.25,12,0.25,9,N/A,N/A,N/A,N/A,-0.5
2838061,Trat FC,Kasetsart FC,0.5,2.5,NO_COVER,0,1,0.25,9,1.25,12,CUBIERTO,0.25 → 0.5,CUBIERTO,0.25 → 0.5,0.25
2838063,Nakhon Si United FC,Bangkok FC,0.25,2.5,NO_COVER,0,4,-0.25,-8,1.25,47,NO CUBIERTO,0.25 → 0.25,NO CUBIERTO,0.5 → 0.25,0.5
2838064,Chanthaburi FC,Songkhla FC,0.5,2.25,COVER,2,0,1,18,1.25,13,N/A,N/A,N/A,N/A,-0.5
2840115,Villarrubia CF,CD Azuqueca,0.5,2.25,COVER,3,1,0.75,6,-0.25,-8,CUBIERTO,0.5 → 0.5,CUBIERTO,0.5 → 0.5,-0.25
2840841,Audace Cerignola,US Casertana 1908,0.25,2.25,COVER,1,1,0,-12,0.25,16,NO CUBIERTO,0.5 → 0.25,CUBIERTO,-0.25 → 0.25,0.25
2840848,Salernitana,Trapani,0.5,2.25,COVER,1,1,0.75,69,0,-44,CUBIERTO,0.5 → 0.5,CUBIERTO,0.5 → 0.5,-0.25
2845490,Taichung Futuro,Hang Yuen FC,0.75,2.5,NO_COVER,1,2,1,36,0,22,CUBIERTO,1.25 → 0.75,NO CUBIERTO,0.25 → 0.75,-0.25
2845492,Sunny Bank Athletic Club Taipei,Tatung FC,0.5,2.5,COVER,2,2,0.25,17,1,19,CUBIERTO,0.5 → 0.5,CUBIERTO,0.5 → 0.5,0.25
2849942,Feyenoord Rotterdam (W),Zwolle (W),0.75,3,COVER,1,0,2.25,83,-0.5,-29,CUBIERTO,2 → 0.75,CUBIERTO,-1.75 → 0.75,-1.5
2853671,Luftetari,Lushnja KS,0.25,2.25,NO_COVER,1,2,-0.25,0,1.5,101,CUBIERTO,1 → 0.25,NO CUBIERTO,0.75 → 0.25,0.5
2854871,Paris FC U19,Sarcelles U19,0.75,3,COVER,0,0,1.25,30,0.25,-12,N/A,N/A,CUBIERTO,-0.5 → 0.75,-0.5
2855054,Dijon U19,AC Bobigny U19,0.5,3,COVER,2,1,1.25,16,-,0,CUBIERTO,0.75 → 0.5,CUBIERTO,-0.25 → 0.5,-0.75
2855055,Clermont U19,Stade Reims U19,0.5,3,COVER,2,0,-,0,-0.5,50,CUBIERTO,0.25 → 0.5,CUBIERTO,-0.5 → 0.5,0
2855234,USSA Vertou (U19),Saint Lo Manche FC(U19),0.25,3.25,NO_COVER,0,1,-1.25,-10,1.5,42,N/A,N/A,N/A,N/A,1.5
2859825,Abia Warriors,Rivers United,0.5,1.75,COVER,1,1,0.75,-3,0.25,-26,CUBIERTO,0.75 → 0.5,NO CUBIERTO,0 → 0.5,-0.25
2859829,Kwara United,Niger Tornadoes FC,0.5,1.75,COVER,2,0,0.5,-10,-,0,N/A,N/A,NO CUBIERTO,1 → 0.5,0.0
2859831,Plateau United,Warri Wolves FC,0.75,2,COVER,1,0,1,4,1,40,CUBIERTO,1.5 → 0.75,CUBIERTO,1.5 → 0.75,-0.25
2859832,Enugu Rangers International,Bayelsa United,0.75,2,COVER,4,1,-,0,0.75,78,CUBIERTO,1.75 → 0.75,NO CUBIERTO,0.5 → 0.75,0
2859833,Remo Stars,Enyimba,0.75,2,COVER,2,1,1,3,0.75,4,CUBIERTO,1 → 0.75,CUBIERTO,1 → 0.75,-0.25
2863137,Selaya FC,CD Barquereno,0.5,2.5,COVER,0,0,-,0,-,0,N/A,N/A,N/A,N/A,0
2863139,Club Deportivo Tropezon,CF Vimenor,0.5,2.5,COVER,5,0,0.25,14,1,15,CUBIERTO,0.75 → 0.5,CUBIERTO,0.75 → 0.5,0.25
2863743,CD Derio,Leioa,0.25,2.5,COVER,1,0,1,9,0.25,-12,N/A,N/A,N/A,N/A,-0.75
2863747,Real Sociedad C,Santurtzi CD,0.5,2.25,COVER,2,0,1,16,1.25,0,NO CUBIERTO,1.5 → 0.5,NO CUBIERTO,0.5 → 0.5,-0.5
2864357,Jove Espanol,UD Alzira,0.25,2.25,NO_COVER,0,1,-0.25,14,-,0,NO CUBIERTO,0.5 → 0.25,NO CUBIERTO,0.5 → 0.25,0.5
2864358,UD Levante B,Soneja,0.75,2.25,COVER,4,0,0.25,25,-,0,N/A,N/A,N/A,N/A,0.5
2864362,Athletic Torrellano,CD Bunol,0.5,2,NO_COVER,2,3,0.5,19,-,0,N/A,N/A,N/A,N/A,0.0
2865193,Ibiza Islas Pitiusas,Torrent C.F,0.25,1.75,COVER,1,0,0.25,-9,0.25,3,NO CUBIERTO,0.25 → 0.25,NO CUBIERTO,0.25 → 0.25,0.0
2865194,Valencia CF Mestalla,Girona B,0.25,2,COVER,1,0,0.5,-21,0.25,-9,N/A,N/A,N/A,N/A,-0.25
2865769,Beroe Stara Zagora,Septemvri Sofia,0.25,2.25,COVER,0,0,-0.5,-39,2,43,CUBIERTO,0.75 → 0.25,CUBIERTO,0 → 0.25,0.75
2867120,CP San Cristobal,Lleida,0.75,2.25,COVER,1,1,0,10,1.25,30,N/A,N/A,N/A,N/A,0.75
2867121,CF Montanesa,CE Europa B,0.5,2.25,COVER,2,0,0.25,-12,-,0,NO CUBIERTO,0.25 → 0.5,NO CUBIERTO,0.25 → 0.5,0.25
2867125,CF Badalona B,Fundacio Esportiva Grama,0.75,2.25,COVER,2,2,1.25,30,-0.25,-1,NO CUBIERTO,0.25 → 0.75,NO CUBIERTO,0.25 → 0.75,-0.5
2868397,Sportist Svoge,Marek Dupnitza,0.25,2,COVER,3,1,-1.25,0,0.5,16,NO CUBIERTO,0 → 0.25,NO CUBIERTO,1 → 0.25,1.5
2870256,Ghana Dream FC,Bechem United,0.5,1.75,COVER,2,1,0.75,35,1,20,CUBIERTO,0.5 → 0.5,CUBIERTO,0.5 → 0.5,-0.25
2870259,Karela United FC,Accra Hearts of Oak,0.25,1.75,COVER,2,0,1,31,0,6,N/A,N/A,NO CUBIERTO,1 → 0.25,-0.75
2870263,Vision FC,Young Apostles,0.5,2,COVER,0,0,0.25,1,1,-6,CUBIERTO,1 → 0.5,CUBIERTO,1 → 0.5,0.25
2871273,Vitesse Arnhem,FC Oss,0.5,2.75,COVER,0,0,-0.25,-2,0.5,19,NO CUBIERTO,1 → 0.5,NO CUBIERTO,-0.5 → 0.5,0.75
2871690,Adelaide United,Brisbane Roar,0.75,3,NO_COVER,0,1,-0.25,-41,1,-9,NO CUBIERTO,1.25 → 0.75,NO CUBIERTO,-0.5 → 0.75,1.0
2872053,Central Coast Mariners (W),Newcastle Jets (W),0.5,2.75,COVER,4,1,-0.5,-28,0.75,21,CUBIERTO,0.5 → 0.5,CUBIERTO,-0.5 → 0.5,1.0
2872055,Adelaide United (W),Brisbane Roar (W),0.5,3,NO_COVER,1,3,0.5,43,-0.25,-9,CUBIERTO,0.25 → 0.5,CUBIERTO,0.25 → 0.5,0.0
2872874,Fenerbahce SK (W),Galatasaray SK (W),0.5,3,COVER,1,0,3.25,82,-2.75,-30,N/A,N/A,NO CUBIERTO,-0.5 → 0.5,-2.75
2874112,Halkanoras Idaliou,PO Ahironas-Onisilos,0.75,2.5,COVER,5,1,0.75,31,1.75,0,CUBIERTO,-0.75 → 0.75,CUBIERTO,-0.75 → 0.75,0.0
2874369,Sporting Ben Arous,US Tataouine,0.25,1.75,NO_COVER,1,2,1.25,22,0.5,25,N/A,N/A,N/A,N/A,-1.0
2874454,Bouchamma,CO Sidi Bouzid,0.75,2,COVER,4,0,0,-8,-,0,N/A,N/A,N/A,N/A,0.75
2874456,E.Gawafel.S.Gafsa,A.S Ariana,0.5,2.25,COVER,0,0,-,0,-,0,N/A,N/A,N/A,N/A,0
2874457,Kalaa Sport,Union Ksour Essef,0.25,1.75,NO_COVER,3,4,0,-8,-,0,N/A,N/A,N/A,N/A,0.25
2874460,Progres Sakiet Eddaier,Stade Gabesien,0.5,1.75,COVER,2,1,0.5,10,0,-8,CUBIERTO,0.75 → 0.5,N/A,N/A,0.0
2877854,Dos Hermanas,Atletico Onubense,0.5,2.25,COVER,2,0,0.5,17,-,0,N/A,N/A,N/A,N/A,0.0
2878144,CD Cieza,Murcia B,0.75,2.25,COVER,2,0,-,0,0.25,20,NO CUBIERTO,1.25 → 0.75,CUBIERTO,-0.75 → 0.75,0
2878147,Molinense,Aguilas FC B,0.5,2.25,COVER,4,2,0.5,2,0.25,0,NO CUBIERTO,0.5 → 0.5,CUBIERTO,0.25 → 0.5,0.0
2878430,Yague CF,Vianes,0.75,2.75,COVER,0,0,-0.25,-8,-,0,CUBIERTO,0.25 → 0.75,CUBIERTO,0.25 → 0.75,1.0
2878979,Mostoles,CF Trival Valderas,0.75,2.5,COVER,3,1,0.75,4,0,-1,CUBIERTO,1 → 0.75,CUBIERTO,1 → 0.75,0.0
2879259,UC Ceares,SD Lenense,0.75,2.25,COVER,2,0,-0.75,-7,-,0,CUBIERTO,0.25 → 0.75,CUBIERTO,0 → 0.75,1.5
2879260,Caudal,CD Praviano,0.75,2.5,COVER,3,1,1,5,-0.5,-29,CUBIERTO,0.75 → 0.75,CUBIERTO,-1 → 0.75,-0.25
2879262,Club Siero,UD Gijon Industrial,0.75,2.5,COVER,2,0,-,0,-,0,N/A,N/A,NO CUBIERTO,0.5 → 0.75,0
2879264,CD Mosconia,EI San Martin,0.75,2.5,COVER,1,1,1.25,0,1,5,CUBIERTO,1.5 → 0.75,CUBIERTO,1.5 → 0.75,-0.5
2879536,CD Barco,Atletico Arteixo,0.25,2.25,NO_COVER,0,3,-0.25,9,0.75,22,N/A,N/A,N/A,N/A,0.5
2879542,Gran Pena,CD Lugo B,0.25,2.25,NO_COVER,2,3,0.75,22,-,0,N/A,N/A,N/A,N/A,-0.5
2879823,Zuera,Tamar Ritter,0.25,2.25,COVER,2,2,0.25,30,0.25,19,N/A,N/A,N/A,N/A,0.0
2880096,CD Gevora,CD Diocesano,0.25,2.25,COVER,0,0,-0.5,-8,-,0,N/A,N/A,N/A,N/A,0.75
2881863,Gor Mahia,AFC Leopards,0.5,1.75,NO_COVER,0,1,1.25,0,-0.25,-12,NO CUBIERTO,0.5 → 0.5,NO CUBIERTO,0.5 → 0.5,-0.75
2881870,KCB SC,Sofapaka FC,0.5,1.75,COVER,1,0,0.25,24,0.25,4,NO CUBIERTO,0.75 → 0.5,NO CUBIERTO,-0.25 → 0.5,0.25
2883792,Simba Sports Club,Azam,0.75,2,NO_COVER,0,2,2,135,-0.5,-41,NO CUBIERTO,1 → 0.75,NO CUBIERTO,1 → 0.75,-1.25
2895120,Balestier Khalsa FC,Hougang United FC,0.5,3.5,COVER,2,1,0.75,-39,-0.75,22,CUBIERTO,0.25 → 0.5,CUBIERTO,0.25 → 0.5,-0.25
2905293,Panserraikos U19,Panaitolikos U19,0.25,2.25,COVER,1,1,-1.25,7,0.75,0,N/A,N/A,N/A,N/A,1.5
2905510,FC Caldas,Atletico Clube Purtugal,0.25,2,NO_COVER,0,1,0.75,50,-0.25,-20,NO CUBIERTO,0 → 0.25,NO CUBIERTO,0.25 → 0.25,-0.5
2905511,SC Covilha,UD Santarem,0.25,2.25,COVER,1,1,-0.25,-19,0.5,49,NO CUBIERTO,0 → 0.25,NO CUBIERTO,0.5 → 0.25,0.5
2905514,Clube Desportivo Trofense,Paredes,0.25,2,COVER,0,0,1,41,0.5,11,NO CUBIERTO,0.75 → 0.25,NO CUBIERTO,0 → 0.25,-0.75
2905515,Varzim,Sporting Braga II,0.5,2,COVER,3,1,0.5,8,0.5,5,CUBIERTO,0.25 → 0.5,NO CUBIERTO,-0.25 → 0.5,0.0
2905517,Celoricense,Brito SC,0.75,2.5,NO_COVER,0,1,0.5,-11,0.5,-2,N/A,N/A,N/A,N/A,0.25
2905522,Vilaverdense,Machico,0.5,2,COVER,1,1,0,2,0.5,26,N/A,N/A,N/A,N/A,0.5
2905528,Salgueiros,CD Cinfaes,0.5,2,COVER,0,0,0.25,13,0.25,-49,CUBIERTO,0.5 → 0.5,N/A,N/A,0.25
2905535,Marialvas,Mortagua,0.25,2,NO_COVER,0,1,0.75,42,0,-17,NO CUBIERTO,0.25 → 0.25,NO CUBIERTO,0.25 → 0.25,-0.5
2905536,Benfica C.Branco,Peniche,0.25,2.25,COVER,5,0,0.5,-5,0.25,59,NO CUBIERTO,0 → 0.25,NO CUBIERTO,0.75 → 0.25,-0.25
2905539,Alcochetense,FC Alverca B,0.25,2.25,NO_COVER,1,2,0.25,0,0.25,-10,N/A,N/A,N/A,N/A,0.0
2905541,Grupo Desp Lagoa,Oriental Lisboa,0.25,2,COVER,6,3,0.25,-10,0,-19,N/A,N/A,N/A,N/A,0.0
2905542,Atletico Malveira,Portimonense B,0.5,2.25,COVER,1,0,0.5,-29,0.75,-39,N/A,N/A,N/A,N/A,0.0
2905544,FC Serpa,O.Elvas,0.25,2,NO_COVER,1,3,0,-12,0,-12,NO CUBIERTO,0 → 0.25,NO CUBIERTO,0.5 → 0.25,0.25
2905559,Chisola,Gozzano,0.5,2.25,COVER,1,1,-,0,0.5,10,N/A,N/A,N/A,N/A,0
2905561,Lavagnese,Valenzana,0.25,2.25,COVER,2,0,0,-4,0.5,16,N/A,N/A,N/A,N/A,0.25
2905564,ASD Brusaporto,US Breno,0.25,2.5,COVER,3,2,-,0,-,0,N/A,N/A,N/A,N/A,0
2905575,ACD Campodarsego,US Adriese,0.25,2.25,COVER,3,1,-,0,-,0,NO CUBIERTO,0.25 → 0.25,NO CUBIERTO,0.25 → 0.25,0
2905577,Legnago Salus,AC Mestre,0.25,2.25,NO_COVER,0,1,0.75,30,-,0,N/A,N/A,N/A,N/A,-0.5
2905581,Cittadella Vis Modena,Sangiuliano City Nova,0.25,2.25,COVER,3,0,0.5,0,0.25,-12,N/A,N/A,N/A,N/A,-0.25
2905584,Pro Sesto,Piacenza,0.25,2.25,NO_COVER,0,2,-,0,-,0,CUBIERTO,0.25 → 0.25,NO CUBIERTO,-0.25 → 0.25,0
2905591,Foligno Calcio,San Donato Tavarnelle,0.25,2.25,COVER,1,1,-,0,0.25,3,NO CUBIERTO,-0.75 → 0.25,NO CUBIERTO,1.75 → 0.25,0
2905592,Grosseto,Prato,0.75,2.5,COVER,1,0,0.75,-4,0.25,1,CUBIERTO,0.25 → 0.75,CUBIERTO,0.25 → 0.75,0.0
2905596,ASD Seravezza Calcio,Ghivizzano,0.25,2.25,COVER,2,0,0.25,1,-,0,CUBIERTO,0.25 → 0.25,CUBIERTO,0.25 → 0.25,0.0
2905598,ASD Sporting Trestina,Sansepolcro ASD,0.5,2,COVER,1,0,0.25,23,0.25,1,N/A,N/A,N/A,N/A,0.25
2905603,ASD Martina Franca,Citta di Fasano,0.25,2,COVER,3,2,0.5,2,-,0,CUBIERTO,1 → 0.25,CUBIERTO,1 → 0.25,-0.25
2905616,San Nicolo,ASD Termoli Calcio,0.25,2.25,COVER,1,1,-,0,0,-11,CUBIERTO,0.25 → 0.25,CUBIERTO,0.25 → 0.25,0
2905619,Vigor Senigallia,Castelfidardo,0.75,2.5,COVER,2,0,0.75,8,1,3,NO CUBIERTO,0.25 → 0.75,NO CUBIERTO,0.25 → 0.75,0.0
2905624,COS Sarrabus Ogliastra,Real Monterotondo,0.25,2.5,COVER,1,0,-,0,-,0,CUBIERTO,0 → 0.25,CUBIERTO,0 → 0.25,0
2905629,Athletic Palermo,Vibonese,0.5,2.5,COVER,2,2,-,0,-,0,N/A,N/A,N/A,N/A,0
2905631,Gela,Castrumfavara,0.25,2.25,COVER,4,1,0,10,-,0,N/A,N/A,N/A,N/A,0.25
2905634,Sambiase,Milazzo,0.5,2.25,NO_COVER,0,1,-,0,0.25,2,N/A,N/A,N/A,N/A,0
2905637,Racing Power (W),SCU Torreense (W),0.25,2.5,NO_COVER,0,2,0.25,5,1.5,3,NO CUBIERTO,0.25 → 0.25,NO CUBIERTO,0.25 → 0.25,0.0
2905638,Vitoria SC (W),Maritimo (W),0.5,2.75,COVER,2,1,0.25,-36,2.75,72,CUBIERTO,0.75 → 0.5,CUBIERTO,0.75 → 0.5,0.25
2905641,Lille (W),Nice W,0.75,2.75,COVER,2,1,0.25,-18,-,0,N/A,N/A,CUBIERTO,-1.75 → 0.75,0.5
2905642,Reims (W),Saint Malo (W),0.25,2.75,NO_COVER,1,3,1,17,0.5,-21,N/A,N/A,N/A,N/A,-0.75
2905798,Tokushima Vortis,Jubilo Iwata,0.5,2.25,COVER,1,1,0,15,0,16,NO CUBIERTO,0.25 → 0.5,CUBIERTO,0.25 → 0.5,0.5
2905818,Osaka FC,Zweigen Kanazawa FC,0.25,2.25,COVER,1,0,1,45,-0.25,22,CUBIERTO,0.5 → 0.25,NO CUBIERTO,0 → 0.25,-0.75
2905969,Chabab Ben Guerir,Racing Casablanca,0.5,2,COVER,1,0,0,-6,0.75,-26,NO CUBIERTO,0.25 → 0.5,NO CUBIERTO,0.25 → 0.5,0.5
2905971,Wydad Fes,Maghrib Association Tetouan,0.5,2,NO_COVER,0,1,0.25,18,-0.25,-8,N/A,N/A,N/A,N/A,0.25
2906145,Ajel de Rufisque,HLM,0.5,1.75,COVER,1,1,0.25,-6,0,0,NO CUBIERTO,0.5 → 0.5,NO CUBIERTO,0.5 → 0.5,0.25
2906147,US Ouakam Dakar,AS Dakar Sacre Coeur,0.25,1.75,COVER,1,1,0.75,5,0.25,8,N/A,N/A,N/A,N/A,-0.5
2906876,Tsun Tat Kwok Keung,Tuen Mun FC,0.25,3.25,COVER,2,0,0,45,0,-5,CUBIERTO,1 → 0.25,CUBIERTO,1 → 0.25,0.25
2906877,MOFA FC,Migori Youth,0.25,2,COVER,3,1,-0.25,12,0.5,15,NO CUBIERTO,1.25 → 0.25,NO CUBIERTO,0 → 0.25,0.5
2906880,Luanda Villa SC,Gucha Stars FC,0.5,2.25,COVER,0,0,0.5,-15,1,12,N/A,N/A,N/A,N/A,0.0
2906881,SSD Ferentino Calcio,ASD Vis Sezze,0.25,2.25,COVER,0,0,0.5,18,0.25,14,N/A,N/A,N/A,N/A,-0.25
2906883,Kabati Youth,Kisumu All Stars,0.25,2,COVER,2,0,-0.25,-2,0,4,N/A,N/A,N/A,N/A,0.5
2906885,LPRC Oilers,BEA Mountain FC,0.25,2.25,NO_COVER,0,2,0,0,-0.25,-16,NO CUBIERTO,-0.25 → 0.25,NO CUBIERTO,-0.25 → 0.25,0.25
2906887,W3 Maccarese,Boreale,0.25,2.25,NO_COVER,1,2,0,17,-0.25,6,N/A,N/A,N/A,N/A,0.25
2906888,Al Ramadi,El Atesalat,0.25,1.75,COVER,1,0,0,2,0.25,19,N/A,N/A,NO CUBIERTO,0 → 0.25,0.25
2906986,NPA Anchors,Mighty Barrolle,0.75,3,COVER,3,2,0.75,-27,0.75,6,NO CUBIERTO,0 → 0.75,NO CUBIERTO,0 → 0.75,0.0
2906997,Invicible Eleven,Margibi,0.75,3,COVER,0,0,0.25,-5,0.75,-27,N/A,N/A,N/A,N/A,0.5
2907001,Armed Forces FC,Manjung City FC,0.25,2.25,COVER,3,0,1.25,29,1,11,NO CUBIERTO,0.25 → 0.25,NO CUBIERTO,0.25 → 0.25,-1.0
2907002,Chorley (W),Wythenshawe FC (W),0.75,3.25,NO_COVER,0,3,0,7,-1,-20,N/A,N/A,N/A,N/A,0.75
2907003,Egaleo U19,Hellas Syrou U19,0.5,3.25,COVER,1,1,1.5,30,1,0,N/A,N/A,N/A,N/A,-1.0
2907004,Iraklis 1908 FC U19,Kampaniakos Chalastras U19,0.75,3.25,COVER,4,0,2,22,-0.75,4,NO CUBIERTO,0.75 → 0.75,NO CUBIERTO,0.75 → 0.75,-1.25
2907094,Macuba WFC (W),Inyemera WFC (W),0.25,2.25,COVER,2,1,-0.75,-18,0,12,N/A,N/A,N/A,N/A,1.0
2907123,Stockport County (W),Chester Le Street (W),0.75,3,COVER,1,1,-0.75,5,-0.25,6,CUBIERTO,1.5 → 0.75,CUBIERTO,1.5 → 0.75,1.5
2907127,FC Nantes B,USSA Vertou,0.5,2.25,COVER,1,1,0.75,16,0.25,-42,N/A,N/A,NO CUBIERTO,0 → 0.5,-0.25
2907132,Unionistas Salamanca CF U19,UD La Cruz Villanovense U19,0.5,3,COVER,2,0,-1.25,-57,1.75,46,N/A,N/A,N/A,N/A,1.75
2907143,Valladolid U19,Badazous U19,0.75,2.75,COVER,1,1,0.75,14,0,41,CUBIERTO,1.25 → 0.75,CUBIERTO,1.25 → 0.75,0.0
2907145,Leioa U19,Danok Bat U19,0.25,3.25,COVER,1,1,0,3,-0.25,-38,NO CUBIERTO,-0.25 → 0.25,NO CUBIERTO,0.75 → 0.25,0.25
2907150,Mladost Lucani U19,TSC Backa Topola U19,0.5,3,COVER,3,3,1.5,-3,0.75,30,CUBIERTO,0.5 → 0.5,NO CUBIERTO,0.5 → 0.5,-1.0
2907157,SA Gazinet-Cestas,Blagnac,0.25,2.5,NO_COVER,1,2,-1,3,1,8,N/A,N/A,N/A,N/A,1.25
2907158,Real Madrid II (W),Fundacion Albacete (W),0.75,2.25,COVER,2,1,0.75,26,1.5,25,NO CUBIERTO,0.75 → 0.75,NO CUBIERTO,0.75 → 0.75,0.0
2907159,Saint-Etienne B,Moulins Yzeure Foot,0.75,2.75,NO_COVER,1,2,0.5,8,0.25,-5,N/A,N/A,N/A,N/A,0.25
2907160,Bretigny Foot C.S,Sainte Genevieve Sports,0.25,2.75,COVER,2,1,0.25,-9,0.5,0,N/A,N/A,N/A,N/A,0.0
2907161,Toulouse FC II,US Lege-Cap-Ferret,0.75,2.75,COVER,2,2,0.25,-16,1,9,CUBIERTO,0.5 → 0.75,CUBIERTO,0.5 → 0.75,0.5
2907167,Al Merreikh,AS Kigali,0.75,2,COVER,2,1,0.5,25,-0.25,11,N/A,N/A,N/A,N/A,0.25
2907176,Genclerbirligi U19,Fatih Karagumruk U19,0.25,3,COVER,8,1,0,-5,0.25,-17,CUBIERTO,0.5 → 0.25,NO CUBIERTO,0 → 0.25,0.25
2907179,CE Europa (W),Real Oviedo (W),0.25,2.5,COVER,2,2,0.25,-2,0.75,14,NO CUBIERTO,0.25 → 0.25,NO CUBIERTO,0.25 → 0.25,0.0
2907180,Saronikos Anavyssou,AO Giouchtas,0.25,2.25,NO_COVER,0,1,0.5,50,0.25,4,N/A,N/A,NO CUBIERTO,1.25 → 0.25,-0.25
2907184,Diagoras,AOM Asteras Kaisarianis,0.25,2.25,COVER,1,0,-0.75,-12,0,12,N/A,N/A,N/A,N/A,1.0
2907187,Atsalenios,Thyella Rafinas,0.75,2.25,COVER,2,2,0,38,0.25,0,N/A,N/A,NO CUBIERTO,0.25 → 0.75,0.75
2907189,Ionikos,Mykonos,0.5,2.25,COVER,2,1,0.25,28,0,41,N/A,N/A,N/A,N/A,0.25
2907199,Anagennisi Artas,Anthoupoli,0.75,2,COVER,1,0,-0.75,-18,0.5,6,NO CUBIERTO,1 → 0.75,NO CUBIERTO,1 → 0.75,1.5
2907203,Young Pirates FC,Eersterust Rams FC,0.25,2.25,COVER,2,0,0.75,-19,0.25,-26,N/A,N/A,N/A,N/A,-0.5
2907215,Star Sport Academy,Kamboi Eagles FC,0.5,2,COVER,1,0,0.5,0,0.75,0,CUBIERTO,0.5 → 0.5,CUBIERTO,0.5 → 0.5,0.0
2907216,Wusum Stars,Freetonians SLIFA,0.25,1.75,COVER,1,0,0.25,32,0.25,0,CUBIERTO,0.25 → 0.25,CUBIERTO,0.25 → 0.25,0.0
2907217,FC Kallon,Bhantal FC,0.25,1.75,COVER,2,2,0.75,0,0.5,-2,N/A,N/A,NO CUBIERTO,0 → 0.25,-0.5
2907227,Debre Birhan Ketema,Boditi Ketema,0.25,2,COVER,1,1,-0.25,0,1,0,N/A,N/A,N/A,N/A,0.5
2907241,Mlandege FC,Chipukizi FC,0.75,1.75,COVER,0,0,-0.25,-21,0.25,-18,NO CUBIERTO,0 → 0.75,NO CUBIERTO,0 → 0.75,1.0
2907254,Tambo FC,Dynamic Togolais,0.5,2,COVER,1,0,0,0,0.75,9,N/A,N/A,NO CUBIERTO,1.25 → 0.5,0.5
2907255,Lady Doves FC (W),Rines SS (W),0.75,2.25,COVER,4,0,-0.75,0,0.75,54,CUBIERTO,0.75 → 0.75,CUBIERTO,0.75 → 0.75,1.5
2907256,ASKO Kara,Unisport de Sokode,0.5,2,COVER,1,0,0.25,0,0.25,6,N/A,N/A,NO CUBIERTO,0 → 0.5,0.25
2907258,AC Semassi,Entente 2,0.25,1.75,COVER,1,1,0.25,0,-,0,N/A,N/A,NO CUBIERTO,0 → 0.25,0.0
2907260,Ntugasaze FC,Kataka FC,0.25,2,COVER,1,0,0.5,22,0,-27,N/A,N/A,N/A,N/A,-0.25
2907261,Bright Stars,Paidha Black Angels,0.5,1.75,COVER,0,0,0.75,3,0.5,0,CUBIERTO,1.25 → 0.5,CUBIERTO,1.25 → 0.5,-0.25
2907302,Real Sociedad II (W),Eibar B (W),0.75,2.75,COVER,4,1,1.5,16,1.75,14,CUBIERTO,0.5 → 0.75,CUBIERTO,0.5 → 0.75,-0.75
2906150,Pikine,Guediawaye,0.25,1.75,COVER,3,0,0,-7,0.25,0,NO CUBIERTO,0.25 → 0.25,N/A,N/A,0.25
2907413,Nueva Santa Rosa CDF,Deportivo San Pedro,0.5,2.5,COVER,2,0,0.5,34,0.75,54,N/A,N/A,NO CUBIERTO,1.25 → 0.5,0.0
2879540,Compostela,Arosa SC,0.75,2.5,COVER,1,0,1.5,16,-,0,CUBIERTO,1 → 0.75,CUBIERTO,1 → 0.75,-0.75
2865192,Sant Andreu,RCD Espanyol B,0.5,2,COVER,2,1,0.75,37,-0.25,-17,NO CUBIERTO,0.25 → 0.5,NO CUBIERTO,0.25 → 0.5,-0.25
2835438,Parma s (W),Como 2000 (W),0.25,2.25,NO_COVER,0,1,-1,-21,-0.5,26,NO CUBIERTO,0.25 → 0.25,NO CUBIERTO,0.25 → 0.25,1.25
2827139,Apollon Limassol FC,Anorthosis Famagusta FC,0.75,2.5,COVER,0,0,-0.25,-26,-0.75,4,CUBIERTO,0.5 → 0.75,CUBIERTO,0 → 0.75,1.0
2794061,Dunajska Streda,Spartak Trnava,0.5,2.5,COVER,3,1,1.5,14,-0.25,35,CUBIERTO,0.5 → 0.5,CUBIERTO,0.5 → 0.5,-1.0
2907440,CD San Francisco U19,Gimnastic Manresa U19,0.25,2.75,COVER,0,0,-0.5,-28,1.5,68,N/A,N/A,N/A,N/A,0.75
2792696,Polonia Bytom,Chrobry Glogow,0.5,2.75,COVER,2,0,1,23,0,6,NO CUBIERTO,0.25 → 0.5,CUBIERTO,0 → 0.5,-0.5
2785430,Rakow Czestochowa,GKS Katowice,0.75,2.75,COVER,1,0,0.75,8,0.25,32,NO CUBIERTO,1 → 0.75,CUBIERTO,-0.75 → 0.75,0.0
2907437,CD Alaves U19,Real Sociedad U19,0.25,2.75,NO_COVER,2,3,-0.25,12,-0.5,1,NO CUBIERTO,0.25 → 0.25,NO CUBIERTO,0.25 → 0.25,0.5
2905516,Limianos,Chaves B,0.25,2.25,COVER,2,2,0.25,-14,0,3,N/A,N/A,NO CUBIERTO,1.25 → 0.25,0.0
2879265,CD Tuilla,SD Navarro CF,0.25,2.5,COVER,3,2,-,0,0.5,39,N/A,N/A,N/A,N/A,0
2905599,Barletta,Heraclea,0.25,2.25,COVER,1,0,0.5,29,-,0,N/A,N/A,N/A,N/A,-0.25
2905604,Paganese,FBC Gravina,0.5,2.25,COVER,1,0,1,41,0.5,2,N/A,N/A,N/A,N/A,-0.5
2853668,Skenderbeu Korca,Pogradeci,0.75,2.25,NO_COVER,1,2,1.5,101,0.5,55,N/A,N/A,CUBIERTO,-0.5 → 0.75,-0.75
2907267,Palmeiras SP (W),SC Corinthians Paulista (W),0.25,2.25,COVER,5,1,1.25,-9,-0.25,-2,NO CUBIERTO,0 → 0.25,NO CUBIERTO,0 → 0.25,-1.0
2830487,Tienen,Oud-Heverlee Leuven B,0.25,2.75,COVER,2,1,-0.5,21,0.5,-4,NO CUBIERTO,1.25 → 0.25,NO CUBIERTO,1.25 → 0.25,0.75
2855420,Montpellier U19,Toulouse U19,0.5,3,COVER,5,4,0.75,2,0.25,23,NO CUBIERTO,0.25 → 0.5,NO CUBIERTO,-0.5 → 0.5,-0.25
2907259,Wakiso Giants FC,Catda FC,0.5,2,COVER,3,3,0.25,7,0.5,22,N/A,N/A,N/A,N/A,0.25
2907418,Naivas FC,Nzoia United,0.5,2,NO_COVER,0,1,0.5,-21,0.5,-19,CUBIERTO,0.5 → 0.5,CUBIERTO,0.5 → 0.5,0.0
2905727,Cobreloa,D. Concepcion,0.5,2.75,NO_COVER,2,3,0.75,-38,0.5,-26,CUBIERTO,0.5 → 0.5,NO CUBIERTO,0.25 → 0.5,-0.25
2907448,Bambanes FC,Don Bosco Jr,0.5,3.25,COVER,1,1,0.5,2,-0.75,2,N/A,N/A,N/A,N/A,0.0
2893711,Aurora,Universitario De Vinto,0.5,3,COVER,2,0,0.5,46,1,-40,NO CUBIERTO,0.5 → 0.5,CUBIERTO,0.25 → 0.5,0.0
2907275,Conaree United,Flow 4G Cayon Rockets,0.5,3,NO_COVER,0,1,2.25,37,0.5,-45,CUBIERTO,0 → 0.5,CUBIERTO,0 → 0.5,-1.75
2892670,Prison Service FC,San Juan Jabloteh,0.25,2.75,COVER,2,2,0.75,28,-0.25,-8,NO CUBIERTO,0 → 0.25,N/A,N/A,-0.5
2905800,Boca Juniors,Racing Club,0.5,2,NO_COVER,0,1,0.5,-34,-0.25,-9,NO CUBIERTO,0.5 → 0.5,NO CUBIERTO,0.5 → 0.5,0.0
2907409,CRKSV Jong Colombia,Inter Willemstad,0.5,3,COVER,2,2,0,0,0,0,NO CUBIERTO,0 → 0.5,NO CUBIERTO,-0.25 → 0.5,0.5
2813766,Cartagines Deportiva SA,Municipal Liberia,0.25,2.25,COVER,0,0,-0.25,35,1,-17,NO CUBIERTO,0.25 → 0.25,NO CUBIERTO,0 → 0.25,0.5
2884516,Barcelona SC(ECU),Universidad Catolica,0.5,2.75,COVER,1,1,0,32,0.5,11,NO CUBIERTO,0.25 → 0.5,NO CUBIERTO,0.5 → 0.5,0.5
2907429,Lima FC,CA Belgrano Parana,0.5,2.5,NO_COVER,1,3,0.25,4,0.25,-21,N/A,N/A,N/A,N/A,0.25
2809152,Extremadura,CD Linares Deportivo,0.5,2.25,COVER,1,1,1,71,0.25,3,NO CUBIERTO,0.25 → 0.5,CUBIERTO,0.25 → 0.5,-0.5
2907246,La Tribu de Cd. Juarez,Soles de Sonora,0.5,3.25,COVER,1,0,0.75,19,0,-4,N/A,N/A,N/A,N/A,-0.25
2893710,The Strongest,Always Ready,0.25,3.25,NO_COVER,2,3,-0.25,3,-1.25,-32,CUBIERTO,0.5 → 0.25,CUBIERTO,0.5 → 0.25,0.5
2901800,Platense,Genesis,0.75,2.75,COVER,1,1,0,-22,1.25,32,N/A,N/A,NO CUBIERTO,0.25 → 0.75,0.75
2892665,Club Sando,National Defense Forces,0.25,2.75,NO_COVER,1,3,0,5,0.75,0,NO CUBIERTO,-1.5 → 0.25,NO CUBIERTO,-1.5 → 0.25,0.25
2907274,CA Argentino de Chacabuco,Defensores Salto,0.5,2.5,NO_COVER,0,1,0,-45,0.25,5,N/A,N/A,N/A,N/A,0.5
2907242,Alianza Lima W,Universitario de Deportes (W),0.25,2.75,COVER,3,1,0.25,14,0.25,14,NO CUBIERTO,0.25 → 0.25,NO CUBIERTO,0.25 → 0.25,0.0
2907238,Parque Sur,Defensores Pronunciamiento,0.25,2.5,COVER,1,1,0,-5,1,52,N/A,N/A,N/A,N/A,0.25
2907235,Atletico Neuquen Club,CA Maria Grande,0.5,2.25,COVER,1,0,0.5,-15,-0.25,-3,N/A,N/A,N/A,N/A,0.0
2907237,Atletico Parana,Sanjustino,0.25,2.25,COVER,0,0,0.5,21,-0.75,-9,N/A,N/A,N/A,N/A,-0.25
2907233,Argentino Mendoza,CA Juventud Alianza,0.5,2.5,COVER,0,0,0.5,-10,0.5,-10,N/A,N/A,N/A,N/A,0.0
2907231,Los Cachorros FC,CSyD Rio Dorado,0.25,2.5,COVER,3,1,-0.75,-15,0.25,12,N/A,N/A,N/A,N/A,1.0
2856860,Portmore United,Arnett Gardens,0.5,2.25,COVER,1,0,1.25,18,-0.5,-2,CUBIERTO,0 → 0.5,CUBIERTO,0 → 0.5,-0.75
2856859,Harbour View FC,Spanish Town Police,0.75,2.25,COVER,5,2,0.25,-37,1.25,0,N/A,N/A,N/A,N/A,0.5
2807802,Granada CF,AD Ceuta,0.5,2.25,COVER,1,1,0.25,-3,0.75,6,N/A,N/A,N/A,N/A,0.25
2784616,Napoli,Juventus,0.25,2.25,COVER,2,1,0.25,-15,-0.5,-7,CUBIERTO,0.5 → 0.25,CUBIERTO,0.5 → 0.25,0.0
2907273,Celaya II,Leyendas,0.25,2.25,NO_COVER,2,3,0.5,-14,0.25,-9,N/A,N/A,N/A,N/A,-0.25
2735084,Vitoria BA,Sao Paulo,0.5,2,COVER,1,0,0,-44,0.5,-4,NO CUBIERTO,-0.25 → 0.5,NO CUBIERTO,1 → 0.5,0.5
2735080,Internacional RS,Bragantino,0.75,2.5,COVER,3,1,0.5,-17,1.75,37,CUBIERTO,1.25 → 0.75,CUBIERTO,0.25 → 0.75,0.25
2735079,Fluminense RJ,Bahia,0.75,2.25,COVER,2,0,0.5,-4,-0.25,8,CUBIERTO,0.5 → 0.75,CUBIERTO,0.5 → 0.75,0.25
2735076,Botafogo RJ,Fortaleza,0.5,2.5,COVER,4,2,0.75,12,0.25,32,CUBIERTO,0.75 → 0.5,CUBIERTO,0 → 0.5,-0.25
2735075,Atletico Mineiro,Vasco da Gama,0.5,2.5,COVER,5,0,-0.25,36,0.75,31,CUBIERTO,1 → 0.5,NO CUBIERTO,0.25 → 0.5,0.75
2906942,Hakoah Amidar Ramat Gan FC,AS Holon Mor,0.5,2.5,COVER,4,1,0.75,4,0,-10,N/A,N/A,N/A,N/A,-0.25
2839549,Sampdoria,Carrarese,0.25,2.25,COVER,3,2,0.25,41,0.75,-6,NO CUBIERTO,0.5 → 0.25,NO CUBIERTO,0 → 0.25,0.0
2801032,Hapoel Beer Sheva,Maccabi Tel Aviv,0.25,3,COVER,1,0,2,55,-1.5,-77,NO CUBIERTO,0.25 → 0.25,CUBIERTO,0.5 → 0.25,-1.75
2789014,Ujpesti,ZalaegerzsegTE,0.5,2.75,NO_COVER,0,2,0,-32,1.25,45,NO CUBIERTO,0.5 → 0.5,CUBIERTO,0.25 → 0.5,0.5
2797217,CS Universitatea Craiova,CFR Cluj,0.25,2.5,COVER,1,1,1.25,57,-0.25,-8,NO CUBIERTO,0 → 0.25,CUBIERTO,0.5 → 0.25,-1.0
2907272,Pavones ADMC,Universidad Del Sureste FC,0.75,2.25,COVER,0,0,0.25,-16,0.75,34,N/A,N/A,N/A,N/A,0.5
2791850,Oud-Heverlee Leuven,Zulte-Waregem,0.25,2.5,COVER,1,1,0,20,0.25,94,CUBIERTO,0.75 → 0.25,NO CUBIERTO,0.25 → 0.25,0.25
2907411,Goytacaz RJ,Macae,0.25,2,COVER,4,1,0,32,0.75,25,NO CUBIERTO,0 → 0.25,NO CUBIERTO,0.25 → 0.25,0.25
2907224,Oberena (W),Mutilvera (W),0.25,3.75,NO_COVER,1,3,-1.5,-3,1,34,N/A,N/A,N/A,N/A,1.75
2814832,Alverca,Nacional da Madeira,0.25,2.25,COVER,1,0,0.25,52,0,-18,CUBIERTO,1 → 0.25,CUBIERTO,1 → 0.25,0.0
2906149,ASC Wally Daan,AS Camberene,0.5,1.75,COVER,1,0,0,-5,0.75,5,N/A,N/A,N/A,N/A,0.5
2814835,Estrela da Amadora,FC Arouca,0.25,2.25,COVER,3,1,0,-18,0.5,27,CUBIERTO,0 → 0.25,NO CUBIERTO,0.5 → 0.25,0.25
2896915,Blackpool,Carlisle United,0.75,2.75,COVER,4,1,0.75,1,0.75,12,CUBIERTO,1 → 0.75,CUBIERTO,-0.75 → 0.75,0.0
2864661,Arenas Armilla,CD Huetor Vega,0.25,2.25,COVER,2,1,0.5,10,-,0,N/A,N/A,NO CUBIERTO,0.5 → 0.25,-0.25
2823770,SG Essen-Schonebeck (W),Nurnberg (W),0.75,2.75,COVER,2,0,-0.75,26,1,-25,CUBIERTO,1.5 → 0.75,CUBIERTO,-0.75 → 0.75,1.5
2807801,Eibar,Cultural Leonesa,0.75,2.25,NO_COVER,1,2,0.5,64,1,31,NO CUBIERTO,1.25 → 0.75,NO CUBIERTO,1.25 → 0.75,0.25
2807800,Deportivo La Coruna,Castellon,0.25,2.75,NO_COVER,1,3,0.75,6,0,-3,CUBIERTO,0.25 → 0.25,NO CUBIERTO,0.25 → 0.25,-0.5
2804438,RCD Espanyol,Rayo Vallecano,0.25,2.25,COVER,1,0,0.25,-13,-0.25,-17,CUBIERTO,0 → 0.25,CUBIERTO,0.75 → 0.25,0.0
2807389,Villarreal B,Teruel,0.5,2,NO_COVER,1,2,0.25,13,1,-6,CUBIERTO,0.75 → 0.5,NO CUBIERTO,-0.25 → 0.5,0.25
2807005,CD Guadalajara,Osasuna B,0.5,2.25,COVER,1,0,0.25,5,0.25,19,N/A,N/A,N/A,N/A,0.25
2807002,Barakaldo CF,Real Aviles,0.5,2.25,NO_COVER,1,2,0,56,0.5,-1,N/A,N/A,N/A,N/A,0.5
2905972,KAC de Kenitra,Wydad Temara,0.5,1.75,NO_COVER,1,2,0.5,28,-,0,N/A,N/A,N/A,N/A,0.0
2812976,Goztepe,Trabzonspor,0.25,2.5,NO_COVER,1,2,0.75,4,0,-23,CUBIERTO,0.25 → 0.25,NO CUBIERTO,0.25 → 0.25,-0.5
2907419,Volos 2004 (W),Trikala 2011 (W),0.25,3.25,NO_COVER,0,1,-3.5,-78,1.5,39,NO CUBIERTO,-1 → 0.25,NO CUBIERTO,-1 → 0.25,3.75
2905797,JEF United Ichihara Chiba,RB Omiya Ardija,0.5,2.75,COVER,4,3,0.5,14,-0.25,-15,NO CUBIERTO,0.25 → 0.5,CUBIERTO,0.25 → 0.5,0.0
2784617,Pisa,Parma,0.25,2,NO_COVER,0,1,-1.25,-14,0.25,7,NO CUBIERTO,0 → 0.25,NO CUBIERTO,0.5 → 0.25,1.5
2795534,Zemun,Tekstilac,0.75,2.25,COVER,2,2,1,2,0.5,16,N/A,N/A,CUBIERTO,-0.25 → 0.75,-0.25
2795749,Radnik Surdulica,Mladost Lucani,0.5,2.25,COVER,0,0,-0.25,17,0.5,22,NO CUBIERTO,0 → 0.5,NO CUBIERTO,0.75 → 0.5,0.75
2800849,NK Siroki Brijeg,Radnik Bijeljina,0.5,2.25,NO_COVER,1,3,-1,-48,0.5,37,CUBIERTO,0.25 → 0.5,NO CUBIERTO,0.5 → 0.5,1.5
2807008,Unionistas de Salamanca,Ponferradina,0.25,1.75,COVER,2,2,0.25,-18,0.25,-5,NO CUBIERTO,0 → 0.25,NO CUBIERTO,0 → 0.25,0.0
2807798,Burgos CF,Albacete,0.5,2.25,NO_COVER,0,1,0,20,0.75,-3,CUBIERTO,0.25 → 0.5,CUBIERTO,0.25 → 0.5,0.5
2813573,SC Farense,Vizela,0.25,2.25,COVER,2,0,0.5,25,0,30,NO CUBIERTO,0.25 → 0.25,NO CUBIERTO,0.25 → 0.25,-0.25
2837538,Ascoli,Forli,0.5,2.25,COVER,3,0,0,34,-0.25,-8,CUBIERTO,0.75 → 0.5,NO CUBIERTO,-0.5 → 0.5,0.5
2838966,Famalicao U23,Braga U23,0.5,2.5,NO_COVER,1,2,0.5,-22,0,-29,CUBIERTO,0.75 → 0.5,NO CUBIERTO,0.25 → 0.5,0.0
2839541,Bari,Pescara,0.75,2.5,COVER,1,1,0,-27,0.75,0,CUBIERTO,0.5 → 0.75,NO CUBIERTO,0 → 0.75,0.75
2839544,Frosinone,Juve Stabia,0.5,2.25,COVER,3,0,0,-39,0.25,41,NO CUBIERTO,0.5 → 0.5,NO CUBIERTO,0.5 → 0.5,0.5
2839545,Mantova,A.C. Reggiana 1919,0.5,2.5,NO_COVER,0,1,0,26,0.5,23,NO CUBIERTO,0.5 → 0.5,NO CUBIERTO,0.5 → 0.5,0.5
2839546,Modena,Catanzaro,0.75,2.25,NO_COVER,1,2,0.75,21,0.25,-9,CUBIERTO,0.5 → 0.75,CUBIERTO,0.5 → 0.75,0.0
2840461,Albinoleffe,A.C. Ospitaletto,0.25,2.25,COVER,1,1,0.25,-10,0.5,5,N/A,N/A,N/A,N/A,0.0
2840464,Giana,Triestina,0.25,2,COVER,2,1,0.5,5,-0.25,-3,CUBIERTO,0.25 → 0.25,CUBIERTO,0.25 → 0.25,-0.25
2840465,Lecco,ASD Alcione,0.25,2,COVER,1,0,0,50,0.25,42,CUBIERTO,0.5 → 0.25,NO CUBIERTO,0.5 → 0.25,0.25
2842030,KF Arsimi,Pelister Bitola,0.75,2.75,COVER,3,3,-0.5,-40,-1.25,-34,N/A,N/A,CUBIERTO,0.75 → 0.75,1.25
2853670,Besa Kavaje,Burreli,0.5,2.25,COVER,2,0,0.25,7,-0.25,15,NO CUBIERTO,0.5 → 0.5,NO CUBIERTO,-0.25 → 0.5,0.25
2859830,Nasarawa United,Shooting Stars SC,0.75,2,COVER,1,0,1.25,18,0.5,-10,NO CUBIERTO,0.75 → 0.75,NO CUBIERTO,1.5 → 0.75,-0.5
2868747,Sabah FK Baku,FC Neftci Baku,0.5,2.25,COVER,2,0,1.25,63,0,-13,CUBIERTO,0 → 0.5,NO CUBIERTO,0 → 0.5,-0.75
2881866,Mathare United,Mara Sugar FC,0.25,1.75,NO_COVER,0,1,-0.5,-27,0.25,-8,CUBIERTO,0.25 → 0.25,CUBIERTO,0.25 → 0.25,0.75
2906545,Mighty Jets FC,City FC Abuja,0.25,2.25,COVER,2,0,0.25,0,1,0,N/A,N/A,N/A,N/A,0.0
2907442,Discoveries SA,Wologisi FC,0.75,2.75,COVER,0,0,0.5,-27,0.25,-2,CUBIERTO,0.5 → 0.75,CUBIERTO,0.5 → 0.75,0.25
2907458,Pride East Mavericks,Oil India,0.25,2.5,COVER,0,0,-1.5,-1,-1,6,N/A,N/A,N/A,N/A,1.75
2907459,Shahin Tehran,Shahid Ghandi,0.5,2,NO_COVER,1,2,0.25,13,0.25,10,N/A,N/A,N/A,N/A,0.25
2907462,Al-Jazeera Reserve,Al Ahli Amman Reserves,0.5,2.75,COVER,1,1,2,48,0.25,-28,N/A,N/A,NO CUBIERTO,0 → 0.5,-1.5
2907465,Foolad Khuzestan B,Malavan Bushehr,0.25,2,COVER,1,0,0.5,33,0,-4,N/A,N/A,N/A,N/A,-0.25
2907473,Gresik United,Persiba Bantul,0.5,2.5,COVER,1,0,0.75,21,0.75,18,N/A,N/A,N/A,N/A,-0.25
2907474,Perserang Serang,Persitara Jakarta Utara,0.25,2.25,NO_COVER,0,1,0.5,0,0.75,-2,N/A,N/A,N/A,N/A,-0.25
2907675,Atletico San Jorge,Shamien Tumajiolo,0.5,2.5,COVER,2,1,0.25,-2,-,0,N/A,N/A,N/A,N/A,0.25
2905719,Xelaju MC,Antigua GFC,0.25,2.25,COVER,1,0,1,15,0.5,9,NO CUBIERTO,0.5 → 0.25,NO CUBIERTO,0.75 → 0.25,-0.75
2884482,Club Sport Emelec,Macara,0.25,2.25,NO_COVER,0,2,0.25,15,0.5,11,NO CUBIERTO,0.25 → 0.25,NO CUBIERTO,0.25 → 0.25,0.0
2906643,Independiente Santa Fe,Atletico Bucaramanga,0.25,2.25,COVER,0,0,0.25,44,0.25,-31,NO CUBIERTO,0.5 → 0.25,NO CUBIERTO,0.5 → 0.25,0.0
2907667,Lobos UPNFM Reserves,Real Espana Reserves,0.5,3.25,COVER,2,1,0.25,0,-1,6,CUBIERTO,0.75 → 0.5,NO CUBIERTO,-0.75 → 0.5,0.25
2907435,Cliftonville Reserves,Bangor U20,0.75,4,COVER,3,1,1,32,0.25,56,N/A,N/A,N/A,N/A,-0.25
2906642,Deportes Tolima,Fortaleza F.C,0.75,2.25,COVER,1,0,0.5,6,0.5,22,NO CUBIERTO,0.5 → 0.75,CUBIERTO,0.5 → 0.75,0.25
2907643,La Habana,Guantanamo FC,0.5,2.25,COVER,1,0,1.25,16,-0.25,0,CUBIERTO,0.75 → 0.5,CUBIERTO,0.25 → 0.5,-0.75
2804439,Osasuna,Levante,0.75,2.5,COVER,2,0,0,-8,0.5,8,CUBIERTO,0.5 → 0.75,CUBIERTO,0.5 → 0.75,0.75
2907436,Glentoran Reserves,Linfield Reserves,0.25,3.75,COVER,2,2,2,-12,0.75,-5,N/A,N/A,CUBIERTO,0.5 → 0.25,-1.75
2835581,Newcastle (W),Southampton (W),0.75,2.5,COVER,1,0,1.25,-4,0.25,-23,NO CUBIERTO,0 → 0.75,NO CUBIERTO,0 → 0.75,-0.5
2807806,Malaga,Real Zaragoza,0.5,2.25,COVER,1,1,0.5,2,0.5,64,NO CUBIERTO,0 → 0.5,NO CUBIERTO,0 → 0.5,0.0
2857389,Brentford U21,West Bromwich U21,0.75,3,COVER,5,1,1,21,-1,0,N/A,N/A,NO CUBIERTO,0 → 0.75,-0.25
2839543,ACD Virtus Entella,Spezia,0.25,2,NO_COVER,0,1,0,-13,0,26,NO CUBIERTO,0.25 → 0.25,NO CUBIERTO,0.5 → 0.25,0.25
2842377,MC Alger,CR Belouizdad,0.75,1.75,COVER,2,1,1,29,0,-3,NO CUBIERTO,0.25 → 0.75,NO CUBIERTO,0.25 → 0.75,-0.25
2838795,KS Elbasani,Vllaznia Shkoder,0.25,2,COVER,1,0,0.5,16,-1,-8,N/A,N/A,NO CUBIERTO,0.5 → 0.25,-0.25
2792697,Slask Wroclaw,Stal Rzeszow,0.75,3.25,COVER,1,1,0.25,59,1.5,-1,N/A,N/A,NO CUBIERTO,-0.5 → 0.75,0.5
2785426,Korona Kielce,Wisla Plock,0.25,2.25,COVER,1,1,0,5,0.75,39,CUBIERTO,0 → 0.25,NO CUBIERTO,0 → 0.25,0.25
2801035,Ashdod MS,Ironi Tiberias,0.5,2.75,COVER,1,1,-1.5,-77,0.25,16,CUBIERTO,0.25 → 0.5,CUBIERTO,-0.25 → 0.5,2.0
2904256,Oman,Comoros,0.75,2.5,COVER,2,1,-1.25,-24,2.25,8,N/A,N/A,N/A,N/A,2.0
2904255,Morocco,Saudi Arabia,0.5,2,COVER,1,0,2.25,8,-1.5,-23,CUBIERTO,1.25 → 0.5,CUBIERTO,1.25 → 0.5,-1.75
2855929,Ironi Modiin,Hapoel Raanana,0.25,2.5,NO_COVER,1,2,0.5,-3,-0.25,-2,N/A,N/A,CUBIERTO,0.25 → 0.25,-0.25
2807383,FC Cartagena,Real Murcia,0.25,2,NO_COVER,0,1,0.5,27,0,12,CUBIERTO,0.75 → 0.25,CUBIERTO,0.75 → 0.25,-0.25
2855926,Hapoel Kfar Shalem,Hapoel Acre FC,0.5,2.5,NO_COVER,1,2,0.25,-7,0.75,-1,CUBIERTO,0.75 → 0.5,CUBIERTO,0.75 → 0.5,0.25
2815866,Corum Belediyespor,Pendikspor,0.25,2.5,COVER,2,0,0.5,-4,-1.25,-7,CUBIERTO,0.25 → 0.25,NO CUBIERTO,0 → 0.25,-0.25
2812970,Alanyaspor,Antalyaspor,0.75,2.5,COVER,0,0,0.5,0,0.75,35,NO CUBIERTO,0.5 → 0.75,NO CUBIERTO,0.25 → 0.75,0.25
2800850,FK Sloga Doboj,Rudar Prijedor,0.5,2,COVER,1,1,0.5,37,1.25,29,NO CUBIERTO,0 → 0.5,NO CUBIERTO,0 → 0.5,0.0
2784620,Udinese,Genoa,0.25,2,NO_COVER,1,2,-0.5,12,0,-1,NO CUBIERTO,0.5 → 0.25,NO CUBIERTO,0.25 → 0.25,0.75
2842376,JS kabylie,USM Alger,0.5,1.75,NO_COVER,1,2,1.25,11,-0.75,-7,NO CUBIERTO,0.25 → 0.5,CUBIERTO,0.25 → 0.5,-0.75
2907672,Old Edwardians,Bullom Stars,0.5,1.75,COVER,0,0,0.5,0,0.75,0,CUBIERTO,0.25 → 0.5,CUBIERTO,0.25 → 0.5,0.0
2906705,Inova Sporting Club Association,Agboville,0.25,1.75,COVER,1,0,-0.75,-28,-,0,N/A,N/A,N/A,N/A,1.0
2907668,AS Nordia Jerusalem U19,Hakoach Macabi Ramat Gan U19,0.25,2.75,COVER,1,1,0,-3,-,39,CUBIERTO,-0.5 → 0.25,CUBIERTO,-0.5 → 0.25,0.25
2907661,Na God FC,Attram De Visser,0.5,2.25,NO_COVER,1,2,1,1,0.25,-7,NO CUBIERTO,0.25 → 0.5,NO CUBIERTO,0.25 → 0.5,-0.5
2859828,Katsina United,Bendel Insurance,0.25,1.75,NO_COVER,0,1,0.75,4,0.75,-3,N/A,N/A,NO CUBIERTO,0.75 → 0.25,-0.5
2907652,Heaven Eleven,Gardnersville FC,0.5,3,COVER,0,0,0.75,1,0,3,N/A,N/A,N/A,N/A,-0.25
2907649,Cascada,Misr El Maqasha,0.5,2.25,COVER,1,0,0.25,4,0.25,-9,N/A,N/A,N/A,N/A,0.25
2907648,El Alameen,Naser Elfekria,0.5,2,COVER,2,0,0.75,4,0.5,38,N/A,N/A,N/A,N/A,-0.25
2797674,Lincoln City,Barnsley,0.5,2.5,COVER,3,1,0.5,-9,0.5,19,NO CUBIERTO,0.25 → 0.5,CUBIERTO,0.75 → 0.5,0.0
2797680,Wycombe Wanderers,Plymouth Argyle,0.75,2.5,NO_COVER,0,1,0.5,-14,0.25,29,CUBIERTO,0.5 → 0.75,CUBIERTO,0.5 → 0.75,0.25
2797682,Reading,Peterborough United,0.25,2.5,NO_COVER,1,2,0.5,27,0.25,-34,CUBIERTO,0.25 → 0.25,CUBIERTO,0.25 → 0.25,-0.25
2798235,Blackburn Rovers,Oxford United,0.5,2.5,COVER,1,1,-0.5,15,0.5,9,CUBIERTO,0.75 → 0.5,NO CUBIERTO,0 → 0.5,1.0
2798239,Sheffield United,Norwich City,0.5,2.5,COVER,1,1,0.5,10,0.5,5,CUBIERTO,0.5 → 0.5,CUBIERTO,0.5 → 0.5,0.0
2798240,Southampton,West Bromwich(WBA),0.25,2.5,COVER,3,2,0.25,-44,0,-1,CUBIERTO,0.75 → 0.25,CUBIERTO,0.75 → 0.25,0.0
2798242,Swansea City,Portsmouth,0.5,2.25,COVER,1,0,0.5,9,0.5,31,NO CUBIERTO,0.75 → 0.5,NO CUBIERTO,0 → 0.5,0.0
2798777,Bromley,Crawley Town,0.75,2.75,COVER,3,1,0,-20,0.5,18,NO CUBIERTO,-0.25 → 0.75,NO CUBIERTO,-0.25 → 0.75,0.75
2798778,Cambridge United,Chesterfield,0.25,2.25,COVER,1,1,0.25,44,0,5,CUBIERTO,0.5 → 0.25,CUBIERTO,0 → 0.25,0.0
2814319,Genk II,Anderlecht II,0.25,3,COVER,3,2,0.25,-37,0.5,3,CUBIERTO,0.5 → 0.25,CUBIERTO,1 → 0.25,0.0
2824039,Pen-y-Bont FC,Barry Town United,0.5,2.75,COVER,1,1,1.25,52,0.25,-35,CUBIERTO,1 → 0.5,CUBIERTO,-0.75 → 0.5,-0.75
2829063,Brentwood Town,Cheshunt,0.5,3,COVER,2,2,0.25,18,-0.25,2,N/A,N/A,N/A,N/A,0.25
2838967,Leixoes U23,Gil Vicente U23,0.5,2.75,COVER,1,1,-0.25,-54,0.25,27,NO CUBIERTO,-0.25 → 0.5,NO CUBIERTO,0.5 → 0.5,0.75
2838968,Rio Ave U23,Maritimo U23,0.25,2.75,COVER,2,1,-0.5,-35,0.75,52,CUBIERTO,0 → 0.25,CUBIERTO,0.25 → 0.25,0.75
2843223,Quorn,Redditch United,0.75,2.75,COVER,3,2,0.5,1,1,-11,N/A,N/A,N/A,N/A,0.25
2854063,Fulham U21,Monchengladbach AM.,0.5,3.25,NO_COVER,0,2,0.5,-12,-0.25,4,N/A,N/A,N/A,N/A,0.0
2860627,Buriram United,Gangwon FC,0.25,2.5,COVER,2,2,1,-11,1,-9,N/A,N/A,N/A,N/A,-0.75
2861205,Monaco,Galatasaray,0.25,3,COVER,1,0,0,15,-0.5,-20,N/A,N/A,N/A,N/A,0.25
2865768,Botev Vratsa,PFK Montana,0.5,2.25,COVER,0,0,0.5,40,1,28,NO CUBIERTO,0 → 0.5,NO CUBIERTO,0 → 0.5,0.0
2868748,Standard Sumgayit,Mil Mugan,0.5,2.25,COVER,1,0,-1.25,-20,1.25,41,N/A,N/A,NO CUBIERTO,-0.25 → 0.5,1.75
2871967,Inter Milan U19,Liverpool U19,0.25,3,COVER,5,0,3.5,-4,-0.25,62,CUBIERTO,0.75 → 0.25,N/A,N/A,-3.25
2871969,Monaco U19,Galatasaray U19,0.25,3.25,COVER,5,0,-0.25,-6,0.75,24,N/A,N/A,N/A,N/A,0.5
2871972,Tottenham Hotspur U19,Slavia Praha U19,0.75,3.75,COVER,9,1,1,13,0.5,-8,N/A,N/A,N/A,N/A,-0.25
2874262,Gudja United,Vittoriosa Stars,0.5,2.75,COVER,1,0,-0.25,5,-,-50,N/A,N/A,CUBIERTO,-1.25 → 0.5,0.75
2884799,Real Madrid (W),VfL Wolfsburg (W),0.25,3.75,COVER,2,0,1.5,51,1.25,70,N/A,N/A,N/A,N/A,-1.25
2901765,PAOK Saloniki U19,Legia Warszawa U19,0.5,3,NO_COVER,1,2,3.5,71,0.75,53,N/A,N/A,NO CUBIERTO,0.25 → 0.5,-3.0
2901766,AZ Alkmaar U19,Aston Villa U19,0.25,3,COVER,2,1,4.5,105,-1.75,-29,N/A,N/A,NO CUBIERTO,0.5 → 0.25,-4.25
2904260,Egypt,Jordan,0.75,2.25,NO_COVER,0,3,1.25,89,-0.5,-27,NO CUBIERTO,1.25 → 0.75,NO CUBIERTO,1.25 → 0.75,-0.5
2904266,Algeria,Iraq,0.75,2.25,COVER,2,0,1,-29,-0.5,-12,N/A,N/A,N/A,N/A,-0.25
2905984,Abahani Limited,Brothers Union,0.25,2.25,NO_COVER,0,1,1.5,0,0.5,4,NO CUBIERTO,0.5 → 0.25,NO CUBIERTO,0.5 → 0.25,-1.25
2906195,Panama U19,Honduras U19,0.5,2.5,COVER,3,0,1,50,-0.75,-33,N/A,N/A,N/A,N/A,-0.5
2906196,Guatemala U19,Costa Rica U19,0.75,2.5,NO_COVER,1,2,1.25,28,-,0,N/A,N/A,N/A,N/A,-0.5
2907660,Aseb Sports Club,Sunrise AC,0.75,3.25,NO_COVER,0,3,1,26,0.25,-26,N/A,N/A,N/A,N/A,-0.25
2907663,Perseden Denpasar,Waanal Brothers,0.75,2.75,COVER,2,0,0.5,9,0,2,N/A,N/A,N/A,N/A,0.25
2907665,PSGC Ciamis,Tri Brata Rafflesia FC,0.5,2.25,COVER,3,1,0.5,9,0.25,57,N/A,N/A,N/A,N/A,0.0
2907680,Belper Town,Shepshed Dynamo,0.75,2.75,COVER,1,1,0.25,0,0.25,-5,N/A,N/A,NO CUBIERTO,-0.5 → 0.75,0.5
2907687,Stalybridge Celtic,Nantwich Town,0.5,2.75,COVER,3,2,0.75,-9,0.25,6,NO CUBIERTO,0.75 → 0.5,NO CUBIERTO,0.75 → 0.5,-0.25
2907689,El Shams,Banha,0.25,2,COVER,1,1,0.25,-22,0.75,0,N/A,N/A,N/A,N/A,0.0
2907690,VCD Athletic,Beckenham Town,0.25,3.25,NO_COVER,0,2,0,-3,0,4,N/A,N/A,N/A,N/A,0.25
2907691,Al Salt Reserves,Sama Al Sarhan Reserves,0.25,3,COVER,2,2,0.75,-4,1.25,38,NO CUBIERTO,0.5 → 0.25,NO CUBIERTO,0.5 → 0.25,-0.5
2907693,Al-Hussein SC Reserve,Shabab Al Ordon Reserves,0.25,3,COVER,0,0,1.5,47,-1,10,N/A,N/A,NO CUBIERTO,-0.25 → 0.25,-1.25
2907700,Al-Ittihad Bahrain U21,Al-Riffa U21,0.25,3.5,COVER,1,1,0.75,-12,-0.25,-13,N/A,N/A,NO CUBIERTO,0.25 → 0.25,-0.5
2907705,First Bank FC,Abeokuta Stormers,0.25,2.25,COVER,1,1,0.25,9,0,39,N/A,N/A,N/A,N/A,0.0
2907709,Palmeiras U20 (W),Botafogo RJ U20 (W),0.5,2.75,NO_COVER,0,2,0.5,-46,-4.5,-76,N/A,N/A,N/A,N/A,0.0
2793136,Stade Ouchy,Neuchatel Xamax,0.5,3,COVER,3,0,1.25,11,0.5,49,NO CUBIERTO,0.75 → 0.5,CUBIERTO,-0.25 → 0.5,-0.75
2809130,Recreativo Huelva,UCAM Murcia,0.25,2,NO_COVER,1,2,0.25,7,-0.25,0,NO CUBIERTO,0 → 0.25,NO CUBIERTO,0 → 0.25,0.0
2819943,Arsenal Tivat,Jedinstvo Bijelo Polje,0.5,2,COVER,0,0,0,-20,1.25,20,CUBIERTO,0.25 → 0.5,NO CUBIERTO,0.25 → 0.5,0.5
2819944,Decic Tuzi,FK Mladost DG,0.25,2.25,NO_COVER,3,4,0.5,-8,0,-20,CUBIERTO,0.75 → 0.25,CUBIERTO,0 → 0.25,-0.25
2819946,OFK Petrovac,Bokelj Kotor,0.75,2.25,COVER,0,0,-0.25,23,1.5,10,CUBIERTO,0.75 → 0.75,CUBIERTO,-0.5 → 0.75,1.0
2819947,FK Sutjeska Niksic,FK Mornar Bar,0.5,2.25,NO_COVER,0,1,1.25,20,0,-5,CUBIERTO,0.5 → 0.5,NO CUBIERTO,0 → 0.5,-0.75
2838035,Chainat FC,Songkhla FC,0.75,2.5,COVER,4,3,0.5,16,0.5,6,NO CUBIERTO,-0.25 → 0.75,NO CUBIERTO,0.25 → 0.75,0.25
2839036,Estoril U23,Uniao Leiria U23,0.5,2.5,COVER,2,2,-0.75,17,1,-10,N/A,N/A,NO CUBIERTO,0 → 0.5,1.25
2860630,FC Seoul,Melbourne City,0.75,2.75,COVER,1,1,0.75,19,1,34,N/A,N/A,N/A,N/A,0.0
2860775,Persib Bandung,Bangkok United FC,0.75,2.75,COVER,1,0,0.5,-6,0.25,75,N/A,N/A,CUBIERTO,0.75 → 0.75,0.25
2871973,Bilbao U19,Paris Saint Germain U19,0.25,3.5,COVER,1,1,5.25,127,-0.5,-58,N/A,N/A,N/A,N/A,-5.0
2871978,Bayer Leverkusen U19,Newcastle U19,0.5,3.25,COVER,2,1,-0.5,-58,0.5,2,N/A,N/A,N/A,N/A,1.0
2871980,Real Madrid U19,Manchester City U19,0.5,3.25,NO_COVER,0,4,1.25,48,-1,-58,CUBIERTO,0.5 → 0.5,CUBIERTO,0.5 → 0.5,-0.75
2885570,AL-jeel,Jerash FC,0.75,2.25,COVER,3,1,0.25,14,-,0,N/A,N/A,N/A,N/A,0.5
2895611,Esteghlal Tehran,Malavan,0.75,2,COVER,1,1,0.25,-9,0,-10,NO CUBIERTO,1 → 0.75,NO CUBIERTO,-0.25 → 0.75,0.5
2901767,Midtjylland U19,Koln U19,0.75,3,NO_COVER,1,4,2.75,41,-1.5,0,CUBIERTO,0 → 0.75,NO CUBIERTO,-0.25 → 0.75,-2.0
2901768,Dinamo Tbilisi U19,Dinamo Minsk U19,0.75,2.75,NO_COVER,0,2,3.25,71,0.25,22,N/A,N/A,CUBIERTO,-0.5 → 0.75,-2.5
2901769,Real Betis U19,FC Porto U19,0.5,3,COVER,5,0,2,59,-2,-62,N/A,N/A,CUBIERTO,0.75 → 0.5,-1.5
2901770,Puskas Akademia Fehervar U19,Steaua Bucuresti U19,0.5,2.5,NO_COVER,2,3,0.5,13,0.75,69,N/A,N/A,CUBIERTO,-0.5 → 0.5,0.0
2901772,Nantes U19,Maccabi Haifa U19,0.75,2.75,NO_COVER,2,3,-,75,1.25,18,N/A,N/A,NO CUBIERTO,-0.75 → 0.75,0
2904052,Pro Vercelli,Latina,0.5,2.25,NO_COVER,0,1,0.25,-26,1.75,35,NO CUBIERTO,0.5 → 0.5,NO CUBIERTO,0.25 → 0.5,0.25
2906214,Baku Sporting,Shahdagh Qusar,0.5,2.5,COVER,2,1,-0.75,-18,0.5,26,N/A,N/A,CUBIERTO,0 → 0.5,1.25
2906215,E Nel G Tick,Cəbrayıl FK,0.75,2.75,COVER,2,0,0.5,-1,1.25,17,NO CUBIERTO,-0.25 → 0.75,CUBIERTO,0.25 → 0.75,0.25
2906225,FK Rudar Pljevlja,FK Podgorica,0.75,2.5,COVER,4,0,1.25,23,1.25,23,NO CUBIERTO,1.25 → 0.75,NO CUBIERTO,1.25 → 0.75,-0.5
2907479,Jorge Wilstermann,San Jose de Oruro,0.5,3,COVER,2,2,0.25,-2,1,25,CUBIERTO,0 → 0.5,CUBIERTO,0 → 0.5,0.25
2907870,Sakaryaspor U19,Istanbulspor U19,0.25,2.75,NO_COVER,1,4,-0.75,0,-0.75,-9,NO CUBIERTO,-0.25 → 0.25,NO CUBIERTO,0.5 → 0.25,1.0
2907873,Pendikspor U19,Umraniyespor U19,0.75,3,COVER,2,0,0.75,10,0,9,CUBIERTO,0 → 0.75,CUBIERTO,0 → 0.75,0.0
2907989,Nabrouh,Sed Elmahla,0.75,2,NO_COVER,0,1,0.25,-9,0.5,42,N/A,N/A,N/A,N/A,0.5
2907990,Aguilas Teotihuacan,Atletico Huejutla,0.25,3.25,COVER,4,2,-1.5,-26,2.75,0,N/A,N/A,N/A,N/A,1.75
2907991,Doma United,Sokoto United FC,0.75,2.25,COVER,1,0,1,9,0.75,0,N/A,N/A,N/A,N/A,-0.25
2907992,Abia Angels FC (W),Osun Babes (W),0.25,2.25,COVER,2,0,-0.75,8,0.5,79,N/A,N/A,N/A,N/A,1.0
2907993,Al Merreikh,Marines FC,0.5,2.25,COVER,1,0,0.75,-32,0.25,1,N/A,N/A,N/A,N/A,-0.25
2908008,Al-Arabi(JOR),Maan,0.75,2.25,COVER,0,0,0.25,-74,-0.5,-8,N/A,N/A,NO CUBIERTO,1 → 0.75,0.5
2908009,Dogra FC,Ethad Al-Ramtha,0.5,2.25,COVER,1,1,0.5,-42,-0.25,-20,N/A,N/A,N/A,N/A,0.0
2908013,Al Yarmouk,Sama SC,0.5,2.25,COVER,1,0,-0.5,-8,-0.5,-13,N/A,N/A,CUBIERTO,0 → 0.5,1.0
2908046,FC Robo (W),Delta Queens (W),0.75,2.75,COVER,2,0,1.75,54,0,14,NO CUBIERTO,0 → 0.75,NO CUBIERTO,0 → 0.75,-1.0
2908051,Al Hussein,Karbalaa,0.25,1.75,NO_COVER,1,2,0.5,51,-0.25,-20,N/A,N/A,N/A,N/A,-0.25
2861151,Benfica,Napoli,0.25,2.75,COVER,2,0,0.5,54,-0.25,-7,NO CUBIERTO,0 → 0.25,NO CUBIERTO,0 → 0.25,-0.25
2905722,Club Aurora,Malacateco,0.25,2.5,COVER,2,1,0.25,36,1.25,0,CUBIERTO,0.5 → 0.25,NO CUBIERTO,1 → 0.25,0.0
2908053,Green Valley FC,Numaligarh Refinery,0.75,3,COVER,2,1,0,28,0,52,N/A,N/A,N/A,N/A,0.75
2908028,Sabutaroti billisse B,Odishi 1919,0.5,2.25,COVER,2,2,-0.5,24,1.5,0,N/A,N/A,N/A,N/A,1.0
2901462,Vietnam U22,Malaysia U22,0.5,2.25,COVER,2,0,1.5,10,-1.25,-68,NO CUBIERTO,0 → 0.5,CUBIERTO,0 → 0.5,-1.0
2860751,Beijing Guoan,FC Macarthur,0.5,3,NO_COVER,1,2,1.75,22,0.5,43,N/A,N/A,NO CUBIERTO,0.25 → 0.5,-1.25
2885806,Al-Rayyan,Hottain (KSA),0.25,2.25,COVER,1,0,-,0,-,0,N/A,N/A,N/A,N/A,0
2860788,BG Pathum United,Tampines Rovers FC,0.5,3,NO_COVER,0,2,1.75,52,2.25,116,NO CUBIERTO,-1 → 0.5,NO CUBIERTO,-0.5 → 0.5,-1.25
2906431,Tersana SC,Tanta,0.5,1.75,COVER,1,1,0,13,0.5,-1,NO CUBIERTO,0.5 → 0.5,NO CUBIERTO,-0.25 → 0.5,0.5
2906434,Entebbe UPPC FC,Express FC,0.25,2.25,COVER,2,0,0.25,67,0.25,3,N/A,N/A,N/A,N/A,0.0
2908348,Guatemala U19,Honduras U19,0.25,2.75,COVER,0,0,0.75,0,0.5,5,N/A,N/A,N/A,N/A,-0.5
2908291,Amagaju,Rutsiro FC,0.25,1.75,NO_COVER,1,2,0,50,0.25,0,NO CUBIERTO,0.25 → 0.25,NO CUBIERTO,0.25 → 0.25,0.25
2859810,Plateau United,Rivers United,0.5,2,NO_COVER,1,2,0.75,6,0.5,10,CUBIERTO,0.75 → 0.5,CUBIERTO,0.75 → 0.5,-0.25
2884076,Sporting Football des Cascades,RC Bobo Dioulasso,0.5,1.5,COVER,1,1,0.5,0,0,31,N/A,N/A,N/A,N/A,0.0
2884078,CFFEB,Etoile Filante de Ouagadougou,0.25,1.75,COVER,1,0,0,0,1,19,N/A,N/A,N/A,N/A,0.25
2884080,Rahimo FC,ASFA-Yennega,0.75,1.75,COVER,0,0,1,19,0.25,-2,NO CUBIERTO,-0.25 → 0.75,CUBIERTO,-0.25 → 0.75,-0.25
2908022,Colley Stars,Gunjur United,0.5,2,COVER,2,1,0,2,0.25,1,CUBIERTO,0 → 0.5,CUBIERTO,0 → 0.5,0.5
2907483,Real Oruro,Nacional Potosi,0.25,3.5,NO_COVER,1,2,0.25,40,1.75,40,CUBIERTO,0 → 0.25,NO CUBIERTO,1 → 0.25,0.0
2908349,Panama U19,Costa Rica U19,0.25,2.5,COVER,0,0,0.5,5,0.75,0,N/A,N/A,N/A,N/A,-0.25
2908347,Nicaragua U19,Puerto Rico U19,0.25,2.5,NO_COVER,1,2,1,-9,2.5,73,N/A,N/A,N/A,N/A,-0.75
2862249,Rakow Czestochowa,HSK Zrinjski Mostar,0.75,2.5,COVER,1,0,0.25,22,1,15,N/A,N/A,N/A,N/A,0.5
2862196,Rapid Wien,Omonia Nicosia FC,0.5,2.5,NO_COVER,0,1,0.5,12,0.25,41,N/A,N/A,NO CUBIERTO,-0.25 → 0.5,0.0
2862183,Rijeka,NK Publikum Celje,0.25,2.25,COVER,3,0,0.25,54,0,-5,NO CUBIERTO,0.75 → 0.25,NO CUBIERTO,0.75 → 0.25,0.0
2862090,Panathinaikos,FC Viktoria Plzen,0.5,2.5,COVER,0,0,0.75,20,1.25,45,N/A,N/A,N/A,N/A,-0.25
2856866,Montego Bay Utd,Harbour View FC,0.75,2.75,COVER,4,4,1,0,1.25,18,CUBIERTO,1 → 0.75,CUBIERTO,1 → 0.75,-0.25
2900788,Gzira United,Naxxar Lions,0.25,2.5,COVER,3,1,0.5,9,0.5,-14,NO CUBIERTO,0.5 → 0.25,CUBIERTO,-0.25 → 0.25,-0.25
2907482,Academia del Balompie Boliviano,Oriente Petrolero,0.5,3,COVER,5,2,-1.25,-32,0.25,11,N/A,N/A,NO CUBIERTO,1 → 0.5,1.75
2834835,Aston Villa (W),Liverpool (W),0.5,2.5,COVER,3,0,0.5,26,2,46,N/A,N/A,N/A,N/A,0.0
2862264,Hacken,AEK Larnaca,0.25,2.25,COVER,1,1,-0.25,31,0.25,54,N/A,N/A,N/A,N/A,0.5
2908954,FC Hapoel Bnei Ashdod,Hapoel Ashkelon,0.25,2.75,NO_COVER,0,1,-0.5,24,0.75,4,CUBIERTO,1.25 → 0.25,CUBIERTO,1.25 → 0.25,0.75
2862229,Breidablik,Shamrock Rovers,0.75,2.5,COVER,3,1,-1,-28,1.5,94,CUBIERTO,0.25 → 0.75,CUBIERTO,0.25 → 0.75,1.75
2862108,Midtjylland,Racing Genk,0.5,3,COVER,1,0,0.25,44,0.75,45,N/A,N/A,N/A,N/A,0.25
2862022,Ferencvarosi TC,Glasgow Rangers,0.25,2.5,COVER,2,1,0.75,11,0.25,-10,N/A,N/A,N/A,N/A,-0.5
2906435,SC Villa,URA Kampala,0.5,2,COVER,3,0,0.25,7,0.75,15,CUBIERTO,0.25 → 0.5,NO CUBIERTO,0.25 → 0.5,0.25
2861931,Al Wehdat SC,Al-Ahly,0.25,2,COVER,4,1,1.25,10,2,33,CUBIERTO,1.25 → 0.25,NO CUBIERTO,-1 → 0.25,-1.0
2908017,Atletico Junior Barranquilla,Deportes Tolima,0.5,2.25,COVER,3,0,0.5,-8,0.5,14,NO CUBIERTO,0.5 → 0.5,NO CUBIERTO,0.5 → 0.5,0.0
2909220,Inter Miami CF Academy,North Miami Island Soccer Academy,0.75,3,COVER,4,2,0.75,0,0.25,7,NO CUBIERTO,0.25 → 0.75,NO CUBIERTO,0.25 → 0.75,0.0
2892672,San Juan Jabloteh,La Horquetta Rangers FC,0.25,3.25,COVER,2,1,-1,-2,0.75,28,CUBIERTO,1.25 → 0.25,CUBIERTO,1.25 → 0.25,1.25
2892671,National Defense Forces,Prison Service FC,0.5,2.75,COVER,2,1,-,0,0.25,0,CUBIERTO,4.75 → 0.5,N/A,N/A,0
2909349,CD Victoria La Ceiba Reserves,Lobos UPNFM Reserves,0.25,3,COVER,6,2,1.25,7,0.25,24,CUBIERTO,-0.25 → 0.25,NO CUBIERTO,0.5 → 0.25,-1.0
2813582,SCU Torreense,Feirense,0.5,2.25,NO_COVER,2,3,0.25,-27,0.75,-1,NO CUBIERTO,0.5 → 0.5,NO CUBIERTO,0 → 0.5,0.25
2909204,La Habana,Villa Clara,0.25,2.75,COVER,1,0,1.25,0,0.75,12,CUBIERTO,1 → 0.25,CUBIERTO,-2.25 → 0.25,-1.0
2900790,Hibernians FC,Tarxien Rainbows F.C,0.75,2.5,COVER,1,0,0.5,-14,0.75,0,CUBIERTO,2 → 0.75,CUBIERTO,-0.75 → 0.75,0.25
2804452,Real Sociedad,Girona,0.75,2.5,NO_COVER,1,2,0,13,0.25,-6,CUBIERTO,0.25 → 0.75,CUBIERTO,0.25 → 0.75,0.75
2798256,West Bromwich(WBA),Sheffield United,0.25,2.25,COVER,2,0,0.5,42,0.5,30,NO CUBIERTO,0.25 → 0.25,NO CUBIERTO,0.5 → 0.25,-0.25
2909203,Wayside Celtic,Killester Donnycarne,0.5,3,COVER,6,1,-1,-8,0.5,22,NO CUBIERTO,0.25 → 0.5,NO CUBIERTO,0.25 → 0.5,1.5
2829113,Cray Wanderers,Whitehawk,0.5,2.75,NO_COVER,1,2,0,0,0,12,NO CUBIERTO,0.5 → 0.5,NO CUBIERTO,0 → 0.5,0.5
2793856,Larne FC,Glentoran FC,0.5,2.25,COVER,1,0,0.25,4,-1,-24,NO CUBIERTO,0.25 → 0.5,NO CUBIERTO,0.25 → 0.5,0.25
2800154,Angers,Nantes,0.25,2.25,COVER,4,1,-0.75,-35,1.25,57,CUBIERTO,0 → 0.25,CUBIERTO,0 → 0.25,1.0
2791855,Standard Liege,Oud-Heverlee Leuven,0.25,2.25,NO_COVER,0,1,0.25,94,1,22,NO CUBIERTO,0.25 → 0.25,NO CUBIERTO,0.25 → 0.25,0.0
2784626,Lecce,Pisa,0.25,2,COVER,1,0,0,-8,0.5,42,CUBIERTO,0.75 → 0.25,CUBIERTO,0.75 → 0.25,0.25
2837553,JuventusU23,US Pianese,0.25,2.25,COVER,0,0,0,0,0.25,41,CUBIERTO,0.5 → 0.25,CUBIERTO,0.5 → 0.25,0.25
2839554,Palermo,Sampdoria,0.75,2.5,COVER,1,0,0.75,-6,0.25,-28,NO CUBIERTO,0.25 → 0.75,NO CUBIERTO,0 → 0.75,0.0
2807813,Cultural Leonesa,SD Huesca,0.25,2,NO_COVER,0,2,0,-17,1,96,CUBIERTO,0 → 0.25,CUBIERTO,0 → 0.25,0.25
2807392,CE Europa,Antequera CF,0.5,2,COVER,2,0,0.25,6,0.75,24,N/A,N/A,N/A,N/A,0.25
2871392,MVV Maastricht,Jong Ajax (Youth),0.25,3.25,COVER,2,1,-0.5,-14,1.25,11,CUBIERTO,0.5 → 0.25,NO CUBIERTO,0.25 → 0.25,0.75
2871388,Dordrecht,FC Eindhoven,0.75,3,NO_COVER,3,4,1,9,1.25,-24,NO CUBIERTO,0.75 → 0.75,NO CUBIERTO,-0.25 → 0.75,-0.25
2871389,Emmen,Helmond Sport,0.5,3,COVER,4,1,0.5,16,0.75,48,NO CUBIERTO,0.5 → 0.5,NO CUBIERTO,0 → 0.5,0.0
2871390,AZ Alkmaar (Youth),FC Utrecht (Youth),0.5,3.25,NO_COVER,1,4,0.5,19,1,9,CUBIERTO,1 → 0.5,NO CUBIERTO,-0.5 → 0.5,0.0
2871386,De Graafschap,Roda JC,0.5,3.25,NO_COVER,2,3,1.25,-24,-0.5,-14,CUBIERTO,0.75 → 0.5,NO CUBIERTO,0 → 0.5,-0.75
2871387,Den Bosch,VVV Venlo,0.25,3,NO_COVER,0,1,0,-16,1,41,NO CUBIERTO,0.25 → 0.25,CUBIERTO,0.25 → 0.25,0.25
2857393,Cardiff City U21,Queens Park R U21,0.25,3.5,COVER,3,1,1,26,0.5,-14,NO CUBIERTO,1.25 → 0.25,NO CUBIERTO,1.25 → 0.25,-0.75
2847830,FC Rouen,Quevilly,0.75,2.25,COVER,1,0,0.75,52,0.75,16,CUBIERTO,0.25 → 0.75,NO CUBIERTO,0 → 0.75,0.0
2847405,Nancy,Clermont,0.5,2.25,COVER,1,0,0.25,28,0.75,35,CUBIERTO,-0.25 → 0.5,CUBIERTO,-0.25 → 0.5,0.25
2846273,Seraing U21,Beerschot Wilrijk U21,0.5,3.25,COVER,4,1,1.75,34,1.5,19,NO CUBIERTO,-0.75 → 0.5,N/A,N/A,-1.25
2814355,KVSK Lommel,Gent B,0.75,2.75,COVER,2,0,-0.5,-12,0.5,5,N/A,N/A,N/A,N/A,1.25
2829896,Racing Genk (W),Westerlo (W),0.25,2.25,NO_COVER,2,3,-2.25,-22,0,-22,CUBIERTO,0.75 → 0.25,NO CUBIERTO,-0.25 → 0.25,2.5
2847828,Orleans US 45,Versailles 78,0.25,2.25,COVER,2,0,0.5,30,0,19,NO CUBIERTO,0.5 → 0.25,NO CUBIERTO,0.5 → 0.25,-0.25
2847827,Le Puy Foot 43 Auvergne,Fleury Merogis U.S.,0.5,2.25,COVER,2,1,0.75,16,0.5,29,N/A,N/A,N/A,N/A,-0.25
2831225,Bayonne,Avranches,0.5,2.25,COVER,2,1,0.5,3,-0.5,8,N/A,N/A,N/A,N/A,0.0
2831229,La Roche VF,Stade Poitevin,0.75,2.25,COVER,4,0,0.25,27,-,0,CUBIERTO,0.25 → 0.75,CUBIERTO,0.25 → 0.75,0.5
2813575,Porto B,Penafiel,0.5,2.25,COVER,1,0,0,-4,0.75,29,CUBIERTO,0.25 → 0.5,CUBIERTO,0.25 → 0.5,0.5
2813314,SV Babelsberg 03,ZFC Meuselwitz,0.5,2.75,NO_COVER,2,3,-0.25,0,0.5,0,NO CUBIERTO,0.5 → 0.5,NO CUBIERTO,0.25 → 0.5,0.75
2908045,Algeria,United Arab Emirates,0.5,2.25,COVER,1,1,0.75,47,-0.25,-5,CUBIERTO,0.5 → 0.5,CUBIERTO,0.5 → 0.5,-0.25
2799856,Dynamo Dresden,Eintracht Braunschweig,0.25,2.75,NO_COVER,2,3,0,-8,0.75,7,CUBIERTO,0.5 → 0.25,CUBIERTO,0.5 → 0.25,0.25
2906664,Kampala City Council FC,NEC FC Bugolobi,0.75,2,COVER,2,1,0.75,15,-0.25,-21,NO CUBIERTO,0.75 → 0.75,NO CUBIERTO,0 → 0.75,0.0
2874126,Nea Salamis,Karmiotissa Polemidion,0.75,2.25,COVER,0,0,1,11,-0.5,0,N/A,N/A,N/A,N/A,-0.25
2803726,FC Liefering,Rapid Vienna (Youth),0.75,3,COVER,1,0,0.5,40,0.5,-24,NO CUBIERTO,0.5 → 0.75,NO CUBIERTO,0 → 0.75,0.25
2812983,Kasimpasa,Genclerbirligi,0.5,2.5,COVER,0,0,-0.25,29,0.5,28,CUBIERTO,0.5 → 0.5,CUBIERTO,-0.75 → 0.5,0.75
2908406,Bhantal FC,BAI Bureh Warriors,0.25,1.75,COVER,1,1,0.25,0,-0.25,0,NO CUBIERTO,0.25 → 0.25,NO CUBIERTO,0.25 → 0.25,0.0
2884082,Sally Tas,AJEB,0.25,1.75,NO_COVER,0,1,0,0,1,13,N/A,N/A,N/A,N/A,0.25
2870268,Heart of Lions,Aduana Stars,0.5,1.75,NO_COVER,0,1,0.75,72,-,0,CUBIERTO,1 → 0.5,CUBIERTO,1 → 0.5,-0.25
2884081,US Forces Armees,ASF Bobo Dioulasso,0.5,1.75,COVER,1,0,1,13,0.25,4,N/A,N/A,NO CUBIERTO,0.25 → 0.5,-0.5
2835945,Sepsi OSK Sfantul Gheorghe,Concordia Chiajna,0.5,2.5,COVER,3,1,0.75,31,0.25,2,CUBIERTO,0.5 → 0.5,CUBIERTO,0.5 → 0.5,-0.25
2908973,AS Douanes de Niamey,Olympic FC,0.75,1.75,COVER,3,1,-0.5,-39,1,26,CUBIERTO,0.75 → 0.75,CUBIERTO,0.75 → 0.75,1.25
2801275,Torino U20,Genoa U20,0.25,2.5,COVER,3,3,-,0,-,0,N/A,N/A,N/A,N/A,0
2821970,Tire 2021 FK,Efeler 09,0.5,2.5,COVER,1,0,0.25,0,-,0,N/A,N/A,N/A,N/A,0.25
2821966,Izmir Coruhlu,Altay Spor Kulubu,0.25,2.25,NO_COVER,0,1,-,10,-,0,N/A,N/A,N/A,N/A,0
2810016,PFC Oleksandria,Kudrivka,0.5,2.25,COVER,1,1,0.25,-3,1.5,1,N/A,N/A,NO CUBIERTO,-0.75 → 0.5,0.25
2909205,Jomo Cosmos,Wits University,0.25,2,COVER,1,1,0.25,-7,0,-14,N/A,N/A,CUBIERTO,0.25 → 0.25,0.0
2881876,Nairobi United,Muranga Seal,0.5,1.75,COVER,1,1,0.75,14,0.5,18,N/A,N/A,N/A,N/A,-0.25
2906663,Airtel Kitara FC,Ma Lu,0.75,2.25,COVER,2,0,0.25,-2,1.25,0,N/A,N/A,N/A,N/A,0.5
2908335,Police(RWA),Gasogi Utd,0.75,2,COVER,1,0,0.75,-5,0,50,CUBIERTO,0.25 → 0.75,CUBIERTO,-0.25 → 0.75,0.0
2855939,Kafr Qasim,Ironi Modiin,0.25,2.5,COVER,0,0,0.25,-19,0.75,22,N/A,N/A,CUBIERTO,-0.25 → 0.25,0.0
2855936,Hapoel Raanana,Hapoel Nof HaGalil,0.25,2.25,COVER,2,2,-0.25,-8,0.5,21,NO CUBIERTO,0.5 → 0.25,NO CUBIERTO,0.5 → 0.25,0.5
2906667,Wasl Dubai U21,Al Urooba U21,0.25,3.5,COVER,2,2,1.5,12,0.5,16,N/A,N/A,CUBIERTO,0 → 0.25,-1.25
2908390,SAK Football (W),Al Mokawloon Al Arab (W),0.25,3.25,NO_COVER,2,3,0.75,10,-3.5,0,N/A,N/A,N/A,N/A,-0.5
2906432,Telecom Egypt,El Entag Al Harby,0.25,2,NO_COVER,1,2,0.5,-1,0.5,10,NO CUBIERTO,0.5 → 0.25,N/A,N/A,-0.25
2852474,Al-Jndal,Jubail,0.25,2.25,COVER,1,0,0,-13,0.5,2,CUBIERTO,0.25 → 0.25,NO CUBIERTO,0.25 → 0.25,0.25
2908959,Nairobi Star City,Equity FC,0.5,1.5,COVER,2,0,0.5,16,0.25,41,N/A,N/A,N/A,N/A,0.0
2908961,Nzoia United,Kabati Youth,0.5,1.75,COVER,0,0,0.5,35,1,-1,N/A,N/A,N/A,N/A,0.0
2908958,Migori Youth,Mombasa United,0.5,1.75,COVER,3,2,0.5,18,0.5,16,NO CUBIERTO,0.75 → 0.5,NO CUBIERTO,0.75 → 0.5,0.0
2908325,Alexandria,ACS Academica Bals,0.5,2.75,COVER,0,0,0.75,-6,0,-10,N/A,N/A,N/A,N/A,-0.25
2908324,FC Otelul Galati II,CSM Ramnicu Sarat,0.25,3.25,NO_COVER,4,5,-0.75,0,1.75,19,N/A,N/A,NO CUBIERTO,0 → 0.25,1.0
2908323,Inainte Modelu,FC Agricola Borcea,0.5,3.25,COVER,2,2,2,29,-0.75,-22,NO CUBIERTO,0.75 → 0.5,NO CUBIERTO,0.75 → 0.5,-1.5
2881873,Bidco United,Mathare United,0.25,1.75,COVER,0,0,0.25,25,0.75,14,CUBIERTO,0.25 → 0.25,CUBIERTO,0.25 → 0.25,0.0
2881881,Kakamega Homeboyz,Shabana FC,0.25,1.75,COVER,2,2,0.75,0,0.5,6,CUBIERTO,0.25 → 0.25,CUBIERTO,0.25 → 0.25,-0.5
2881877,APS Bomet,Posta Rangers,0.25,2,COVER,0,0,0,6,0.25,25,N/A,N/A,N/A,N/A,0.25
2868353,Ludogorets Razgrad II,FC Hebar Pazardzhik,0.5,2.25,COVER,2,1,0.5,16,1.5,7,CUBIERTO,-0.25 → 0.5,N/A,N/A,0.0
2858960,Chonburi Shark FC,DP Kanchanaburi,0.5,2.75,COVER,1,1,-0.75,-91,2.25,13,CUBIERTO,0.5 → 0.5,CUBIERTO,0.5 → 0.5,1.25
2838065,Chanthaburi FC,Pattani,0.5,2.5,NO_COVER,1,2,0.5,6,-0.25,-21,N/A,N/A,N/A,N/A,0.0
2821964,Anadolu Universitesi,Usakspor,0.25,2.25,NO_COVER,1,2,-,14,-,0,N/A,N/A,N/A,N/A,0
2839878,Detonit Plachkovica,FK Skopje,0.25,2.75,COVER,1,0,2,63,-,0,N/A,N/A,NO CUBIERTO,0.25 → 0.25,-1.75
2821247,Inegol Kafkas Genclik,Galata,0.25,2.25,COVER,4,0,1,0,-0.5,0,N/A,N/A,N/A,N/A,-0.75
2821243,Yldrm Belediyesispor,Beykoz Ishakli Spor,0.25,2.25,COVER,3,2,-0.5,0,0.25,0,N/A,N/A,N/A,N/A,0.75
2908280,Tzeirey Kafr Kana U19,Maccabi Tzur ShalomU19,0.25,3,NO_COVER,1,2,-0.5,-30,0,6,NO CUBIERTO,0.25 → 0.25,NO CUBIERTO,0.25 → 0.25,0.75
2908399,NF Railway,United Chirang Duar FC,0.25,2.75,NO_COVER,1,3,-0.25,5,0,28,N/A,N/A,N/A,N/A,0.5
2882260,Bashundhara Kings,Mohammedan Dhaka,0.75,2.75,COVER,2,0,1,-6,-,0,NO CUBIERTO,0 → 0.75,CUBIERTO,0 → 0.75,-0.25
2866835,Tzeirey Um El Fahem,FC Tzeirey Tamra,0.5,2.5,COVER,2,1,-0.25,16,-0.75,1,N/A,N/A,N/A,N/A,0.75
2821723,Yeni Amasya Spor,Artvin Hopaspor,0.25,2.25,COVER,3,2,-,0,-,0,N/A,N/A,N/A,N/A,0
2821484,Diyarbakirspor,Erciyes 38,0.25,2.25,NO_COVER,1,2,0.25,-45,-,0,N/A,N/A,N/A,N/A,0.0
2801273,Parma U20,S.S.D. Monza 1912 U20,0.5,3,COVER,2,1,0.5,22,-,0,NO CUBIERTO,0.25 → 0.5,NO CUBIERTO,0.25 → 0.5,0.0
2908404,ANSE Reunion,Foresters FC,0.25,2.75,NO_COVER,1,2,0.75,0,0.25,0,N/A,N/A,NO CUBIERTO,0.25 → 0.25,-0.5
2856416,Maccabi Yavne,Hapoel Azor,0.5,2.25,COVER,1,1,1,16,1.25,19,CUBIERTO,0.75 → 0.5,NO CUBIERTO,-0.25 → 0.5,-0.5
2856414,Kfar Saba 1928,MS Jerusalem,0.25,2.5,NO_COVER,0,4,1.25,19,0,4,N/A,N/A,N/A,N/A,-1.0
2909021,Zetech Sparks FC (W),Soccer Assassins (W),0.25,2,COVER,1,1,-0.25,-23,-1,-19,N/A,N/A,N/A,N/A,0.5
2856420,Sport Club Dimona,Maccabi Lroni Kiryat Malakhi,0.25,2.25,COVER,1,0,-,0,0.25,7,CUBIERTO,1.25 → 0.25,NO CUBIERTO,-0.25 → 0.25,0
2908398,Maccabi Ironi Netivot,MS Hapoel Yeroham,0.25,3.25,COVER,3,0,0,-10,-0.5,24,NO CUBIERTO,-0.75 → 0.25,NO CUBIERTO,-0.75 → 0.25,0.25
2908341,USM El Harrach U20,JS Tixeraine U20,0.25,2.5,COVER,1,0,-1.25,-31,0.5,10,N/A,N/A,N/A,N/A,1.5
2908996,Bahir Dar Kenema FC (W),Lideta Sub City (W),0.25,2,COVER,1,0,0.25,-7,1.25,30,CUBIERTO,-0.25 → 0.25,CUBIERTO,-0.25 → 0.25,0.0
2908342,Olympique Akbou U20,NA Hussein Dey U20,0.25,2.25,COVER,3,2,-1,43,-1.25,-31,N/A,N/A,N/A,N/A,1.25
2908952,Beitar Shimshon Tel Aviv U19,AS Nordia Jerusalem U19,0.5,2.25,COVER,3,2,0.25,9,1,31,NO CUBIERTO,0.5 → 0.5,NO CUBIERTO,0.5 → 0.5,0.25
2908378,Persikota Tangerang,Perserang Serang,0.25,2,COVER,3,1,0,44,0.5,9,N/A,N/A,N/A,N/A,0.25
2784630,Torino,Cremonese,0.5,2.25,COVER,1,0,-0.5,-27,1.25,56,CUBIERTO,0.25 → 0.5,CUBIERTO,0.25 → 0.5,1.0
2789020,Puskas Akademia,Diosgyor VTK,0.75,2.75,COVER,2,1,-0.5,-17,0,4,CUBIERTO,1.5 → 0.75,NO CUBIERTO,-0.5 → 0.75,1.25
2789284,Liverpool,Brighton Hove Albion,0.75,3,COVER,2,0,1.25,53,0,27,CUBIERTO,1.25 → 0.75,NO CUBIERTO,-0.25 → 0.75,-0.5
2791597,Livingston,Dundee,0.5,2.5,COVER,2,2,-0.25,34,2.75,64,NO CUBIERTO,0 → 0.5,NO CUBIERTO,0.25 → 0.5,0.75
2791854,Zulte-Waregem,LaLouviere,0.25,2.5,COVER,2,2,0,-30,0.5,28,CUBIERTO,0.5 → 0.25,NO CUBIERTO,0.25 → 0.25,0.25
2791858,Cercle Brugge,Mechelen,0.75,3,NO_COVER,2,3,0.5,28,1,43,CUBIERTO,0.25 → 0.75,NO CUBIERTO,0 → 0.75,0.25
2792047,Greenock Morton,Airdrie United,0.5,2.25,NO_COVER,0,1,0.5,24,0.75,22,NO CUBIERTO,1 → 0.5,CUBIERTO,0 → 0.5,0.0
2792049,Raith Rovers,Ross County,0.25,2.25,COVER,6,0,1,18,0.25,-8,NO CUBIERTO,0 → 0.25,NO CUBIERTO,0 → 0.25,-0.75
2792221,Alloa Athletic,Queen of South,0.25,2.5,NO_COVER,0,2,0.5,13,1,15,NO CUBIERTO,0.25 → 0.25,NO CUBIERTO,0.25 → 0.25,-0.25
2792223,Inverness,Hamilton Academical,0.75,2.5,COVER,4,0,1,15,-0.25,29,NO CUBIERTO,0.25 → 0.75,NO CUBIERTO,-0.25 → 0.75,-0.25
2792399,Annan Athletic,Forfar Athletic,0.25,2.5,COVER,3,1,-0.5,-4,0.5,7,NO CUBIERTO,0.25 → 0.25,NO CUBIERTO,0.5 → 0.25,0.75
2792401,Edinburgh City,Clyde,0.25,2.75,NO_COVER,1,4,0.25,-19,0,16,CUBIERTO,0 → 0.25,NO CUBIERTO,0.25 → 0.25,0.0
2792402,Elgin City,Stranraer,0.5,2.5,NO_COVER,1,2,0,16,1,-4,CUBIERTO,0.75 → 0.5,NO CUBIERTO,-0.25 → 0.5,0.5
2793149,Stade Ouchy,Yverdon,0.25,2.75,COVER,4,0,0.5,23,-0.25,11,CUBIERTO,0 → 0.25,NO CUBIERTO,0.25 → 0.25,-0.25
2793256,FC Sion,Grasshopper,0.75,2.75,COVER,1,0,0,-14,0.5,-17,NO CUBIERTO,0.25 → 0.75,CUBIERTO,0 → 0.75,0.75
2794069,Tatran Presov,Michalovce,0.25,2.5,NO_COVER,0,1,0.5,-23,1.5,21,NO CUBIERTO,-2 → 0.25,CUBIERTO,0.5 → 0.25,-0.25
2794070,MFK Ruzomberok,Trencin,0.75,2.75,COVER,0,0,0.25,17,1.25,16,CUBIERTO,0.25 → 0.75,CUBIERTO,0.5 → 0.75,0.5
2794413,Ballinamallard United,Warrenpoint Town,0.25,3,NO_COVER,0,4,0,0,-0.25,-17,N/A,N/A,N/A,N/A,0.25
2794777,Hradec Kralove,Mlada Boleslav,0.75,2.75,COVER,1,1,0,23,1.5,21,CUBIERTO,0.25 → 0.75,NO CUBIERTO,0.25 → 0.75,0.75
2794778,Banik Ostrava,Pardubice,0.75,2.75,NO_COVER,1,4,0.75,-4,2,57,CUBIERTO,1.75 → 0.75,NO CUBIERTO,0 → 0.75,0.0
2794782,Teplice,Synot Slovacko,0.25,2.25,COVER,1,0,-1,-36,2,25,CUBIERTO,0.5 → 0.25,NO CUBIERTO,0.25 → 0.25,1.25
2795149,ZNK Osijek,HNK Gorica,0.5,2.25,COVER,1,1,0.5,5,0.5,21,NO CUBIERTO,0.5 → 0.5,CUBIERTO,-0.25 → 0.5,0.0
2795536,FK Graficar Beograd,Semendrija 1924,0.5,2.25,COVER,0,0,-0.25,18,0.25,3,CUBIERTO,0.75 → 0.5,CUBIERTO,0.25 → 0.5,0.75
2795540,FK Trajal Krusevac,FAP,0.5,2,COVER,2,0,0.25,3,0.5,-9,N/A,N/A,NO CUBIERTO,0.25 → 0.5,0.25
2795751,Cukaricki Stankom,Radnik Surdulica,0.75,2.5,COVER,1,1,0.75,-42,0.5,59,NO CUBIERTO,1.25 → 0.75,NO CUBIERTO,0 → 0.75,0.0
2795758,FK Zeleznicar Pancevo,IMT Novi Beograd,0.75,2.5,COVER,1,0,0.25,27,0.75,-42,CUBIERTO,0.5 → 0.75,CUBIERTO,0.25 → 0.75,0.5
2797222,Arges,FC Botosani,0.25,2,COVER,0,0,-0.25,-8,-0.25,-16,NO CUBIERTO,-0.25 → 0.25,NO CUBIERTO,0.5 → 0.25,0.5
2797684,Barnsley,Leyton Orient,0.25,2.75,COVER,3,2,-0.25,-14,0,14,NO CUBIERTO,0.5 → 0.25,NO CUBIERTO,0.5 → 0.25,0.5
2797687,Bradford City,Reading,0.5,2.5,COVER,2,0,0.75,-16,0,17,NO CUBIERTO,0 → 0.5,NO CUBIERTO,0.5 → 0.5,-0.25
2797689,Huddersfield Town,Wigan Athletic,0.25,2.25,COVER,1,1,0.75,58,0,-9,CUBIERTO,0.75 → 0.25,NO CUBIERTO,-0.25 → 0.25,-0.5
2797690,Luton Town,Port Vale,0.75,2.25,COVER,2,2,0,50,0.5,-9,CUBIERTO,1 → 0.75,NO CUBIERTO,-0.5 → 0.75,0.75
2797691,Peterborough United,Northampton Town,0.5,2.25,COVER,2,1,0,4,0.25,-5,NO CUBIERTO,0.75 → 0.5,NO CUBIERTO,0.75 → 0.5,0.5
2797692,Plymouth Argyle,Rotherham United,0.25,2.25,COVER,1,0,-0.25,-9,0.5,27,CUBIERTO,0.75 → 0.25,CUBIERTO,-0.5 → 0.25,0.5
2797693,Stockport County,Stevenage Borough,0.25,2.25,NO_COVER,1,3,0.5,19,0.25,25,CUBIERTO,0.5 → 0.25,CUBIERTO,0.5 → 0.25,-0.25
2797694,Cardiff City,Doncaster Rovers,0.75,2.75,COVER,4,3,0.5,11,0.5,9,CUBIERTO,1 → 0.75,NO CUBIERTO,-0.5 → 0.75,0.25
2798250,Middlesbrough,Queens Park Rangers (QPR),0.5,2.75,COVER,3,1,0.75,28,0.25,-6,CUBIERTO,0.75 → 0.5,CUBIERTO,0.75 → 0.5,-0.25
2798251,Millwall,Hull City,0.5,2.5,NO_COVER,1,3,-0.25,42,0.75,18,NO CUBIERTO,0.5 → 0.5,NO CUBIERTO,0.5 → 0.5,0.75
2798257,Stoke City,Swansea City,0.75,2.5,COVER,2,1,0.75,18,0.5,42,CUBIERTO,0.25 → 0.75,CUBIERTO,0.25 → 0.75,0.0
2798258,Wrexham,Watford,0.25,2.25,COVER,2,2,0.25,13,0.5,14,N/A,N/A,N/A,N/A,0.0
2798789,Cheltenham Town,Harrogate Town,0.5,2.5,COVER,1,1,-0.25,-28,1.5,40,CUBIERTO,0.5 → 0.5,NO CUBIERTO,0 → 0.5,0.75
2798792,Gillingham,Barrow,0.5,2.25,COVER,2,2,0,-12,0,-12,CUBIERTO,0 → 0.5,NO CUBIERTO,0.25 → 0.5,0.5
2798793,Grimsby Town,Notts County,0.25,2.5,NO_COVER,0,2,0.75,25,0,81,NO CUBIERTO,0 → 0.25,NO CUBIERTO,0 → 0.25,-0.5
2798794,Milton Keynes Dons,Cambridge United,0.5,2.25,COVER,1,1,0.75,17,0,39,CUBIERTO,0.5 → 0.5,CUBIERTO,0.5 → 0.5,-0.25
2798795,Salford City,Colchester United,0.25,2.5,COVER,4,3,0.5,18,0.25,30,CUBIERTO,0 → 0.25,CUBIERTO,0 → 0.25,-0.25
2798797,Walsall,Shrewsbury Town,0.5,2.25,COVER,1,1,0.25,-4,0.25,-3,CUBIERTO,0 → 0.5,CUBIERTO,-0.25 → 0.5,0.25
2799526,Borussia Monchengladbach,VfL Wolfsburg,0.5,3,NO_COVER,1,3,-0.25,-29,1,43,NO CUBIERTO,0.25 → 0.5,NO CUBIERTO,0.25 → 0.5,0.75
2799529,TSG Hoffenheim,Hamburger SV,0.75,3,COVER,4,1,1,33,0.25,10,CUBIERTO,1.25 → 0.75,CUBIERTO,1.25 → 0.75,-0.25
2799530,St. Pauli,Heidenheimer,0.5,2.25,COVER,2,1,0,32,0.75,10,NO CUBIERTO,0.25 → 0.5,CUBIERTO,0 → 0.5,0.5
2799848,Arminia Bielefeld,Kaiserslautern,0.25,2.75,COVER,0,0,0.5,34,-0.25,-2,NO CUBIERTO,0 → 0.25,CUBIERTO,0 → 0.25,-0.25
2799854,Magdeburg,Holstein Kiel,0.25,3,COVER,3,3,0.25,36,-0.25,17,NO CUBIERTO,0.25 → 0.25,NO CUBIERTO,0.25 → 0.25,0.0
2800161,Rennes,Stade Brestois,0.5,2.75,COVER,3,1,0,-1,0.75,9,NO CUBIERTO,0.25 → 0.5,NO CUBIERTO,0.25 → 0.5,0.5
2800432,TSV Hartberg,WSG Swarovski Tirol,0.25,2.5,COVER,2,1,-0.25,-56,0.75,-7,CUBIERTO,0.5 → 0.25,NO CUBIERTO,0 → 0.25,0.5
2800433,SV Ried,Rheindorf Altach,0.25,2.25,COVER,3,0,0,35,0,24,NO CUBIERTO,0.5 → 0.25,NO CUBIERTO,0.5 → 0.25,0.25
2800853,NK Siroki Brijeg,Posusje,0.5,2.25,COVER,1,1,0.5,61,1.75,19,NO CUBIERTO,0.75 → 0.5,NO CUBIERTO,0.25 → 0.5,0.0
2800855,FK Zeljeznicar,Radnik Bijeljina,0.75,2.25,COVER,0,0,0.75,13,0.5,61,NO CUBIERTO,0.75 → 0.75,NO CUBIERTO,0.5 → 0.75,0.0
2801037,Hapoel Haifa,Ironi Tiberias,0.5,2.75,COVER,2,0,0,-46,0.5,18,CUBIERTO,0.25 → 0.5,NO CUBIERTO,-0.25 → 0.5,0.5
2801042,Ashdod MS,Hapoel Jerusalem,0.25,2.5,NO_COVER,0,2,0.5,18,1,60,NO CUBIERTO,0 → 0.25,CUBIERTO,0.25 → 0.25,-0.25
2804450,Mallorca,Elche,0.25,2.25,COVER,3,1,0.25,-18,0.5,5,NO CUBIERTO,0.5 → 0.25,NO CUBIERTO,0.5 → 0.25,0.0
2805892,Cambrian Clydach,Carmarthen,0.75,2.75,COVER,3,0,1,23,0.5,0,CUBIERTO,0.25 → 0.75,NO CUBIERTO,-0.25 → 0.75,-0.25
2806276,Caersws,Ruthin Town FC,0.5,3,COVER,5,1,0.5,2,2.25,50,CUBIERTO,0.5 → 0.5,NO CUBIERTO,0 → 0.5,0.0
2807015,Ponferradina,CD Arenteiro,0.5,2,NO_COVER,1,3,0.5,5,1.25,25,NO CUBIERTO,0.75 → 0.5,CUBIERTO,0 → 0.5,0.0
2807019,Real Madrid Castilla,CD Guadalajara,0.5,2.25,COVER,3,1,0.5,0,0.75,41,CUBIERTO,0.75 → 0.5,CUBIERTO,-1.75 → 0.5,0.0
2807393,Eldense,SD Tarazona,0.5,2,COVER,1,0,0.75,24,0.25,16,N/A,N/A,N/A,N/A,-0.25
2807398,Juventud Torremolinos CF,UD Marbella,0.25,2,COVER,1,1,0.25,-11,0.25,6,CUBIERTO,0.5 → 0.25,CUBIERTO,0 → 0.25,0.0
2807812,Cordoba,Eibar,0.25,2.25,COVER,0,0,0.5,28,0.5,-9,CUBIERTO,0.25 → 0.25,NO CUBIERTO,0.25 → 0.25,-0.25
2807815,Sporting Gijon,Granada CF,0.5,2.25,COVER,1,0,0.5,22,0,-17,NO CUBIERTO,0.25 → 0.5,NO CUBIERTO,0.25 → 0.5,0.0
2807817,Real Valladolid,Andorra FC,0.75,2.5,NO_COVER,0,1,0.5,-35,0.5,22,CUBIERTO,0.5 → 0.75,NO CUBIERTO,0 → 0.75,0.25
2808239,Numancia,Deportivo La Coruna B,0.25,2.25,NO_COVER,1,2,0.75,13,-0.5,-30,CUBIERTO,1 → 0.25,CUBIERTO,0 → 0.25,-0.5
2808551,UD Mutilve,Alfaro,0.25,2.25,COVER,0,0,0.25,-16,0.5,38,CUBIERTO,0.25 → 0.25,NO CUBIERTO,-0.25 → 0.25,0.0
2809470,CF Rayo Majadahonda,Fuenlabrada,0.5,2,COVER,1,0,0.75,22,0.25,0,NO CUBIERTO,0 → 0.5,CUBIERTO,0.75 → 0.5,-0.25
2810014,LNZ Cherkasy,Zorya,0.25,2.25,COVER,2,0,1,6,0.75,-1,NO CUBIERTO,0.25 → 0.25,NO CUBIERTO,0.25 → 0.25,-0.75
2810017,Polissya Zhytomyr,FC Karpaty Lviv,0.25,2.5,COVER,3,2,0.75,-1,0,-2,NO CUBIERTO,0.25 → 0.25,CUBIERTO,0 → 0.25,-0.5
2810936,Alemannia Aachen,FC Viktoria koln,0.25,2.5,NO_COVER,0,3,0.25,2,0.5,18,CUBIERTO,0.25 → 0.25,NO CUBIERTO,0 → 0.25,0.0
2810937,MSV Duisburg,Erzgebirge Aue,0.75,2.75,COVER,0,0,0.5,3,0.5,21,NO CUBIERTO,0 → 0.75,NO CUBIERTO,0 → 0.75,0.25
2810938,Ingolstadt,TSV 1860 Munchen,0.25,3,NO_COVER,1,2,0,12,-0.25,48,NO CUBIERTO,0.75 → 0.25,NO CUBIERTO,0 → 0.25,0.25
2810944,SC Verl,Rot-Weiss Essen,0.25,3,COVER,0,0,0.25,-3,-0.25,22,CUBIERTO,0.25 → 0.25,CUBIERTO,0.25 → 0.25,0.0
2812985,Caykur Rizespor,Eyupspor,0.5,2.5,COVER,3,0,0.5,30,0.5,38,CUBIERTO,0.25 → 0.5,CUBIERTO,0.25 → 0.5,0.0
2813317,Chemnitzer,FSV luckenwalde,0.5,2.5,COVER,3,3,0.5,0,0.25,0,CUBIERTO,0.75 → 0.5,NO CUBIERTO,-0.5 → 0.5,0.0
2813318,Rot-Weiss Erfurt,Berliner FC Dynamo,0.75,3,COVER,1,0,-0.5,0,0.5,0,CUBIERTO,0.5 → 0.75,CUBIERTO,0 → 0.75,1.25
2813574,Viseu,SC Farense,0.25,2.25,COVER,3,0,0.75,29,0,-43,CUBIERTO,0 → 0.25,CUBIERTO,0 → 0.25,-0.5
2813576,Uniao Leiria,FC Felgueiras,0.25,2.5,NO_COVER,2,3,0.5,-8,-0.25,-21,NO CUBIERTO,-0.25 → 0.25,NO CUBIERTO,0 → 0.25,-0.25
2815875,Amedspor,Bandirmaspor,0.75,2.5,COVER,2,1,0.5,43,0.5,4,CUBIERTO,0.5 → 0.75,CUBIERTO,0.5 → 0.75,0.25
2815880,Sariyer,Istanbulspor,0.25,2.75,NO_COVER,1,2,0.5,4,1,32,NO CUBIERTO,-0.25 → 0.25,NO CUBIERTO,0.25 → 0.25,-0.25
2815881,Serik Belediyespor,Manisa BB Spor,0.25,2.75,NO_COVER,0,1,-0.25,28,1.25,42,N/A,N/A,N/A,N/A,0.5
2815882,Sivasspor,Corum Belediyespor,0.25,2.5,COVER,1,1,0.25,-15,0.5,-15,N/A,N/A,N/A,N/A,0.0
2816240,ACV Assen,IJsselmeervogels,0.25,3.25,COVER,2,2,-0.5,-7,1.25,19,NO CUBIERTO,0.5 → 0.25,NO CUBIERTO,0.5 → 0.25,0.75
2816241,Excelsior Maassluis,Barendrecht,0.25,3,COVER,2,0,-0.25,-13,1.25,5,NO CUBIERTO,0.25 → 0.25,NO CUBIERTO,1 → 0.25,0.5
2816242,GVVV Veenendaal,Almere City Youth,0.25,2.75,NO_COVER,0,4,0.5,20,-0.5,0,NO CUBIERTO,0.75 → 0.25,NO CUBIERTO,0 → 0.25,-0.25
2816243,HHC Hardenberg,AFC Amsterdam,0.5,2.75,COVER,4,1,1.25,19,-0.25,-13,NO CUBIERTO,-0.25 → 0.5,NO CUBIERTO,-0.25 → 0.5,-0.75
2816244,HSV Hoek,De Treffers,0.25,3,COVER,2,1,1.25,5,0.5,9,N/A,N/A,N/A,N/A,-1.0
2816248,Spakenburg,Koninklijke HFC,0.75,3,COVER,3,2,0.5,9,0.5,6,N/A,N/A,N/A,N/A,0.25
2819259,Isparta 32 Spor,Hekimoglu Trabzon,0.75,2.5,NO_COVER,1,2,0,0,0.25,-15,CUBIERTO,0.25 → 0.75,CUBIERTO,0.25 → 0.75,0.75
2819261,Kahramanmaras Bld,Mardin BB,0.5,2.5,NO_COVER,0,1,1,32,-0.25,0,NO CUBIERTO,0 → 0.5,N/A,N/A,-0.5
2820221,Spennymoor Town,Buxton FC,0.25,2.75,COVER,2,2,0.75,-2,0,-3,NO CUBIERTO,0.25 → 0.25,NO CUBIERTO,0.25 → 0.25,-0.5
2821244,Bulvarspor,Nilufer Belediye,0.25,2.25,COVER,1,0,0,0,1,-2,N/A,N/A,N/A,N/A,0.25
2821488,Osmaniyespor,Turk Metal Kirikkale,0.5,2.5,COVER,3,0,-,0,-,-8,N/A,N/A,N/A,N/A,0
2821730,Zonguldak,Pazarspor,0.75,2.25,COVER,3,0,-,0,-,0,N/A,N/A,N/A,N/A,0
2821968,Kutahyaspor,Eskisehirspor,0.5,2.5,COVER,1,1,0.25,17,0.25,0,CUBIERTO,1.5 → 0.5,CUBIERTO,1.5 → 0.5,0.25
2822202,OFI Crete,Panserraikos,0.75,2.5,COVER,3,0,0,-33,1,16,CUBIERTO,0.5 → 0.75,CUBIERTO,0 → 0.75,0.75
2823774,SC Freiburg (W),SG Essen-Schonebeck (W),0.75,3,COVER,0,0,1.25,25,1,56,CUBIERTO,0 → 0.75,NO CUBIERTO,0 → 0.75,-0.5
2825248,Alverca U19,Tondela U19,0.25,2.5,COVER,3,0,0.5,-2,0.25,-6,NO CUBIERTO,0.5 → 0.25,NO CUBIERTO,0.75 → 0.25,-0.25
2825252,Sporting Lisbon U19,SC Uniao Torreense U19,0.75,2.5,COVER,1,1,1,-10,0.5,-2,NO CUBIERTO,1.25 → 0.75,CUBIERTO,0 → 0.75,-0.25
2828310,Bamber Bridge,Ashton United,0.25,2.5,NO_COVER,0,1,0.25,4,0.25,13,CUBIERTO,-0.25 → 0.25,NO CUBIERTO,0.5 → 0.25,0.0
2828312,Gainsborough Trinity,Stocksbridge Park Steels,0.75,2.5,COVER,1,1,0.5,8,0.5,0,N/A,N/A,CUBIERTO,-0.25 → 0.75,0.25
2828313,Hebburn Town,Morpeth Town,0.75,2.75,COVER,2,1,0.25,14,0.25,0,NO CUBIERTO,0.25 → 0.75,NO CUBIERTO,0 → 0.75,0.5
2828318,Stockton Town,Whitby Town,0.75,2.5,COVER,0,0,0.75,28,0.5,-8,N/A,N/A,NO CUBIERTO,-0.25 → 0.75,0.0
2828319,Warrington Rylands,Lancaster City,0.25,2.25,COVER,2,0,0.5,-8,0,-4,NO CUBIERTO,0 → 0.25,NO CUBIERTO,0 → 0.25,-0.25
2828657,Hamburger SV (Youth),St Pauli II,0.25,3.25,COVER,4,1,-0.5,0,0.5,0,CUBIERTO,0.25 → 0.25,CUBIERTO,0.25 → 0.25,0.75
2829109,Burgess Hill Town,Ramsgate,0.25,3,COVER,4,3,0.75,0,0,0,NO CUBIERTO,-0.5 → 0.25,NO CUBIERTO,-0.5 → 0.25,-0.5
2829112,Cray Valley Paper Mills,Wingate Finchley,0.25,2.75,COVER,4,1,-0.25,7,0,0,CUBIERTO,0.25 → 0.25,CUBIERTO,-0.25 → 0.25,0.5
2829115,Dulwich Hamlet,lewes,0.75,2.75,NO_COVER,1,4,0.5,-18,0.5,26,NO CUBIERTO,0 → 0.75,NO CUBIERTO,0 → 0.75,0.25
2829116,St Albans City,Chichester City,0.5,3,NO_COVER,1,2,1.5,5,1,0,N/A,N/A,N/A,N/A,-1.0
2829897,Club Brugge (W),Standard Liege (W),0.5,2.5,COVER,4,2,-0.25,-11,1.5,11,NO CUBIERTO,0.25 → 0.5,NO CUBIERTO,0 → 0.5,0.75
2829898,Anderlecht (W),Oud-Heverlee Leuven (W),0.5,2.5,NO_COVER,1,3,1.5,11,-0.25,-11,NO CUBIERTO,0.5 → 0.5,NO CUBIERTO,-0.5 → 0.5,-1.0
2831230,Lorient B,Saumur OL,0.25,2.5,COVER,2,2,-0.5,-16,-,0,N/A,N/A,N/A,N/A,0.75
2831470,Epinal,Blois,0.25,2.25,COVER,1,0,0.25,42,1,-14,N/A,N/A,N/A,N/A,0.0
2831473,St Pryve St Hilaire,Biesheim,0.25,2.25,COVER,2,1,0.25,10,-,0,N/A,N/A,N/A,N/A,0.0
2831707,Cannes AS,Nimes,0.25,2.25,COVER,0,0,0.75,11,0,-1,CUBIERTO,-0.25 → 0.25,N/A,N/A,-0.5
2831708,GFA Rumilly Vallieres,Toulon,0.5,2.25,COVER,2,2,1,1,-,0,N/A,N/A,NO CUBIERTO,0.5 → 0.5,-0.5
2831709,Hyeres,GOAL FC,0.25,2.25,COVER,3,1,0.25,32,-,0,N/A,N/A,N/A,N/A,0.0
2831710,Istres,GRACES,0.25,2.25,COVER,0,0,-,0,0.75,11,CUBIERTO,-0.25 → 0.25,CUBIERTO,-0.25 → 0.25,0
2831711,FC Limonest,Bobigny A.C.,0.25,2.25,COVER,1,0,-,0,0.25,-9,N/A,N/A,N/A,N/A,0
2831713,Saint-Priest,Frejus St-Raphael,0.25,2.25,COVER,3,3,-0.25,-12,-,0,NO CUBIERTO,-0.5 → 0.25,N/A,N/A,0.5
2832087,Poole Town,Uxbridge,0.75,3,COVER,3,1,-0.5,0,0,0,N/A,N/A,N/A,N/A,1.25
2832088,Sholing FC,Dorchester Town,0.75,2.75,COVER,2,1,0.75,0,0.25,29,NO CUBIERTO,0 → 0.75,NO CUBIERTO,0.75 → 0.75,0.0
2832091,Yate Town,Havant Waterlooville,0.25,3,NO_COVER,1,2,0.25,0,-0.25,12,N/A,N/A,N/A,N/A,0.0
2835937,Ceahlaul Piatra Neamt,FC Bacau,0.5,2.5,NO_COVER,1,5,1.25,5,-0.5,-9,N/A,N/A,CUBIERTO,-0.25 → 0.5,-0.75
2837549,Nuovo Campobasso,Perugia,0.25,2.25,COVER,1,0,0.25,41,0,0,CUBIERTO,0 → 0.25,CUBIERTO,0 → 0.25,0.0
2837550,Forli,Athletic Carpi,0.25,2.25,COVER,4,2,0.75,93,0,16,N/A,N/A,N/A,N/A,-0.5
2837551,Gubbio,Sassari Torres,0.25,2,COVER,0,0,0.25,9,0,7,NO CUBIERTO,0 → 0.25,NO CUBIERTO,0.75 → 0.25,0.0
2838066,Nong Bua Lamphu,JL Chiangmai United FC,0.75,3,COVER,1,0,0.75,29,0.75,-10,CUBIERTO,0.75 → 0.75,CUBIERTO,0.75 → 0.75,0.0
2838068,Chainat FC,Trat FC,0.75,2.75,COVER,2,0,0.75,-4,1.75,19,CUBIERTO,0.5 → 0.75,CUBIERTO,0.5 → 0.75,0.0
2838069,Nakhon Si United FC,Songkhla FC,0.25,2.75,COVER,2,0,0.25,35,0.75,-4,N/A,N/A,N/A,N/A,0.0
2838801,Partizani Tirana,Flamurtari,0.5,2,COVER,2,1,0.5,14,0.75,43,CUBIERTO,1.25 → 0.5,CUBIERTO,-0.5 → 0.5,0.0
2839551,Catanzaro,Avellino,0.5,2.25,COVER,1,0,0,-7,0.5,92,CUBIERTO,1.5 → 0.5,CUBIERTO,1.5 → 0.5,0.5
2839553,Juve Stabia,Empoli,0.25,2,COVER,2,0,0.5,44,0.25,10,CUBIERTO,0 → 0.25,CUBIERTO,0 → 0.25,-0.25
2839556,A.C. Reggiana 1919,Padova,0.25,2.25,NO_COVER,1,2,-0.25,1,0,23,CUBIERTO,0.25 → 0.25,NO CUBIERTO,0 → 0.25,0.5
2839558,SudTirol,Bari,0.5,2.25,COVER,0,0,0.5,92,0.5,44,NO CUBIERTO,-0.25 → 0.5,NO CUBIERTO,-0.25 → 0.5,0.0
2839559,Venezia,Monza,0.25,2.25,COVER,2,0,1.25,73,-0.25,15,CUBIERTO,0.25 → 0.25,CUBIERTO,0.25 → 0.25,-1.0
2840471,ASD Alcione,USD Virtus Verona,0.5,2,NO_COVER,0,1,0,-62,0.25,18,NO CUBIERTO,0.25 → 0.5,NO CUBIERTO,0 → 0.5,0.5
2840855,Cavese,US Siracusa,0.25,2.25,COVER,1,1,-0.5,2,0.5,-23,CUBIERTO,0.5 → 0.25,CUBIERTO,0.5 → 0.25,0.75
2843221,Kettering Town,Bury Town,0.75,2.75,COVER,3,3,0.75,0,1.5,0,N/A,N/A,N/A,N/A,0.0
2843226,Stratford Town,St Ives Town,0.5,2.75,COVER,6,1,0,0,0.5,1,CUBIERTO,0.5 → 0.5,NO CUBIERTO,0.25 → 0.5,0.5
2845406,AC Taipei (W),Taichung Sakura (W),0.5,3.25,COVER,2,1,1.75,31,2.75,-1,N/A,N/A,N/A,N/A,-1.25
2848301,UDC Txantrea KKE,Bidzala,0.5,2.5,COVER,2,1,0.75,25,-,0,NO CUBIERTO,0.25 → 0.5,N/A,N/A,-0.25
2852479,Al-Zlfe,Al-Arabi(KSA),0.75,2.5,COVER,1,1,-0.25,14,1.25,29,NO CUBIERTO,0 → 0.75,NO CUBIERTO,0.75 → 0.75,1.0
2853673,KF Laci,Skenderbeu Korca,0.25,2.25,COVER,2,1,0.5,55,-,0,NO CUBIERTO,1 → 0.25,N/A,N/A,-0.25
2853677,Burreli,Kastrioti Kruje,0.25,2.5,COVER,0,0,0.75,-27,0.5,-12,CUBIERTO,1 → 0.25,CUBIERTO,1 → 0.25,-0.5
2853678,Apolonia Fier,KS Korabi Peshkopi,0.75,2.25,NO_COVER,0,3,0.25,-16,0.25,7,CUBIERTO,0.75 → 0.75,N/A,N/A,0.5
2857395,Reading U21,Birmingham U21,0.5,3.5,COVER,2,0,-1.25,18,0.25,42,N/A,N/A,CUBIERTO,0 → 0.5,1.75
2858961,Sukhothai,Nakhon Ratchasima,0.75,2.75,COVER,2,1,-0.5,-36,0.5,17,CUBIERTO,0.5 → 0.75,NO CUBIERTO,0.25 → 0.75,1.25
2858965,Chiangrai United,Lamphun Warrior,0.5,2.5,COVER,1,1,0.25,24,0.25,2,CUBIERTO,0.25 → 0.5,NO CUBIERTO,0.75 → 0.5,0.25
2861933,AL Salt,Sama Al Sarhan,0.5,2,COVER,1,0,-0.25,9,0.25,3,N/A,N/A,CUBIERTO,-0.25 → 0.5,0.75
2863755,Cultural de Durango,CD Lagun Onak,0.25,2,COVER,1,0,-,0,0,-5,N/A,N/A,N/A,N/A,0
2869757,Calcio Lecco Youth,Renate U19,0.75,2.75,COVER,1,1,-0.75,-13,1,4,N/A,N/A,N/A,N/A,1.5
2869759,Pro Vercelli U20,Venezia F.C. Youth,0.25,2.75,COVER,4,0,0,-5,0.5,0,NO CUBIERTO,0 → 0.25,NO CUBIERTO,0.25 → 0.25,0.25
2869995,Ascoli Youth,CartanU19,0.25,2.75,NO_COVER,0,1,1.75,52,0.25,-12,N/A,N/A,N/A,N/A,-1.5
2869999,Monopoli Youth,Benevento (Youth),0.25,2.5,NO_COVER,1,2,0,-8,-0.25,-8,CUBIERTO,-1 → 0.25,CUBIERTO,-1 → 0.25,0.25
2870002,Spezia U20,Pescara Youth,0.25,2.75,COVER,4,3,0.25,-12,0,0,NO CUBIERTO,0.25 → 0.25,NO CUBIERTO,0.25 → 0.25,0.0
2870269,Accra Hearts of Oak,Nations FC,0.5,1.75,COVER,1,0,1,27,0.25,2,NO CUBIERTO,0.75 → 0.5,NO CUBIERTO,0.75 → 0.5,-0.5
2871693,Western Sydney,Brisbane Roar,0.5,2.75,COVER,0,0,0,-11,0.75,14,NO CUBIERTO,0.5 → 0.5,CUBIERTO,0 → 0.5,0.5
2872059,Melbourne Victory (W),Adelaide United (W),0.75,2.75,COVER,1,0,1,40,-0.5,-28,CUBIERTO,0.75 → 0.75,CUBIERTO,0.75 → 0.75,-0.25
2874125,MEAP Nisou,Halkanoras Idaliou,0.5,2.5,NO_COVER,1,2,0,0,1,9,NO CUBIERTO,0.25 → 0.5,NO CUBIERTO,0.75 → 0.5,0.5
2874273,Pieta Hotspurs,Mgarr United FC,0.25,2.5,COVER,1,1,1,20,-0.5,0,N/A,N/A,NO CUBIERTO,0.25 → 0.25,-0.75
2874372,ES Hamam-Sousse,CS.Hammam-Lif,0.25,1.75,COVER,1,0,0.75,0,-0.25,0,CUBIERTO,0.75 → 0.25,NO CUBIERTO,-0.5 → 0.25,-0.5
2874375,Oceano Kerkennah,E. M. Mahdia,0.5,2,COVER,1,0,0.5,32,1,32,N/A,N/A,N/A,N/A,0.0
2878155,Olimpico de Totana,CD Bala Azul,0.5,2,COVER,2,0,0.25,20,0.5,11,N/A,N/A,N/A,N/A,0.25
2878707,Portmany,Song clade pull,0.25,2.25,COVER,1,0,-,0,0.25,2,N/A,N/A,N/A,N/A,0
2878988,Alcorcon B,CD Galapagar,0.25,2.25,COVER,2,1,0.5,-15,0,14,NO CUBIERTO,0.25 → 0.25,NO CUBIERTO,0.25 → 0.25,-0.25
2879548,UD Barbadas,Silva SD,0.25,2.25,NO_COVER,0,1,-0.25,-4,1,22,N/A,N/A,N/A,N/A,0.5
2879825,Andorra CF,CD La Almunia,0.25,2,NO_COVER,0,3,-,0,-,0,N/A,N/A,N/A,N/A,0
2880111,SP Villafranca,CD Santa Amalia,0.5,2.25,NO_COVER,1,2,-,0,-,0,CUBIERTO,0.5 → 0.5,NO CUBIERTO,0.5 → 0.5,0
2881880,Kenya Police FC,AFC Leopards,0.25,1.75,COVER,0,0,0.5,6,0.5,0,NO CUBIERTO,0.25 → 0.25,NO CUBIERTO,0.25 → 0.25,-0.25
2884083,Real du Faso,AS Sonabel,0.25,1.75,NO_COVER,1,2,-0.5,4,0.5,0,NO CUBIERTO,0 → 0.25,CUBIERTO,0.75 → 0.25,0.75
2889175,PAOK Saloniki B,AO Kavala,0.75,2,NO_COVER,0,2,0.5,-35,-0.25,2,NO CUBIERTO,0.75 → 0.75,NO CUBIERTO,0.5 → 0.75,0.25
2889216,Hellas Syrou,Marko,0.5,2.25,NO_COVER,0,2,0,0,1,8,CUBIERTO,0.25 → 0.5,NO CUBIERTO,0.5 → 0.5,0.5
2900787,Floriana F.C.,Birkirkara FC,0.25,2.25,COVER,2,0,0.25,-11,0.25,16,CUBIERTO,0.5 → 0.25,CUBIERTO,0.5 → 0.25,0.0
2902445,Mes Soongoun Varzaghan,Naft Gachsaran,0.25,1.75,COVER,1,0,0,59,1,6,CUBIERTO,0.5 → 0.25,CUBIERTO,0.5 → 0.25,0.25
2902446,Ario Eslamshahr,Damash Gilan FC,0.75,1.5,COVER,3,1,0,0,0,59,CUBIERTO,0.75 → 0.75,CUBIERTO,0.75 → 0.75,0.75
2905791,Al Wahda(UAE),Al-Jazira(UAE),0.5,2.5,NO_COVER,0,1,1.25,50,0.25,-15,NO CUBIERTO,0.75 → 0.5,CUBIERTO,-0.25 → 0.5,-0.75
2907326,Atletico Clube Purtugal,Lusitano Evora,0.25,2,COVER,1,0,0,20,0.25,7,CUBIERTO,0.75 → 0.25,CUBIERTO,0 → 0.25,0.25
2907329,Paredes,Varzim,0.5,2,COVER,0,0,0.5,5,0,-5,CUBIERTO,-0.5 → 0.5,NO CUBIERTO,0.25 → 0.5,0.0
2907330,S. Joao Ver,Sanjoanense,0.25,2.25,COVER,2,1,0,-5,0.25,17,NO CUBIERTO,0.75 → 0.25,NO CUBIERTO,0.5 → 0.25,0.25
2907332,JD Lajense,Marinhense,0.5,2,COVER,2,1,-0.25,22,0.25,-43,N/A,N/A,N/A,N/A,0.75
2907467,JEF United Ichihara Chiba,Tokushima Vortis,0.25,2.25,COVER,1,0,0.5,0,0,42,CUBIERTO,0 → 0.25,CUBIERTO,0 → 0.25,-0.25
2907834,Wellington Olympic,Auckland City,0.25,3.25,COVER,1,1,0.5,9,0,6,NO CUBIERTO,0.5 → 0.25,NO CUBIERTO,0.5 → 0.25,-0.25
2908210,KF Drenica Skenderaj,KF Ferizaj,0.5,2.25,COVER,2,1,0.25,-3,1,9,CUBIERTO,-0.75 → 0.5,NO CUBIERTO,-0.25 → 0.5,0.25
2908227,AF Amadou Diallo Djekanou,SOL FC Abobo,0.25,2,COVER,2,1,-,0,-,0,NO CUBIERTO,0.75 → 0.25,NO CUBIERTO,-0.75 → 0.25,0
2908354,Dhufar,Sur Club,0.25,2,COVER,3,2,0.25,-6,1.75,12,NO CUBIERTO,1 → 0.25,NO CUBIERTO,-0.25 → 0.25,0.0
2908356,Al Shabab(OMA),Smail,0.75,2.25,NO_COVER,1,3,0.5,12,0.25,-6,N/A,N/A,N/A,N/A,0.25
2908956,Fnjaa,Al-Msnaa,0.25,2.5,COVER,0,0,0,12,-0.5,0,CUBIERTO,1 → 0.25,NO CUBIERTO,0.5 → 0.25,0.25
2908965,Slaven Belupo U19,NK Rudes U19,0.25,2.75,COVER,1,1,-1.25,27,-0.25,-18,NO CUBIERTO,0.75 → 0.25,NO CUBIERTO,1 → 0.25,1.5
2909001,Eleven Arrows FC,Julinho Sporting,0.25,1.75,COVER,1,0,-,0,-,0,N/A,N/A,N/A,N/A,0
2909054,USFAS Bamako,FC Diarra,0.5,2,COVER,2,1,0.25,-29,0.25,-2,N/A,N/A,CUBIERTO,-0.25 → 0.5,0.25
2909059,Musanze FC,Etincelles,0.5,2,NO_COVER,1,3,-0.25,-44,0.25,-31,NO CUBIERTO,0.5 → 0.5,NO CUBIERTO,0.25 → 0.5,0.75
2909063,FC Talanta,MOFA FC,0.25,2,COVER,0,0,1,-1,0,0,N/A,N/A,N/A,N/A,-0.75
2909079,Tsukuba University,Tokoha University SC,0.75,2.5,COVER,1,0,0,6,1,43,CUBIERTO,1.5 → 0.75,CUBIERTO,1.5 → 0.75,0.75
2909080,Kwansei Gakuin University,Sendai University,0.5,2.5,COVER,4,0,0.5,-9,0.75,19,N/A,N/A,N/A,N/A,0.0
2909128,Trinity Starlets (W),Kayole Starlet (W),0.25,2.25,COVER,2,1,1.25,31,0.5,11,N/A,N/A,N/A,N/A,-1.0
2909132,FC Porto (W),JuveForce Ponte de Vagos (W),0.75,4,COVER,3,0,-0.75,-28,-0.25,-12,N/A,N/A,N/A,N/A,1.5
2909219,Witton Albion,Kidsgrove Athletic,0.25,2.75,NO_COVER,1,4,0,-21,0,-1,CUBIERTO,0.25 → 0.25,NO CUBIERTO,0.5 → 0.25,0.25
2909223,Atherton Collieries,Shifnal Town,0.25,2.75,NO_COVER,1,2,0,16,0,1,N/A,N/A,N/A,N/A,0.25
2909225,Brighouse Town,Grimsby Borough,0.25,2.5,NO_COVER,2,3,-1.25,-18,0.25,19,CUBIERTO,0.25 → 0.25,NO CUBIERTO,0 → 0.25,1.5
2909226,Bury,Mossley,0.75,2.5,COVER,2,1,1.25,12,-0.75,-21,N/A,N/A,NO CUBIERTO,-0.5 → 0.75,-0.5
2909227,Vauxhall Motors,Darlaston Town,0.75,3,COVER,5,0,0.25,6,0,9,N/A,N/A,N/A,N/A,0.5
2909228,North Ferriby United,Silsden,0.75,2.5,COVER,2,2,0.75,13,0.75,-6,N/A,N/A,N/A,N/A,0.0
2909231,Caykur Rizespor U19,Eyupspor U19,0.25,2.75,NO_COVER,0,3,0.25,-2,0.25,-1,NO CUBIERTO,0 → 0.25,NO CUBIERTO,0.75 → 0.25,0.0
2909232,Kayserispor U19,Alanyaspor U19,0.75,2.75,COVER,2,0,0,14,1.25,0,NO CUBIERTO,0.5 → 0.75,NO CUBIERTO,0.5 → 0.75,0.75
2909234,Alcione Milano U19,AC Carpi U19,0.75,3.25,COVER,3,2,0.5,5,0.75,-24,N/A,N/A,CUBIERTO,0.25 → 0.75,0.25
2909236,Carrarese U19,Virtus Verona U19,0.25,3,COVER,2,1,-0.25,19,0.5,5,NO CUBIERTO,0.25 → 0.25,CUBIERTO,0 → 0.25,0.5
2909242,Lille B,US Vimy,0.25,2.5,COVER,1,1,0.25,-5,0.75,-8,CUBIERTO,0.5 → 0.25,CUBIERTO,0.5 → 0.25,0.0
2909246,Hitchin Town,Flackwell Heath,0.75,3,COVER,2,0,1.75,28,0.25,-1,N/A,N/A,N/A,N/A,-1.0
2909250,Stade Reims II,Amiens SC II,0.75,2.25,COVER,2,2,0.75,0,0.5,29,N/A,N/A,N/A,N/A,0.0
2909254,Zulte-Waregem II,Torhout,0.75,3,COVER,4,1,0.5,9,0.5,18,CUBIERTO,0.5 → 0.75,CUBIERTO,0.5 → 0.75,0.25
2909255,Ethnikos OFPF,Ionikos,0.5,2,COVER,2,0,1,20,0,38,N/A,N/A,NO CUBIERTO,-0.25 → 0.5,-0.5
2909263,Las Rozas U19,Getafe U19,0.25,2.5,COVER,2,2,0,3,0.5,-25,NO CUBIERTO,0 → 0.25,NO CUBIERTO,0 → 0.25,0.25
2909265,CD Castellon U19,Patacona CF U19,0.5,3.25,COVER,2,0,0.25,60,0.5,-27,N/A,N/A,NO CUBIERTO,0 → 0.5,0.25
2909268,Danok Bat U19,Eibar U19,0.25,2.75,COVER,3,1,1,-2,0,-26,NO CUBIERTO,0.25 → 0.25,NO CUBIERTO,0.25 → 0.25,-0.75
2909277,Antalyaspor U19,Galatasaray U19,0.5,2.75,COVER,3,0,0.75,33,-0.25,2,NO CUBIERTO,-0.5 → 0.5,NO CUBIERTO,1.25 → 0.5,-0.25
2909280,Arosa U19,ED Val Minor Nigran U19,0.5,2.75,COVER,0,0,0.25,-12,0.25,-20,CUBIERTO,0.5 → 0.5,CUBIERTO,0.5 → 0.5,0.25
2909287,AS Douanes Dakar,Thies FC,0.25,1.75,COVER,1,0,0.5,1,0.5,-7,NO CUBIERTO,0.25 → 0.25,NO CUBIERTO,0.25 → 0.25,-0.25
2909293,Rennes II,Vitre,0.25,2.25,COVER,1,1,-0.5,36,0.5,1,NO CUBIERTO,0.5 → 0.25,NO CUBIERTO,0.5 → 0.25,0.75
2909299,OLYMPIQUE DE MARSEILLE B,Gallia Lucciana,0.75,2.5,COVER,0,0,0,15,0,9,NO CUBIERTO,0.5 → 0.75,NO CUBIERTO,0.5 → 0.75,0.75
2909300,Blagnac,Toulouse FC II,0.25,2.5,NO_COVER,2,3,0.25,16,1,1,N/A,N/A,NO CUBIERTO,0.5 → 0.25,0.0
2909312,Persita Tangerang U20,Dewa United FC U20,0.5,3,COVER,2,0,2.5,48,-0.5,17,NO CUBIERTO,0.5 → 0.5,NO CUBIERTO,0.25 → 0.5,-2.0
2909347,Laval II,Brest II,0.25,2.25,COVER,3,0,-0.5,18,0.5,-1,N/A,N/A,N/A,N/A,0.75
2909354,C.S.D. Comunicaciones Reserve,Coban Imperial Reserves,0.5,2.5,COVER,4,1,0.25,-4,0,28,N/A,N/A,N/A,N/A,0.25
2909358,Midleton FC,Avomdale United,0.5,2.5,COVER,1,1,0.75,43,0.25,15,NO CUBIERTO,0.5 → 0.5,NO CUBIERTO,0.5 → 0.5,-0.25
2909360,ASC Tevragh Zeine,ASC Gendrim,0.25,2.25,NO_COVER,1,2,0.75,-10,-0.5,0,NO CUBIERTO,0 → 0.25,NO CUBIERTO,0 → 0.25,-0.5
2909363,Al Wehdat U19,Al-Hussein SC U19,0.25,2.25,COVER,2,0,0.75,-1,-0.25,-13,N/A,N/A,N/A,N/A,-0.5
2909372,Felixstowe Walton United,Wroxham,0.5,3,COVER,2,0,1.25,2,-0.75,-9,CUBIERTO,1.5 → 0.5,CUBIERTO,1.5 → 0.5,-0.75
2909398,Cambuur Leeuwarden U21,De Graafschap U21,0.75,3.5,NO_COVER,0,1,0.75,15,1.25,-6,NO CUBIERTO,-0.5 → 0.75,NO CUBIERTO,1.25 → 0.75,0.0
2909399,Gorleston,Stanway Rovers,0.25,2.75,NO_COVER,1,4,0.25,-10,-0.25,21,N/A,N/A,N/A,N/A,0.0
2909412,Eibar B (W),Olimpico de Leon (W),0.5,3,COVER,2,0,-0.75,6,1.5,16,N/A,N/A,N/A,N/A,1.25
2909413,Bognor Regis Town,Bedfont Sports,0.5,3,NO_COVER,1,2,-0.25,5,0,22,N/A,N/A,N/A,N/A,0.75
2909422,Gimnastic Tarragona U19,Sant Cugat FC U19,0.75,3,COVER,2,1,-0.25,13,0.25,-12,N/A,N/A,N/A,N/A,1.0
2909426,CS Paulesti,CS Blejoi,0.25,3,COVER,0,0,0.75,-1,-1.25,-17,NO CUBIERTO,-1 → 0.25,NO CUBIERTO,0 → 0.25,-0.5
2909430,FC Sacele,ACS Kids Tampa Brasov,0.75,2.75,NO_COVER,1,4,-0.5,34,1,15,N/A,N/A,CUBIERTO,0.25 → 0.75,1.25
2909439,Santutxu FC,SD Balmaseda FC,0.5,2.25,COVER,1,0,0.25,-1,0.5,10,NO CUBIERTO,0.5 → 0.5,NO CUBIERTO,0.5 → 0.5,0.25
2909441,ACS KSE Targu Secuiesc,Unirea Branistea,0.75,3.25,COVER,4,2,0.5,24,0,-3,NO CUBIERTO,-0.5 → 0.75,NO CUBIERTO,-0.5 → 0.75,0.25
2909446,Victoria Traian,CSO Plopeni,0.25,3.25,COVER,3,1,-0.75,18,0.75,-1,N/A,N/A,N/A,N/A,1.0
2909521,ASD Trastevere U19,AS Ostia Mare U19,0.25,3.75,NO_COVER,0,3,0.25,43,0.25,53,N/A,N/A,N/A,N/A,0.0
2909527,Power Dynamos,Kabwe Warriors,0.5,2.25,COVER,1,1,1,27,0,0,CUBIERTO,0.25 → 0.5,CUBIERTO,0 → 0.5,-0.5
2909532,Flamengo RJ U20 (W),Ferroviaria SP U20 (W),0.5,3,COVER,1,1,0.25,56,0.5,0,N/A,N/A,N/A,N/A,0.25
2909535,North Bangkok College,Pathum Thani University,0.5,2.75,COVER,2,2,0.25,-1,0.25,30,CUBIERTO,0.75 → 0.5,CUBIERTO,0.75 → 0.5,0.25
2909538,Maejo United,Phichit United 2025,0.5,2.25,NO_COVER,2,3,0.25,0,-,0,CUBIERTO,1 → 0.5,CUBIERTO,1 → 0.5,0.25
2909539,Burapha United,Bankhai United,0.5,2.5,COVER,1,0,-,0,-,0,N/A,N/A,N/A,N/A,0
2909541,Ubon Krua Napat FC,Roi Et United,0.25,2.25,NO_COVER,1,3,-,0,-,0,CUBIERTO,0 → 0.25,CUBIERTO,0 → 0.25,0
2909555,3K FC,Vihiga United,0.75,2,COVER,4,2,0.25,22,-,0,NO CUBIERTO,0.5 → 0.75,NO CUBIERTO,0.25 → 0.75,0.5
2907881,Alajuelense,Municipal Liberia,0.75,2.25,COVER,3,0,1,-26,0.25,8,CUBIERTO,0.75 → 0.75,NO CUBIERTO,-0.25 → 0.75,-0.25
2908240,Managua FC,Diriangen,0.25,2.25,COVER,0,0,0,-9,-0.5,-2,CUBIERTO,-0.25 → 0.25,NO CUBIERTO,0.5 → 0.25,0.25
2908033,CD Motagua,Real Espana,0.25,2.75,NO_COVER,0,3,1,44,-0.25,21,CUBIERTO,0 → 0.25,CUBIERTO,0.25 → 0.25,-0.75
2906224,Luis Angel Firpo,Aguila,0.5,2.75,NO_COVER,0,1,1.25,13,0,-11,CUBIERTO,0.5 → 0.5,CUBIERTO,0 → 0.5,-0.75
2909506,Tampa Bay Sun (W),Brooklyn City (W),0.25,2.25,NO_COVER,0,3,-0.5,-17,0.75,2,NO CUBIERTO,0 → 0.25,NO CUBIERTO,0.5 → 0.25,0.75
2892674,Club Sando,AC Port Of Spain,0.75,2.75,COVER,1,0,0.25,0,-0.5,17,NO CUBIERTO,-0.25 → 0.75,NO CUBIERTO,-0.25 → 0.75,0.5
2907835,Racing Club,Estudiantes La Plata,0.25,2,COVER,1,1,0.75,40,0,28,NO CUBIERTO,0.5 → 0.25,NO CUBIERTO,0.5 → 0.25,-0.5
2909433,Sporting JAX (W),Fort Lauderdale (W),0.75,2.75,COVER,1,1,0,28,0,28,CUBIERTO,0 → 0.75,CUBIERTO,0 → 0.75,0.75
2907845,Atletico Nacional Medellin,Dep.Independiente Medellin,0.5,2.5,COVER,0,0,0.75,-3,-0.75,-86,CUBIERTO,0.5 → 0.5,CUBIERTO,0.5 → 0.5,-0.25
2884485,Macara,Deportivo Cuenca,0.25,2.25,NO_COVER,0,1,1,26,0.5,25,NO CUBIERTO,0.25 → 0.25,CUBIERTO,0.5 → 0.25,-0.75
2908049,Universitario de Deportes (W),Alianza Lima W,0.75,2.5,COVER,2,2,0,48,-1.5,-49,NO CUBIERTO,0 → 0.75,NO CUBIERTO,0.25 → 0.75,0.75
2800160,Paris FC,Toulouse,0.25,2.5,NO_COVER,0,3,0.75,-12,0.75,62,NO CUBIERTO,-0.25 → 0.25,NO CUBIERTO,0.25 → 0.25,-0.5
2909350,CSyD Estudio Galeano,Jorge Gibson Brown,0.5,2.5,COVER,2,1,0.5,-5,0.75,8,N/A,N/A,NO CUBIERTO,0.25 → 0.5,0.0
2807395,Real Murcia,Sabadell,0.25,2,NO_COVER,0,1,0.5,0,0.25,6,NO CUBIERTO,1 → 0.25,NO CUBIERTO,1 → 0.25,-0.25
2807818,Real Zaragoza,Cadiz,0.25,2.25,NO_COVER,1,2,0,55,0.5,28,NO CUBIERTO,0.5 → 0.25,NO CUBIERTO,0.5 → 0.25,0.25
2793257,Thun,St. Gallen,0.5,3,NO_COVER,0,2,0.25,42,1,7,NO CUBIERTO,-0.75 → 0.5,CUBIERTO,0.5 → 0.5,0.25
2799852,Hannover 96,VfL Bochum,0.75,3,COVER,0,0,0.75,18,-0.25,1,CUBIERTO,0.25 → 0.75,CUBIERTO,0.5 → 0.75,0.0
2790847,PEC Zwolle,Fortuna Sittard,0.25,2.75,COVER,1,0,-0.25,-25,0.75,29,CUBIERTO,0.25 → 0.25,CUBIERTO,0.5 → 0.25,0.5
2804448,Getafe,RCD Espanyol,0.25,1.75,NO_COVER,0,1,0.5,5,0.75,0,CUBIERTO,0.75 → 0.25,NO CUBIERTO,0 → 0.25,-0.25
2791861,Anderlecht,Sint-Truidense,0.75,2.75,COVER,2,1,-0.25,-33,0.25,-27,CUBIERTO,1 → 0.75,NO CUBIERTO,0 → 0.75,1.0
2830489,Lyra-Lierse Berlaar,Merelbeke,0.5,2.75,NO_COVER,1,3,0.25,39,0.75,-7,CUBIERTO,0.75 → 0.5,CUBIERTO,0 → 0.5,0.25
2814352,Francs Borains,Lierse,0.25,2.5,NO_COVER,0,1,0,-11,0,7,CUBIERTO,0.25 → 0.25,CUBIERTO,0.25 → 0.25,0.25
2830277,RFC Meux,Rochefort,0.5,2.75,NO_COVER,0,1,-0.25,4,-,0,N/A,N/A,CUBIERTO,0.75 → 0.5,0.75
2830278,RAEC Mons,Excelsior Virton,0.5,2.5,NO_COVER,0,1,1.5,-2,-0.25,4,N/A,N/A,NO CUBIERTO,-0.75 → 0.5,-1.0
2814350,RWDM Brussels,Olympic Charleroi,0.5,2.75,COVER,3,3,0.5,12,0.25,-37,CUBIERTO,2.25 → 0.5,CUBIERTO,2.25 → 0.5,0.0
2847409,Saint Etienne,Bastia,0.75,2.5,COVER,2,2,0.75,24,0.25,56,CUBIERTO,0.5 → 0.75,CUBIERTO,0 → 0.75,0.0
2814348,Beerschot Wilrijk,Patro Eisden,0.5,2.5,NO_COVER,0,2,1,53,-0.75,-35,NO CUBIERTO,0.25 → 0.5,NO CUBIERTO,0.25 → 0.5,-0.5
2838802,Teuta Durres,KF Tirana,0.75,2,COVER,1,1,0.25,44,0.75,-1,CUBIERTO,0 → 0.75,NO CUBIERTO,0 → 0.75,0.5
2839552,Cesena,Mantova,0.75,2.5,COVER,3,2,0,-44,1.25,73,CUBIERTO,0.5 → 0.75,CUBIERTO,0.25 → 0.75,0.75
2856417,SC Maccabi Ashdod,Hapoel Holon Yaniv,0.5,2.5,COVER,1,1,0.25,7,0.25,-2,NO CUBIERTO,0 → 0.5,NO CUBIERTO,0.75 → 0.5,0.25
2909244,Maccabi Yaffo Kabilio U19,Sectzya Nes Ziona U19,0.25,3,NO_COVER,1,2,0.25,-4,0.25,-4,NO CUBIERTO,0.25 → 0.25,NO CUBIERTO,0.25 → 0.25,0.0
2797221,Rapid Bucuresti,FC Otelul Galati,0.5,2.25,NO_COVER,0,2,1.25,28,0.5,-18,NO CUBIERTO,0.5 → 0.5,NO CUBIERTO,-0.25 → 0.5,-0.75
2907331,CD Cinfaes,GD Resende,0.75,2.25,COVER,2,0,0,-4,1,26,CUBIERTO,0.75 → 0.75,CUBIERTO,0.75 → 0.75,0.75
2890103,Mgarr (W),Hibernians (W),0.5,3.25,COVER,0,0,-,0,-,0,NO CUBIERTO,0 → 0.5,N/A,N/A,0
2830280,Standard Liege II,Union Royale Namur,0.25,2.5,COVER,1,1,-1.25,-38,1,16,NO CUBIERTO,0 → 0.25,CUBIERTO,0.5 → 0.25,1.5
2808550,Eibar B,SD Amorebieta,0.25,2,NO_COVER,0,2,0.5,17,0,13,N/A,N/A,N/A,N/A,-0.25
2809754,Madrid CFF (W),Athletic Club Bibao (W),0.25,2.5,NO_COVER,0,2,1.75,30,0,-16,NO CUBIERTO,-0.25 → 0.25,NO CUBIERTO,-0.25 → 0.25,-1.5
2822200,AE Kifisias,Asteras Tripolis,0.25,2.5,COVER,0,0,1,16,0.25,19,NO CUBIERTO,0 → 0.25,NO CUBIERTO,0.5 → 0.25,-0.75
2908985,Ashdod MS U19,Hapoel Raanana Roei U19,0.25,3,COVER,2,2,-,0,-0.5,23,CUBIERTO,0.5 → 0.25,CUBIERTO,0.5 → 0.25,0
2790841,Groningen,Volendam,0.75,3,COVER,3,0,1,83,2.75,59,NO CUBIERTO,0.5 → 0.75,NO CUBIERTO,0 → 0.75,-0.25
2909240,UE Castelldefels,FC Vilafranca,0.75,2.5,COVER,5,1,0.5,-3,1,3,NO CUBIERTO,0.75 → 0.75,NO CUBIERTO,0.75 → 0.75,0.25
2866829,Hapoel Ironi Arraba,Hapoel Tirat Karmel,0.5,2.5,COVER,3,0,0,-28,0,12,N/A,N/A,N/A,N/A,0.5
2866828,Maccabi Neve Shaanan Eldad,Hapoel Ironi Karmiel,0.25,2.25,COVER,2,1,0.5,-3,0.25,19,NO CUBIERTO,0.25 → 0.25,NO CUBIERTO,0.25 → 0.25,-0.25
2807816,Racing Santander,Leganes,0.5,2.5,COVER,1,1,0.5,-9,0,55,CUBIERTO,0.25 → 0.5,CUBIERTO,0.25 → 0.5,0.0
2854316,Tenerife C,Villa Santa Brigida,0.5,2.25,COVER,0,0,-,0,-,0,N/A,N/A,N/A,N/A,0
2909296,Abacha City,Luawa FC,0.25,2,NO_COVER,0,2,-0.25,0,-0.25,0,NO CUBIERTO,0.25 → 0.25,CUBIERTO,0.25 → 0.25,0.5
2908982,Unisport de Sokode,Tambo FC,0.25,2,COVER,1,0,0,0,0.25,0,N/A,N/A,N/A,N/A,0.25
2908983,Bnei Yehuda Tel Aviv U19,Hapoel Beer Sheva U19,0.25,2.5,NO_COVER,0,1,1,1,-0.5,-14,NO CUBIERTO,0.25 → 0.25,NO CUBIERTO,0 → 0.25,-0.75
2909543,Tsun Tat Kwok Keung,Qi Yi FC,0.5,3.25,COVER,1,1,0.25,0,-0.25,-23,N/A,N/A,N/A,N/A,0.25
2909638,Dire Dawa (W),Adama Ketema (W),0.25,2,COVER,2,2,0,-18,0.25,-7,NO CUBIERTO,0.5 → 0.25,NO CUBIERTO,0.5 → 0.25,0.25
2909661,Uganda Martyrs (W),She Maroons (W),0.25,2,COVER,1,0,0.25,43,-0.5,-47,CUBIERTO,0.25 → 0.25,CUBIERTO,0.25 → 0.25,0.0
2909545,Convoy Sun Hei,Ravia SA,0.5,3.5,COVER,4,0,3.5,50,0.5,-48,N/A,N/A,N/A,N/A,-3.0
2909556,DBI SC,Pride East Mavericks,0.5,3,COVER,5,2,0,-3,-0.25,5,N/A,N/A,N/A,N/A,0.5
2909544,Tuen Mun FC,Konter,0.75,3.25,COVER,2,1,-0.25,-32,0.25,0,NO CUBIERTO,0 → 0.75,NO CUBIERTO,0 → 0.75,1.0
2909697,Dong Thap U19,Dong Nai U19,0.75,3,COVER,3,2,-0.25,-24,1,28,CUBIERTO,1 → 0.75,CUBIERTO,1 → 0.75,1.0
2835943,FC Bihor Oradea,AFC Metalul Buzau,0.5,2.25,COVER,2,1,1.25,70,0.25,10,N/A,N/A,CUBIERTO,0.25 → 0.5,-0.75
2801276,Verona U20,Juventus U20,0.25,2.75,COVER,1,1,-,0,-0.25,-18,NO CUBIERTO,0.25 → 0.25,NO CUBIERTO,0.25 → 0.25,0
2804453,Sevilla,Real Oviedo,0.75,2.25,COVER,4,0,0,17,2,0,N/A,N/A,N/A,N/A,0.75
2793151,FC Wil 1900,Stade Nyonnais,0.75,2.5,COVER,1,0,-0.25,-27,0.5,-10,CUBIERTO,0.75 → 0.75,NO CUBIERTO,-0.25 → 0.75,1.0
2793258,Young Boys,Luzern,0.75,3,COVER,2,0,1.25,40,0.25,42,CUBIERTO,0.75 → 0.75,CUBIERTO,-0.25 → 0.75,-0.5
2793152,Neuchatel Xamax,Bellinzona,0.5,2.75,COVER,1,0,0,32,0.25,14,NO CUBIERTO,0.25 → 0.5,CUBIERTO,0.5 → 0.5,0.5
2813319,Hallescher FC,Magdeburg Am,0.5,2.75,COVER,3,1,1.25,0,-0.25,0,N/A,N/A,CUBIERTO,-0.25 → 0.5,-0.75
2874463,CS Korba,Bouchamma,0.25,2,COVER,0,0,-,0,0.25,10,N/A,N/A,N/A,N/A,0
2874373,AS Megrine,Bouselem,0.75,2,COVER,0,0,0.25,-10,-,0,N/A,N/A,N/A,N/A,0.5
2874464,Union Ksour Essef,AS Kasserine,0.75,2,COVER,0,0,-,-16,0.5,23,N/A,N/A,N/A,N/A,0
2874461,A.S Ariana,SC Moknine,0.5,2.25,COVER,3,0,0.25,10,-,-16,CUBIERTO,0.5 → 0.5,NO CUBIERTO,0.75 → 0.5,0.25
2907510,Nocerina,ASD Monastir,0.75,2.5,COVER,2,2,1.25,0,0.5,-13,N/A,N/A,N/A,N/A,-0.5
2909309,Thyella Patron,Panthouriakos FC,0.25,2.25,COVER,0,0,0.5,-6,1.25,-11,N/A,N/A,N/A,N/A,-0.25
2908373,Gemert,GOES,0.5,3,COVER,3,3,-,0,-0.75,14,N/A,N/A,N/A,N/A,0
2908372,USV Hercules,TEC,0.25,3.25,NO_COVER,0,2,-1.5,24,0.75,10,CUBIERTO,0.75 → 0.25,NO CUBIERTO,0.25 → 0.25,1.75
2909316,Proodos Rogon 1966,AE Lefkimmis,0.25,2.25,COVER,1,0,-1.25,-4,1,12,N/A,N/A,N/A,N/A,1.5
2909323,Posidonas Neas Michanionas,Kilkisiakos Kilkis,0.5,2.25,COVER,2,0,0.75,-1,0.5,-1,CUBIERTO,1.5 → 0.5,CUBIERTO,1.5 → 0.5,-0.25
2909328,Aias Salaminas,AO Chaidari FC,0.25,2,NO_COVER,0,4,-1.25,-16,1.25,-17,N/A,N/A,CUBIERTO,0.5 → 0.25,1.5
2909657,Indahangarwa WFC (W),Police WFC (W),0.25,2.25,COVER,1,1,1.5,22,-0.5,16,CUBIERTO,0.5 → 0.25,NO CUBIERTO,-0.25 → 0.25,-1.25
2909330,Atsalenios,Ilisiakos FC,0.75,2.25,COVER,2,2,0.75,21,0.5,50,NO CUBIERTO,-0.25 → 0.75,CUBIERTO,0.5 → 0.75,0.0
2909667,Marines FC,Kiyovu FC,0.25,2,COVER,1,0,0.25,11,0.25,3,CUBIERTO,0.25 → 0.25,CUBIERTO,0.25 → 0.25,0.0
2909684,Atromitos (W),Volos 2004 (W),0.5,3.25,COVER,2,0,-1.75,-37,4.5,93,NO CUBIERTO,0.5 → 0.5,NO CUBIERTO,0.5 → 0.5,2.25
2909669,Mukura Victory Sports,Gicumbi FC,0.25,2,COVER,2,0,0.75,29,1,-20,CUBIERTO,1.25 → 0.25,NO CUBIERTO,0 → 0.25,-0.5
2909796,SC Corinthians Paulista (W),Palmeiras SP (W),0.5,2.5,COVER,1,0,0.75,63,-0.5,-16,CUBIERTO,0.75 → 0.5,NO CUBIERTO,0.25 → 0.5,-0.25
2790846,FC Twente Enschede,Go Ahead Eagles,0.75,3,COVER,2,0,0,0,1.25,20,CUBIERTO,1 → 0.75,NO CUBIERTO,0 → 0.75,0.75
2840473,Cittadella,Novara,0.75,2,COVER,2,2,-0.25,-3,0,6,CUBIERTO,1 → 0.75,CUBIERTO,1 → 0.75,1.0
2800434,Red Bull Salzburg,Wolfsberger AC,0.5,2.75,COVER,2,1,1.5,29,0,35,NO CUBIERTO,0.75 → 0.5,NO CUBIERTO,-0.5 → 0.5,-1.0
2907553,Reggina,Milazzo,0.75,2.5,COVER,2,0,-,0,0.5,8,N/A,N/A,N/A,N/A,0
2907552,Nissa FC,Sambiase,0.5,2.25,COVER,0,0,1.75,6,-,0,CUBIERTO,-0.25 → 0.5,CUBIERTO,-0.25 → 0.5,-1.25
2907565,AC Mestre,Altavilla,0.5,2,COVER,1,1,-,0,-,0,N/A,N/A,N/A,N/A,0
2907562,ACD Campodarsego,Calvi Noale,0.25,2.25,NO_COVER,1,3,0.25,-1,-,0,CUBIERTO,0.75 → 0.25,CUBIERTO,0.75 → 0.25,0.0
2907574,AC Palazzolo （ITL）,Cittadella Vis Modena,0.25,2.25,COVER,2,1,0.75,25,-,0,N/A,N/A,N/A,N/A,-0.5
2907595,Gozzano,Biellese,0.25,2.25,NO_COVER,0,4,0.5,16,-,0,N/A,N/A,N/A,N/A,-0.25
2907602,Valenzana,Cairese,0.25,2.25,COVER,0,0,0.25,-17,0.25,17,N/A,N/A,N/A,N/A,0.0
2907610,Real Calepina FC,Sondrio,0.5,2.25,COVER,1,1,-0.5,-9,-,0,N/A,N/A,N/A,N/A,1.0
2907608,US Folgore Caratese,ASD Brusaporto,0.25,2.5,COVER,1,1,-,0,0,-2,NO CUBIERTO,0 → 0.25,NO CUBIERTO,0 → 0.25,0
2907611,USD Casatese,Scanzorosciate,0.75,2.5,COVER,1,1,-,0,-,0,CUBIERTO,0.75 → 0.75,CUBIERTO,0.75 → 0.75,0
2907616,Prato,ASD Sporting Trestina,0.75,2.25,COVER,2,1,0.25,0,0.25,1,NO CUBIERTO,-0.25 → 0.75,NO CUBIERTO,-0.25 → 0.75,0.5
2907613,Gavorrano,Scandicci,0.25,2.25,COVER,1,0,0.25,1,1,20,N/A,N/A,NO CUBIERTO,-0.5 → 0.25,0.0
2907603,Milan Futuro,USD Castellanzese,0.25,2.5,COVER,3,1,0,-2,-,0,N/A,N/A,N/A,N/A,0.25
2907634,Giulianova,Mar Ratase,0.25,2.5,COVER,2,1,-,0,-,0,N/A,N/A,N/A,N/A,0
2909014,Eleven Arrows FC,Rundu Chiefs,0.5,2,COVER,0,0,0.25,-1,-,0,N/A,N/A,N/A,N/A,0.25
2784624,Fiorentina,Verona,0.75,2.25,NO_COVER,1,2,-0.5,-7,0.5,-8,CUBIERTO,1.25 → 0.75,NO CUBIERTO,-0.5 → 0.75,1.25
2789286,Nottingham Forest,Tottenham Hotspur,0.25,2.5,COVER,3,0,0,27,0.75,8,CUBIERTO,-0.25 → 0.25,CUBIERTO,0.25 → 0.25,0.25
2830493,Oud-Heverlee Leuven B,KFC Houtvenne,0.5,2.75,COVER,1,1,-1,-23,1.5,3,N/A,N/A,CUBIERTO,0.25 → 0.5,1.5
2830494,Roeselare Daisel,Ninove,0.75,2.75,COVER,2,0,-,0,0.75,-12,N/A,N/A,N/A,N/A,0
2830495,zelzate,Tienen,0.25,2.75,NO_COVER,0,3,-0.25,4,0.25,-16,N/A,N/A,N/A,N/A,0.5
2830492,Royal Knokke,Thes Sport,0.25,2.5,COVER,2,1,0.75,-7,0,3,N/A,N/A,NO CUBIERTO,0 → 0.25,-0.5
2835444,Lazio (W),Parma s (W),0.75,2.5,COVER,1,0,-0.75,-4,-0.25,-3,CUBIERTO,0.5 → 0.75,CUBIERTO,0.5 → 0.75,1.5
2896941,Aarhus AGF,Odense BK,0.75,3,COVER,3,1,1.25,4,-1.75,-6,NO CUBIERTO,0.75 → 0.75,NO CUBIERTO,-0.25 → 0.75,-0.5
2908358,Sohar Club,Oman Club,0.25,2,COVER,2,1,0.25,0,-0.5,-12,CUBIERTO,0.25 → 0.25,CUBIERTO,0.25 → 0.25,0.0
2907629,Francavilla,Pompei,0.5,2.5,COVER,1,1,-,0,-,0,N/A,N/A,N/A,N/A,0
2907623,Citta di Fasano,Real Agro Aversa,0.75,2.25,NO_COVER,0,2,0.5,17,1,41,N/A,N/A,CUBIERTO,0.25 → 0.75,0.25
2907557,Vigor Lamezia,ASD Sancataldese,0.25,2,COVER,2,1,0.25,2,-,0,N/A,N/A,N/A,N/A,0.0
2907621,Nardo,Ferrandina,0.75,2.25,COVER,1,0,0.25,15,0.75,0,N/A,N/A,N/A,N/A,0.5
2909639,Montpellier B,Lyonnais II,0.75,3,COVER,2,2,0.25,8,0.25,-13,N/A,N/A,N/A,N/A,0.5
2909686,Wythenshawe FC (W),Stockport County (W),0.75,3,NO_COVER,0,3,-0.25,8,1,13,N/A,N/A,N/A,N/A,1.0
2909789,Sporting West Harelbeke,KVK Ieper,0.25,3.25,COVER,2,0,0.25,2,0.25,-2,NO CUBIERTO,0.25 → 0.25,NO CUBIERTO,0.25 → 0.25,0.0
2794067,KFC Komarno,FK Kosice,0.5,2.75,NO_COVER,1,2,0,-5,0.25,17,NO CUBIERTO,-0.25 → 0.5,CUBIERTO,0.75 → 0.5,0.5
2909688,Bizkerre (W),Atletico Madrid C (W),0.5,2.75,NO_COVER,1,2,0.5,3,0.25,20,NO CUBIERTO,0.5 → 0.5,NO CUBIERTO,1 → 0.5,0.0
2909016,UNAM FC,Khomas Nampol FC,0.25,2,COVER,1,0,-,0,-,0,NO CUBIERTO,0 → 0.25,NO CUBIERTO,0 → 0.25,0
2878989,Leganes B,Mostoles,0.5,2.25,COVER,2,0,1.5,-6,-0.25,18,N/A,N/A,N/A,N/A,-1.0
2807017,Racing de Ferrol,Unionistas de Salamanca,0.75,2,COVER,2,1,0.5,4,0.25,-9,NO CUBIERTO,0.75 → 0.75,NO CUBIERTO,0 → 0.75,0.25
2795538,Macva Sabac,Zemun,0.25,2,COVER,1,1,0.5,-23,-0.25,18,NO CUBIERTO,0.75 → 0.25,NO CUBIERTO,0.25 → 0.25,-0.25
2807397,Teruel,Algeciras,0.25,1.75,COVER,1,0,0.5,15,0.75,-18,N/A,N/A,N/A,N/A,-0.25
2791593,Aberdeen,Kilmarnock,0.5,2.5,COVER,2,1,0.5,25,1.75,38,CUBIERTO,0.5 → 0.5,CUBIERTO,0 → 0.5,0.0
2814351,KAS Eupen,Club Brugge Ⅱ,0.5,2.75,COVER,2,1,0,-28,0.25,-18,CUBIERTO,0.25 → 0.5,CUBIERTO,0.25 → 0.5,0.5
2839007,Torreense U23,Sporting Lisbon Sad U23,0.5,2.5,NO_COVER,0,2,1,45,-0.25,-3,CUBIERTO,-0.25 → 0.5,CUBIERTO,0.25 → 0.5,-0.5
2814354,Lokeren,Genk II,0.75,3,COVER,2,2,-0.75,5,0.75,16,CUBIERTO,0 → 0.75,CUBIERTO,0 → 0.75,1.5
2859837,Bayelsa United,Remo Stars,0.5,2,COVER,2,1,1,24,0.25,-2,N/A,N/A,N/A,N/A,-0.5
2859838,Enyimba,Kwara United,0.75,1.75,COVER,3,1,0.75,6,0.5,0,N/A,N/A,N/A,N/A,0.0
2859840,Kun Khalifat FC,Abia Warriors,0.5,1.75,NO_COVER,0,1,0.75,4,1,26,N/A,N/A,N/A,N/A,-0.25
2863148,SD Torina,Selaya FC,0.75,2.25,COVER,1,0,-,0,-,0,N/A,N/A,N/A,N/A,0
2870270,Basake Holy Stars FC,Samartex,0.75,1.75,COVER,2,0,0.25,2,-,0,N/A,N/A,NO CUBIERTO,0.75 → 0.75,0.5
2859842,Plateau United,Nasarawa United,0.75,1.75,COVER,0,0,0.5,-4,-,0,CUBIERTO,1 → 0.75,NO CUBIERTO,0.75 → 0.75,0.25
2878158,UCAM Murcia CF B,EG El Palmar,0.75,2.25,COVER,1,0,0.25,11,0.25,-13,NO CUBIERTO,0.5 → 0.75,NO CUBIERTO,0.5 → 0.75,0.5
2877856,Atletico Onubense,CD Utrera,0.25,2.25,COVER,3,1,-0.25,14,0.25,8,N/A,N/A,NO CUBIERTO,0.75 → 0.25,0.5
2900789,Hamrun Spartans,Marsaxlokk FC,0.75,2.25,NO_COVER,1,3,0.75,4,0.25,-11,NO CUBIERTO,0.75 → 0.75,CUBIERTO,-0.5 → 0.75,0.0
2907518,Oriental Lisboa,Alcochetense,0.25,2.25,NO_COVER,0,3,0,-12,0.25,-18,CUBIERTO,0.25 → 0.25,CUBIERTO,0.25 → 0.25,0.25
2907514,FC Alverca B,FC Serpa,0.25,2.25,COVER,2,1,0,-19,0.25,28,N/A,N/A,N/A,N/A,0.25
2907516,Grupo Desp Lagoa,Portimonense B,0.25,2.25,COVER,2,1,0.25,-8,0.5,-15,N/A,N/A,N/A,N/A,0.0
2907505,Amarante,AD Marco 09,0.25,1.75,COVER,3,2,0,35,0.5,31,CUBIERTO,0.75 → 0.25,NO CUBIERTO,0 → 0.25,0.25
2907515,Juventude de Evora,Lusitano GC Moncarapachense,0.5,1.75,COVER,1,0,0.25,28,0.25,43,CUBIERTO,0.25 → 0.5,CUBIERTO,0.25 → 0.5,0.25
2907523,UD Santarem,Amora FC,0.25,2,COVER,0,0,-0.25,-22,0.75,50,NO CUBIERTO,-0.25 → 0.25,NO CUBIERTO,0 → 0.25,0.5
2907527,Associacao Naval,Marialvas,0.5,2.25,COVER,1,0,0.5,9,0,-18,N/A,N/A,N/A,N/A,0.0
2907525,Fatima,Electrico FC,0.75,2.25,COVER,0,0,0,-18,1.25,43,CUBIERTO,0.5 → 0.75,CUBIERTO,0.5 → 0.75,0.75
2907532,GD Braganca,Chaves B,0.25,2.25,COVER,1,1,0.25,35,0.25,27,N/A,N/A,N/A,N/A,0.0
2907534,Marr Tino,Mirandela,0.25,2,NO_COVER,0,1,-0.25,-5,0.5,11,CUBIERTO,0.5 → 0.25,CUBIERTO,-0.25 → 0.25,0.5
2907538,Florgrade,Aparecida(POR),0.75,2.25,COVER,3,1,0,19,0.5,-18,N/A,N/A,N/A,N/A,0.75
2907536,Tirsense,Limianos,0.25,2,COVER,1,0,0.5,11,-0.5,-55,NO CUBIERTO,0.25 → 0.25,NO CUBIERTO,0.25 → 0.25,-0.25
2907624,A.S Andria Bat,Manfredonia,0.5,2.25,NO_COVER,0,1,-,0,-,0,N/A,N/A,N/A,N/A,0
2907537,FC Alpendorada,Salgueiros,0.25,2,NO_COVER,1,2,0.75,30,0,19,NO CUBIERTO,0 → 0.25,NO CUBIERTO,1 → 0.25,-0.5
2907540,Leca,Rebordosa,0.25,2.25,COVER,1,1,1,26,-0.5,2,CUBIERTO,0.25 → 0.25,NO CUBIERTO,-0.25 → 0.25,-0.75
2909342,AC Barracuda,AC Semassi,0.5,1.75,COVER,1,0,0.5,2,0.5,0,CUBIERTO,0.25 → 0.5,CUBIERTO,0.25 → 0.5,0.0
2909651,Gbohloesu,AS Binah,0.5,1.75,COVER,2,2,0.5,0,0.5,2,N/A,N/A,NO CUBIERTO,0 → 0.5,0.0
2909679,Lugo U19,Montaneros U19,0.25,2.75,NO_COVER,2,5,-0.25,13,0,-20,N/A,N/A,N/A,N/A,0.5
2807808,Albacete,Malaga,0.25,2.5,NO_COVER,1,3,0,-17,0.5,-35,CUBIERTO,0.5 → 0.25,CUBIERTO,0.5 → 0.25,0.25
2793254,Basel,Lausanne Sports,0.75,3.5,COVER,0,0,1,7,0.25,-24,NO CUBIERTO,0.75 → 0.75,NO CUBIERTO,-0.5 → 0.75,-0.25
2814843,FC Famalicao,Estoril,0.5,2.5,COVER,4,0,-0.25,-26,1.75,-17,CUBIERTO,0.25 → 0.5,CUBIERTO,-0.25 → 0.5,0.75
2793255,Lugano,Servette,0.25,2.75,COVER,4,2,0.5,-14,-0.25,25,NO CUBIERTO,0.25 → 0.25,NO CUBIERTO,0 → 0.25,-0.25
2848297,CD Ardoi Draw,Aoiz,0.25,2.25,COVER,1,1,-0.5,-4,0.25,5,N/A,N/A,N/A,N/A,0.75
2863759,UD Aretxabaleta,Pasaia KE,0.5,2.25,COVER,1,0,0.25,13,0.75,7,CUBIERTO,0.25 → 0.5,CUBIERTO,0.25 → 0.5,0.25
2864672,Granada CF B,Arenas Armilla,0.5,2,COVER,1,1,0.75,15,0.25,1,N/A,N/A,N/A,N/A,-0.25
2838803,Vllaznia Shkoder,KS Bylis,0.75,2.25,COVER,1,1,0.5,0,0.5,14,CUBIERTO,0.75 → 0.75,CUBIERTO,0 → 0.75,0.25
2877857,Bollullos CF,Lucena CF,0.25,2,COVER,0,0,-,0,-,0,N/A,N/A,NO CUBIERTO,1 → 0.25,0
2909681,CF San Jorge de Alor,CP Cheles,0.25,2.25,COVER,2,2,0.25,5,1,8,N/A,N/A,N/A,N/A,0.0
2909720,Getafe (W),Cordoba (W),0.25,2.5,NO_COVER,0,4,1,30,0.25,23,N/A,N/A,CUBIERTO,-0.25 → 0.25,-0.75
2808238,Marino luanco,coruxo FC,0.25,2,NO_COVER,1,2,0,-19,0.5,22,CUBIERTO,0 → 0.25,NO CUBIERTO,0 → 0.25,0.25
2795753,Novi Pazar,Radnicki Nis,0.5,2.5,COVER,1,0,1,32,0,-57,NO CUBIERTO,0.75 → 0.5,CUBIERTO,0 → 0.5,-0.5
2808242,Sarriana,Atletico Astorga,0.25,2.25,COVER,0,0,-0.5,-30,1,63,N/A,N/A,N/A,N/A,0.75
2808241,CF Salmantino,Real Oviedo B,0.25,2.25,COVER,0,0,1.25,48,0.25,-4,CUBIERTO,0.5 → 0.25,CUBIERTO,0.5 → 0.25,-1.0
2808554,CD Tudelano,CD Basconia,0.75,2.25,NO_COVER,1,2,0.75,11,0.25,-16,N/A,N/A,N/A,N/A,0.0
2848300,CD Subiza,CD Huarte,0.5,2.5,COVER,2,0,0.5,15,-0.25,-2,N/A,N/A,N/A,N/A,0.0
2825341,Rio Ave U19,Moreirense U19,0.75,2.75,NO_COVER,1,2,0.25,-14,0.75,2,N/A,N/A,CUBIERTO,0 → 0.75,0.5
2815878,Pendikspor,76 Igdir Belediye spor,0.5,2.5,COVER,1,1,1.25,42,0.25,3,NO CUBIERTO,0.25 → 0.5,NO CUBIERTO,0.25 → 0.5,-0.75
2878439,Vianes,Comillas,0.75,2.5,NO_COVER,0,1,-,0,-,0,N/A,N/A,N/A,N/A,0
2867133,Lleida,CFJ Mollerussa,0.25,2.25,COVER,2,0,-1,-9,-,0,N/A,N/A,N/A,N/A,1.25
2866831,Hapoel Migdal HaEmek,Hapoel Umm Al Fahm,0.75,2.5,NO_COVER,1,3,0.5,1,1,31,NO CUBIERTO,-0.75 → 0.75,NO CUBIERTO,-0.75 → 0.75,0.25
2865200,UE Olot,CF Reus Deportiu,0.25,1.75,COVER,0,0,0.75,-11,-0.25,-18,CUBIERTO,0.75 → 0.25,N/A,N/A,-0.5
2907606,Chievo,AC Leon Monza Brianza,0.5,2.5,NO_COVER,0,2,1,0,-,0,N/A,N/A,N/A,N/A,-0.5
2878986,Atletico Madrid C,Las Rozas,0.5,2.5,COVER,1,1,0.75,21,-0.25,9,N/A,N/A,N/A,N/A,-0.25
2880109,Moralo CP,CD Gevora,0.75,2.5,COVER,2,1,0.5,8,-,0,CUBIERTO,1 → 0.75,CUBIERTO,1 → 0.75,0.25
2909725,Hapoel Ramat Gan U19,Maccabi Beer Sheva U19,0.75,3.25,COVER,3,1,-2,-10,0.5,-10,NO CUBIERTO,2.5 → 0.75,NO CUBIERTO,2.5 → 0.75,2.75
2909730,ASC Police,Nouakchott Academie,0.75,2.25,NO_COVER,0,1,0.25,0,-0.25,0,N/A,N/A,N/A,N/A,0.5
2909732,Stade Malien de Bamako,Djoliba,0.25,1.75,COVER,1,0,1.5,0,-0.5,1,CUBIERTO,0 → 0.25,CUBIERTO,0 → 0.25,-1.25
2909728,Diamond Stars,Wusum Stars,0.25,1.75,NO_COVER,0,1,0,0,0,0,CUBIERTO,0.25 → 0.25,CUBIERTO,0.25 → 0.25,0.25
2800162,Strasbourg,Lorient,0.75,2.75,COVER,0,0,0.75,9,0.25,21,NO CUBIERTO,0.75 → 0.75,NO CUBIERTO,0.75 → 0.75,0.0
2800156,Lens,Nice,0.75,3,COVER,2,0,0.5,10,-0.25,-7,NO CUBIERTO,0.5 → 0.75,NO CUBIERTO,0.25 → 0.75,0.25
2800856,HSK Zrinjski Mostar,Sarajevo,0.5,2.25,NO_COVER,0,1,1,-24,0,-9,CUBIERTO,0.75 → 0.5,NO CUBIERTO,0 → 0.5,-0.5
2789280,Brentford,Leeds United,0.5,2.5,COVER,1,1,1,13,1.75,29,CUBIERTO,0.25 → 0.5,NO CUBIERTO,0 → 0.5,-0.5
2840480,Triestina,Albinoleffe,0.25,2.25,COVER,5,2,0.75,29,0.25,7,NO CUBIERTO,0.5 → 0.25,NO CUBIERTO,0.25 → 0.25,-0.5
2861702,Al Shamal,Al-Ahli Doha,0.75,3.75,NO_COVER,0,1,-0.25,-41,0.25,13,CUBIERTO,0.25 → 0.75,CUBIERTO,0.25 → 0.75,1.0
2908214,US Ouakam Dakar,Ajel de Rufisque,0.25,1.5,NO_COVER,1,2,0.25,16,0,-58,NO CUBIERTO,0 → 0.25,NO CUBIERTO,0 → 0.25,0.0
2864673,Huetor Tajar,Marbelli,0.25,2.25,COVER,1,0,0.25,1,-,0,N/A,N/A,N/A,N/A,0.0
2840854,US Casertana 1908,Latina,0.75,2.25,COVER,3,1,0,-21,0.5,-7,NO CUBIERTO,0.5 → 0.75,NO CUBIERTO,0.5 → 0.75,0.75
2908218,US Goree,Pikine,0.5,1.5,COVER,0,0,0.25,-15,0,-6,N/A,N/A,N/A,N/A,0.25
2812986,Samsunspor,Istanbul Basaksehir,0.5,2.5,NO_COVER,0,2,0.75,-2,-0.25,29,CUBIERTO,0.25 → 0.5,NO CUBIERTO,0.25 → 0.5,-0.25
2794071,Slovan Bratislava,MSK Zilina,0.5,3.25,COVER,3,2,1.25,81,0,12,CUBIERTO,0.75 → 0.5,NO CUBIERTO,-0.5 → 0.5,-0.75
2812987,Trabzonspor,Besiktas JK,0.25,3,COVER,3,3,0.75,-1,-0.75,-27,NO CUBIERTO,-0.25 → 0.25,NO CUBIERTO,0.5 → 0.25,-0.5
2878991,Siello,Ciudad de Madrid,0.5,2.25,COVER,1,1,-0.25,-12,1.5,-6,N/A,N/A,N/A,N/A,0.75
2807016,Pontevedra,Arenas Club de Getxo,0.5,2,COVER,2,0,0.75,41,0.5,5,N/A,N/A,N/A,N/A,-0.25
2807394,Gimnastic Tarragona,FC Cartagena,0.25,2,COVER,2,0,0.5,-11,-0.25,12,NO CUBIERTO,0.25 → 0.25,CUBIERTO,0.5 → 0.25,-0.25
2807809,Almeria,Burgos CF,0.75,2.25,NO_COVER,1,2,1,96,0.25,14,CUBIERTO,0.75 → 0.75,NO CUBIERTO,0 → 0.75,-0.25
2838800,KS Dinamo Tirana,Egnatia,0.25,2,NO_COVER,1,2,0.75,-1,0,-3,NO CUBIERTO,-0.25 → 0.25,NO CUBIERTO,0.75 → 0.25,-0.5
2907522,CF Os Belenenses,Academica Coimbra,0.25,2.25,COVER,1,1,0.5,3,-0.25,-22,NO CUBIERTO,0 → 0.25,NO CUBIERTO,0 → 0.25,-0.25
2791857,Racing Genk,Westerlo,0.75,3.25,COVER,1,1,1,22,-0.25,-19,CUBIERTO,0.75 → 0.75,CUBIERTO,-0.25 → 0.75,-0.25
2810941,Schweinfurt 05 FC,Havelse,0.25,3.25,NO_COVER,2,3,-0.5,22,1,17,NO CUBIERTO,0.5 → 0.25,NO CUBIERTO,-0.25 → 0.25,0.75
2840472,Arzignano Valchiampo,Pro Patria,0.75,2.25,COVER,2,1,0,-25,0.75,29,CUBIERTO,0.5 → 0.75,NO CUBIERTO,-0.25 → 0.75,0.75
2785275,Legia Warszawa,Piast Gliwice,0.75,2.5,NO_COVER,0,1,1,0,0.75,8,NO CUBIERTO,0.5 → 0.75,NO CUBIERTO,-0.25 → 0.75,-0.25
2909850,UniversidadO M,Atlantico FC,0.75,2.5,NO_COVER,0,2,0.75,26,0.5,22,NO CUBIERTO,1 → 0.75,NO CUBIERTO,-0.25 → 0.75,0.0
2800158,Marseille,Monaco,0.5,3.25,COVER,1,0,0.75,62,-0.5,-15,CUBIERTO,0 → 0.5,NO CUBIERTO,0.5 → 0.5,-0.25
2909734,Comision de Actividades Infantiles,Jorge Newbery CR,0.25,2.75,COVER,0,0,0,-24,0,21,N/A,N/A,N/A,N/A,0.25
2856873,Dunbeholden FC,Chapelton,0.25,2.25,COVER,0,0,-1.25,-42,1.25,21,NO CUBIERTO,0 → 0.25,NO CUBIERTO,0 → 0.25,1.5
2909736,CA Juventud Alianza,Argentino Mendoza,0.25,2,COVER,0,0,0.25,6,1,2,N/A,N/A,NO CUBIERTO,0.5 → 0.25,0.0
2856874,Harbour View FC,Molynes United,0.75,2.75,COVER,0,0,0.75,-24,1,12,NO CUBIERTO,0.25 → 0.75,NO CUBIERTO,0.25 → 0.75,0.0
2909738,Universitario de Cordoba,Newells Laguna Larga,0.75,2.5,COVER,0,0,1.25,-1,1,20,N/A,N/A,N/A,N/A,-0.5
2907504,Fafe,Clube Desportivo Trofense,0.5,2,NO_COVER,1,2,0.5,11,0,-7,CUBIERTO,0.25 → 0.5,NO CUBIERTO,0.25 → 0.5,0.0
2909739,Regatas de San Nicolas,San Martin de Perez Millan,0.25,2.5,COVER,2,0,0.25,12,-1.5,-6,N/A,N/A,N/A,N/A,0.0
2909741,Guarani A. Franco,CSyD Luz y Fuerza,0.75,2.5,COVER,3,0,0.75,8,0.5,19,N/A,N/A,N/A,N/A,0.0
2892675,Point Fortin FC,FC Phoenix,0.25,3,NO_COVER,1,2,-,0,-,0,NO CUBIERTO,-0.25 → 0.25,NO CUBIERTO,0 → 0.25,0
2909853,Fuerte San Francisco Reserves,CD Luis Angel Firpo Reserves,0.25,3,NO_COVER,1,2,0.5,7,0,-8,NO CUBIERTO,0.25 → 0.25,NO CUBIERTO,0.5 → 0.25,-0.25
2908034,Platense,Olancho FC,0.25,2.75,COVER,1,1,0.75,16,-1.25,-34,CUBIERTO,0 → 0.25,CUBIERTO,0 → 0.25,-0.5
2856872,Cavalier FC,Racing United,0.5,2.5,NO_COVER,1,4,-0.25,-1,-0.5,-16,NO CUBIERTO,1.5 → 0.5,CUBIERTO,-0.5 → 0.5,0.75
2884521,Universidad Catolica,Independiente del Valle,0.25,2.5,NO_COVER,0,1,1.25,45,0.25,32,NO CUBIERTO,0 → 0.25,CUBIERTO,0.5 → 0.25,-1.0
2907773,Toluca,Tigres UANL,0.5,2.5,COVER,2,1,0.75,-10,0.25,18,NO CUBIERTO,0.75 → 0.5,NO CUBIERTO,0.25 → 0.5,-0.25
2843164,Redditch United,Stamford,0.75,2.5,COVER,2,0,0,0,1,0,CUBIERTO,0.25 → 0.75,NO CUBIERTO,0 → 0.75,0.75
2789285,Manchester United,AFC Bournemouth,0.5,3,COVER,4,4,1.25,19,-0.25,-1,CUBIERTO,0.25 → 0.5,CUBIERTO,0.25 → 0.5,-0.75
2909907,Penarol Reserve,Torque Reserves,0.25,2,COVER,1,0,1.75,18,-1.5,-49,NO CUBIERTO,1 → 0.25,NO CUBIERTO,-0.25 → 0.25,-1.5
2791598,Glasgow Rangers,Hibernian,0.5,2.75,COVER,1,0,1.5,29,0,46,CUBIERTO,0.75 → 0.5,CUBIERTO,-0.25 → 0.5,-1.0
2784629,AS Roma,Como,0.25,2.25,COVER,1,0,0,23,1,-20,CUBIERTO,0.5 → 0.25,CUBIERTO,0.5 → 0.25,0.25
2840856,Crotone,Casarano,0.75,2.5,COVER,2,0,1.25,1,0.25,-13,N/A,N/A,N/A,N/A,-0.5
2857401,Bromley U21,Colchester United U21,0.25,3.5,NO_COVER,2,3,0,-42,0.5,9,N/A,N/A,NO CUBIERTO,-0.25 → 0.25,0.25
2857398,Sheffield Utd U21,Stoke City U21,0.5,3.25,COVER,4,2,1.5,-4,0.25,18,N/A,N/A,CUBIERTO,0.25 → 0.5,-1.0
2909384,Saudi Arabia,Jordan,0.25,2,NO_COVER,0,1,0.75,30,0.75,53,CUBIERTO,0.25 → 0.25,CUBIERTO,0.25 → 0.25,-0.5
2814846,Nacional da Madeira,CD Tondela,0.25,2.25,COVER,3,1,-1.5,-83,0.75,62,N/A,N/A,N/A,N/A,1.75
2827144,AEK Larnaca,Omonia Nicosia FC,0.25,2.5,COVER,1,1,1.5,39,-1.25,-5,CUBIERTO,0.25 → 0.25,NO CUBIERTO,0 → 0.25,-1.25
2909997,Al Shabab Manama U21,Al-Ahli Manama U21,0.25,3.25,COVER,3,3,0.75,23,-0.5,-22,CUBIERTO,0.25 → 0.25,NO CUBIERTO,1.25 → 0.25,-0.5
2909995,Sitra U21,East Riffa U21,0.25,3.25,NO_COVER,0,1,0,23,-0.25,-22,N/A,N/A,N/A,N/A,0.25
2909941,Al-Wehdat Reserves,Al-Jazeera Reserve,0.25,2.5,COVER,3,2,0.25,-28,-2,-43,N/A,N/A,N/A,N/A,0.0
2909919,Al-Nassr Riyadh Reserves,Al Feiha Reserves,0.5,2.25,COVER,1,1,1,16,,0,N/A,N/A,N/A,N/A,-0.5
2797218,Farul Constanta,UTA Arad,0.5,2.5,COVER,1,1,-0.25,30,0.25,2,NO CUBIERTO,0.5 → 0.5,NO CUBIERTO,0.5 → 0.5,0.75
2868752,FC Neftci Baku,Standard Sumgayit,0.5,2.25,COVER,2,2,1.25,41,0,6,CUBIERTO,0.75 → 0.5,CUBIERTO,-0.5 → 0.5,-0.75
2909385,Morocco,United Arab Emirates,0.5,2,COVER,3,0,1,46,0.5,-1,N/A,N/A,N/A,N/A,-0.5
2907618,Robur Siena S.S.D.,Camaiore Calcio,0.75,2.5,NO_COVER,0,3,-,0,-,0,N/A,N/A,N/A,N/A,0
2909881,Kmka,Junguni United FC,0.5,2,COVER,6,1,0,37,1.25,14,N/A,N/A,NO CUBIERTO,-0.25 → 0.5,0.5
2909983,JKU FC,Chipukizi FC,0.75,1.75,COVER,2,0,1.25,14,0,37,CUBIERTO,1 → 0.75,CUBIERTO,-0.75 → 0.75,-0.5
2908168,Chadormalou Ardakan,Esteghlal Khozestan,0.5,1.75,COVER,3,1,0.5,0,1.75,66,CUBIERTO,0.25 → 0.5,CUBIERTO,0.25 → 0.5,0.0
2909899,Al-Wasl U19,Al Rams U19,0.75,3.5,COVER,2,0,2.75,41,-,0,NO CUBIERTO,1 → 0.75,NO CUBIERTO,1 → 0.75,-2.0
2909921,Edfu Center,Qift SC,0.25,2,COVER,2,0,-0.25,-1,,0,N/A,N/A,N/A,N/A,0.5
2908169,Gol Gohar FC,Mes Rafsanjan,0.75,1.75,COVER,2,0,0.25,0,0.25,0,NO CUBIERTO,0.25 → 0.75,NO CUBIERTO,0.25 → 0.75,0.5
2909886,Ethiopia Bunna,Mekelle 70 Enderta FC,0.5,2,NO_COVER,0,1,,0,,0,CUBIERTO,0.25 → 0.5,NO CUBIERTO,-0.25 → 0.5,0
2909841,Team FC Cairo,Sila SC,0.75,2.25,COVER,0,0,1.25,30,0.25,4,N/A,N/A,N/A,N/A,-0.5
2909843,Golden Gate SC,Cascada,0.5,2,NO_COVER,0,1,1,2,-0.25,42,N/A,N/A,N/A,N/A,-0.5
2909916,Sama Al Sarhan Reserves,Ramtha SC Reserves,0.75,3,NO_COVER,0,5,-2,-43,0,2,N/A,N/A,N/A,N/A,2.75
2909842,Fayoum,Bny Mazar,0.75,2.25,COVER,2,1,-0.25,-27,1,2,CUBIERTO,0 → 0.75,CUBIERTO,0 → 0.75,1.0
2908167,Malavan,Fajr Sepasi,0.5,1.75,NO_COVER,0,4,0.25,0,1,36,CUBIERTO,0 → 0.5,CUBIERTO,0 → 0.5,0.25
2908030,Lokomotiv Tbilisi,Aragvi Dusheti,0.75,3,NO_COVER,0,1,0.25,16,,0,CUBIERTO,0 → 0.75,CUBIERTO,0.25 → 0.75,0.5
2909924,Kadhimiya SC,Al Hussein,0.25,2,COVER,3,1,0,6,0,2,NO CUBIERTO,0 → 0.25,NO CUBIERTO,0.25 → 0.25,0.25
2885577,Al-Nojoom,Al-Sadd FC(SA),0.75,2,COVER,2,1,-,0,0.25,13,NO CUBIERTO,0.25 → 0.75,NO CUBIERTO,0.25 → 0.75,0
2909869,Mizoram,Nagaland,0.75,3.5,NO_COVER,0,1,0.25,-20,-0.75,-15,N/A,N/A,CUBIERTO,-1.5 → 0.75,0.5
2909873,DYES,Sri Gajanana,0.5,3.25,NO_COVER,0,4,-,10,-,0,N/A,N/A,N/A,N/A,0
2868750,Mil Mugan,Karvan Evlakh,0.75,2.5,COVER,1,1,-1.25,14,2.5,82,CUBIERTO,0.25 → 0.75,CUBIERTO,0.5 → 0.75,2.0
2909866,Kwansei Gakuin University,Takamatsu University,0.75,3,COVER,3,1,0.5,34,0.5,13,N/A,N/A,N/A,N/A,0.25
2909378,Vietnam U22,Philippines U22,0.75,2.5,COVER,2,0,0.5,32,0.5,-9,CUBIERTO,2.25 → 0.75,CUBIERTO,2.25 → 0.75,0.25
2910478,US Ouagadougou,9 Athletic FC,0.25,2,COVER,1,0,,0,,0,N/A,N/A,N/A,N/A,0
2910034,Samger FC,Banjul Hawks FC,0.25,1.75,NO_COVER,0,1,,0,-,20,NO CUBIERTO,-0.25 → 0.25,CUBIERTO,0.25 → 0.25,0
2909978,FC Kfar Qasim U19,Maccabi Yaffo Kabilio U19,0.25,3,NO_COVER,0,2,0,-44,-,-9,NO CUBIERTO,0 → 0.25,NO CUBIERTO,0 → 0.25,0.25
2910012,Bombada FC,BST Galaxy,0.25,1.75,COVER,1,1,-,20,0.25,13,CUBIERTO,0 → 0.25,NO CUBIERTO,0 → 0.25,0
2910006,King Nouakchott,ASC Snim,0.25,2,NO_COVER,2,3,0.75,18,1,-5,CUBIERTO,0.75 → 0.25,CUBIERTO,0.75 → 0.25,-0.5
2909985,Maccabi Tzur ShalomU19,Ironi Nesher U19,0.5,3,COVER,2,2,0.75,1,0.25,-1,CUBIERTO,0.25 → 0.5,CUBIERTO,0.25 → 0.5,-0.25
2909017,Democratic Rep Congo,Zambia,0.25,2,COVER,2,0,0.75,15,-,0,CUBIERTO,0 → 0.25,CUBIERTO,0 → 0.25,-0.5
2821971,Altay Spor Kulubu,Nazillispor,0.5,2,COVER,3,0,0.25,-23,-,14,CUBIERTO,1.5 → 0.5,CUBIERTO,1.5 → 0.5,0.25
2838970,Academico Viseu U23,Famalicao U23,0.5,2.5,NO_COVER,1,2,1,38,-0.5,-35,NO CUBIERTO,0 → 0.5,CUBIERTO,0.5 → 0.5,-0.5
2910053,Saudi Arabia U23,Iraq U23,0.25,2.5,COVER,2,0,0.5,16,0.25,2,N/A,N/A,N/A,N/A,-0.25
2909900,Maccabi Tel Aviv Shachar U19,Beitar Jerusalem Oren U19,0.75,3.25,COVER,3,0,0.5,9,-2,0,CUBIERTO,1.5 → 0.75,NO CUBIERTO,-0.25 → 0.75,0.25
2909904,Hapoel Kfar Saba U19,Bnei Yehuda Tel Aviv U19,0.25,2.75,NO_COVER,1,2,1,8,0.5,9,NO CUBIERTO,0.25 → 0.25,NO CUBIERTO,0.25 → 0.25,-0.75
2881888,KCB SC,APS Bomet,0.25,2,COVER,4,2,0.5,17,0.25,7,N/A,N/A,N/A,N/A,-0.25
2910011,Nogoom El Mostakbal,El Shams,0.25,2,NO_COVER,0,1,0.5,0,0.25,18,CUBIERTO,-0.25 → 0.25,CUBIERTO,-0.25 → 0.25,-0.25
2910010,Diamond SC,Ithad Al Shortah,0.5,2,NO_COVER,0,1,0.25,17,0.25,-22,N/A,N/A,N/A,N/A,0.25
2910029,PSGC Ciamis,Persikota Tangerang,0.25,2,COVER,3,0,,0,,0,N/A,N/A,N/A,N/A,0
2910030,Persebata Lembata,Waanal Brothers,0.25,2.25,COVER,1,0,-0.25,-19,,0,N/A,N/A,N/A,N/A,0.5
2910008,Banha,Levels FC,0.25,2,COVER,1,0,0,17,0,-31,N/A,N/A,N/A,N/A,0.25
2885810,Al Liwaa,Hajer,0.5,2.5,NO_COVER,0,1,-,0,-,0,N/A,N/A,N/A,N/A,0
2821256,Galata,Yldrm Belediyesispor,0.25,2.25,NO_COVER,0,1,0.25,0,-0.5,18,N/A,N/A,N/A,N/A,0.0
2821258,Inkilapspor,EdirnesporGenclik,0.5,2.5,COVER,2,0,-0.5,18,1.5,19,N/A,N/A,N/A,N/A,1.0
2821254,Corluspor,Yesil Yalova FK,0.25,2.5,COVER,0,0,-,0,-0.75,-2,N/A,N/A,N/A,N/A,0
2818941,Inegolspor,Ankaragucu,0.25,2.25,NO_COVER,1,2,1,6,-1,0,N/A,N/A,NO CUBIERTO,1 → 0.25,-0.75
2881886,Posta Rangers,Bandari,0.25,1.75,COVER,0,0,0,-38,0,6,NO CUBIERTO,0.25 → 0.25,NO CUBIERTO,0.5 → 0.25,0.25
2910016,Zagreb locomotive U19,Hajduk Split U19,0.25,3,COVER,2,2,2.5,54,-1,-42,CUBIERTO,0 → 0.25,NO CUBIERTO,-0.25 → 0.25,-2.25
2821735,Kdz Ereglispor,Bulancak,0.5,2.5,COVER,4,1,0,-1,-,0,N/A,N/A,N/A,N/A,0.5
2821495,Kirsehir Koyhizmetleri,Turk Metal 1963,0.25,2.25,COVER,1,1,-,0,0.25,0,N/A,N/A,N/A,N/A,0
2821732,Fatsa Belediyespor,Yeni Amasya Spor,0.75,2.5,COVER,1,0,0,1,0,-1,N/A,N/A,N/A,N/A,0.75
2910028,Perseden Denpasar,Gresik United,0.25,2.25,COVER,2,1,0.25,10,,0,N/A,N/A,N/A,N/A,0.0
2910295,Young Guns FC,Mumbai Strikers,0.75,3.25,COVER,6,0,-,24,0,45,N/A,N/A,N/A,N/A,0
2909972,Binh Phuoc U19,Dong Thap U19,0.5,2.75,NO_COVER,0,2,0.25,3,2.5,26,NO CUBIERTO,-0.5 → 0.5,N/A,N/A,0.25
2910024,Waltham Abbey,Stanway Rovers,0.25,2.75,COVER,1,0,0.5,2,0.25,-5,N/A,N/A,N/A,N/A,-0.25
2910035,Hastings United,Sevenoaks Town,0.75,2.5,NO_COVER,2,3,0.5,3,0,-13,N/A,N/A,N/A,N/A,0.25
2910022,Bowers Pitsea,Tilbury,0.5,2.75,COVER,1,0,0.75,11,0.5,12,CUBIERTO,0.75 → 0.5,CUBIERTO,0.75 → 0.5,-0.25
2909994,Consett AFC,Silsden,0.5,2.75,COVER,4,1,-0.25,-13,0.75,20,N/A,N/A,N/A,N/A,0.75
2908018,Deportes Tolima,Atletico Junior Barranquilla,0.5,2.5,NO_COVER,0,1,0.75,-14,0,20,CUBIERTO,0.25 → 0.5,NO CUBIERTO,0.5 → 0.5,-0.25
2909992,Runcorn Linnets,Clitheroe,0.5,2.75,COVER,2,0,0.5,11,0.75,19,NO CUBIERTO,0.5 → 0.5,NO CUBIERTO,0.5 → 0.5,0.0
2904066,Queen＇s Park,Clyde,0.5,2.75,COVER,2,1,,0,0.5,-2,N/A,N/A,N/A,N/A,0
2843152,Alvechurch,Bishop＇s Stortford,0.25,2.5,COVER,1,1,-0.25,6,,0,N/A,N/A,CUBIERTO,0.5 → 0.25,0.5
2845969,Tamworth,Manchester United U21,0.25,3.25,COVER,3,0,0.75,-9,-0.25,-10,N/A,N/A,N/A,N/A,-0.5
2828956,Chichester City,Cheshunt,0.25,2.75,COVER,2,2,0.25,-9,0.5,24,CUBIERTO,0.75 → 0.25,CUBIERTO,0.75 → 0.25,0.0
2832050,Hanwell Town,Hungerford Town,0.25,2.75,NO_COVER,1,3,0,0,0.25,0,NO CUBIERTO,0.25 → 0.25,CUBIERTO,0.5 → 0.25,0.25
2820837,Dagenham Redbridge,Slough Town,0.75,2.5,COVER,0,0,0.5,2,0.25,7,N/A,N/A,N/A,N/A,0.25
2829029,Wingate Finchley,Burgess Hill Town,0.25,2.75,COVER,0,0,0.25,-13,0.75,0,N/A,N/A,N/A,N/A,0.0
2820838,Dorking,Weston Super Mare,0.5,2.5,COVER,3,2,0.75,-15,0,5,NO CUBIERTO,0.5 → 0.5,NO CUBIERTO,0.5 → 0.5,-0.25
2824022,UWIC Inter Cardiff,Briton Ferry Athletic,0.75,2.75,COVER,2,2,1.5,45,1.5,9,NO CUBIERTO,1.5 → 0.75,NO CUBIERTO,0 → 0.75,-0.75
2897064,Den Bosch,Katwijk,0.75,3,COVER,2,1,-1,12,,0,N/A,N/A,N/A,N/A,1.75
2878153,Mazarron CF,Muleno CF,0.75,2.25,COVER,2,0,0.5,14,0.5,-17,NO CUBIERTO,0.75 → 0.75,CUBIERTO,-0.25 → 0.75,0.25
2910479,Santos FC U20 (W),Gremio U20 (W),0.5,2.5,COVER,0,0,0,-12,0.5,-46,NO CUBIERTO,0 → 0.5,NO CUBIERTO,0 → 0.5,0.5
2805885,Afan Lido,Ynyshir Albions,0.25,3,NO_COVER,0,2,-0.25,-28,0.75,0,CUBIERTO,0.75 → 0.25,CUBIERTO,0 → 0.25,0.5
2857411,Blackburn Rovers U21,Watford U21,0.25,3.5,COVER,4,2,0.75,8,0.5,-2,N/A,N/A,NO CUBIERTO,0 → 0.25,-0.5
2793262,St. Gallen,FC Sion,0.25,2.75,COVER,3,1,0.25,-15,0.5,-14,CUBIERTO,0.5 → 0.25,NO CUBIERTO,0.25 → 0.25,0.0
2857405,Charlton Athletic U21,Leicester City U21,0.75,3.75,NO_COVER,0,5,1.25,-18,0.75,-21,N/A,N/A,CUBIERTO,0.5 → 0.75,-0.5
2813577,Maritimo,SL Benfica B,0.5,2.5,COVER,1,1,0.5,46,0.5,-8,NO CUBIERTO,0.5 → 0.5,CUBIERTO,0.25 → 0.5,0.0
2910508,Potiguar RN,EC de Patos,0.5,2.75,COVER,3,0,0,-13,,0,N/A,N/A,N/A,N/A,0.5
2910581,Union Villa Krause,Desamparados,0.25,2.25,COVER,2,2,2.25,13,,0,CUBIERTO,0.25 → 0.25,CUBIERTO,0.25 → 0.25,-2.0
2910489,Defensores Puerto Vilelas,CA Juventud de Puerto Tirol,0.5,2.5,COVER,3,2,0.5,0,-0.5,6,CUBIERTO,0.75 → 0.5,CUBIERTO,0.75 → 0.5,0.0
2892651,Central FC,Caledonia AIA,0.75,3.25,COVER,3,1,0.25,0,1.25,-1,NO CUBIERTO,0.75 → 0.75,NO CUBIERTO,0.75 → 0.75,0.5
2909933,Corinthians Paulista (SP),Vasco da Gama,0.5,2.25,COVER,0,0,0,16,0.75,-8,CUBIERTO,0.75 → 0.5,CUBIERTO,0 → 0.5,0.5
2910497,Moca FC,UniversidadO M,0.5,2.5,NO_COVER,1,3,0.5,22,1,15,NO CUBIERTO,-0.25 → 0.5,NO CUBIERTO,-0.25 → 0.5,0.0
2910495,Atlantico FC,Jarabacoa FC,0.75,2.75,COVER,1,1,-0.75,0,0.75,15,NO CUBIERTO,1 → 0.75,NO CUBIERTO,0 → 0.75,1.5
2864364,CD Bunol,Recambios Colon CD,0.5,2,COVER,2,0,0,-11,0.75,15,NO CUBIERTO,0.25 → 0.5,NO CUBIERTO,0.25 → 0.5,0.5
2854089,West Ham U21,Sporting CP B,0.25,3,NO_COVER,1,2,1,-68,0.25,50,N/A,N/A,N/A,N/A,-0.75
2904056,Casa Pia AC,SCU Torreense,0.5,2.25,NO_COVER,1,2,,0,0,23,N/A,N/A,N/A,N/A,0
2910448,UD Tomares U19,UD La Mosca U19,0.5,2.75,COVER,4,1,-1,-22,1.5,49,N/A,N/A,N/A,N/A,1.5
2835586,Bristol Academy (W),CrystalPalace (W),0.25,2.75,NO_COVER,2,3,1,7,-1.25,-18,CUBIERTO,0.75 → 0.25,CUBIERTO,-1 → 0.25,-0.75
2909755,Paris Saint Germain (PSG),Flamengo,0.75,2.5,COVER,1,1,,0,-1,-13,N/A,N/A,N/A,N/A,0
2909140,Trabzonspor,Alanyaspor,0.25,2.5,NO_COVER,0,1,2.25,16,-0.5,-60,NO CUBIERTO,0.75 → 0.25,NO CUBIERTO,0.75 → 0.25,-2.0
2910468,Calavera CF U19,Cordoba U19,0.75,3,COVER,1,0,1.25,30,0,14,CUBIERTO,0.25 → 0.75,NO CUBIERTO,-0.25 → 0.75,-0.5
2910473,Harts,Falcons FC,0.25,1.75,COVER,2,0,-,6,-,6,N/A,N/A,N/A,N/A,0
2910515,Sahel FC,Leopard St Camille,0.5,2,COVER,0,0,,0,,0,N/A,N/A,N/A,N/A,0
2910472,TMT FA,Team Rhino FC,0.25,1.75,COVER,1,1,0.5,49,1,30,CUBIERTO,0.25 → 0.25,CUBIERTO,0.25 → 0.25,-0.25
2910566,Nasarawa Amazons (W),Abia Angels FC (W),0.25,2,COVER,0,0,0,14,-1.25,-27,N/A,N/A,CUBIERTO,0.25 → 0.25,0.25
2795722,Radnicki 1923 Kragujevac,Cukaricki Stankom,0.25,2.5,COVER,3,2,1,44,0,-15,NO CUBIERTO,-0.25 → 0.25,NO CUBIERTO,0.25 → 0.25,-0.75
2909171,Caykur Rizespor,Gazisehir Gaziantep,0.5,2.75,COVER,5,2,0.5,37,-2.5,-20,CUBIERTO,0.5 → 0.5,NO CUBIERTO,0.25 → 0.5,0.0
2800836,FK Zeljeznicar,FK Sloga Doboj,0.75,2.25,COVER,0,0,0.75,58,0.5,1,CUBIERTO,0.75 → 0.75,NO CUBIERTO,-0.5 → 0.75,0.0
2910458,Anagennisi Artas,Asteras Stavros,0.25,2.25,COVER,0,0,0.75,15,0,16,N/A,N/A,NO CUBIERTO,0 → 0.25,-0.5
2910464,ZESCO United Ndola,Nchanga Rangers,0.5,1.75,COVER,0,0,-1,3,0.25,28,NO CUBIERTO,0.75 → 0.5,NO CUBIERTO,0.75 → 0.5,1.5
2854856,Lille U19,Caen U19,0.25,2.5,COVER,5,1,-,0,-,0,NO CUBIERTO,0.5 → 0.25,NO CUBIERTO,0.75 → 0.25,0
2910480,Zimamoto SC,Mafunzo FC,0.75,1.75,COVER,1,1,0,-37,-0.25,-17,NO CUBIERTO,-0.75 → 0.75,NO CUBIERTO,0.5 → 0.75,0.75
2910451,AE Lefkimmis,AE Neas Seleukeias,0.75,2.25,COVER,4,0,2.5,9,1.5,33,N/A,N/A,N/A,N/A,-1.75
2908949,Ma Lu,Express FC,0.75,2.25,COVER,4,0,-0.25,-40,0.25,50,CUBIERTO,0.25 → 0.75,CUBIERTO,0.25 → 0.75,1.0
2910482,Eastern District U22,Eastern Football Team U22,0.25,3.25,COVER,1,0,,0,1.25,-8,N/A,N/A,N/A,N/A,0
2881890,Gor Mahia,Kakamega Homeboyz,0.5,1.75,COVER,1,0,0.5,0,-0.5,-27,CUBIERTO,0.25 → 0.5,NO CUBIERTO,0.5 → 0.5,0.0
2910432,AO Mikrasiatikos,AO Chaidari FC,0.75,2.5,NO_COVER,0,2,3,37,-0.25,7,NO CUBIERTO,0.25 → 0.75,NO CUBIERTO,0.25 → 0.75,-2.25
2910534,Abo Qair Semads,Tersana SC,0.75,1.75,COVER,0,0,0.75,54,0.25,9,CUBIERTO,0.75 → 0.75,CUBIERTO,0.75 → 0.75,0.0
2910044,Al-Arabi(JOR),Ethad Al-Ramtha,0.5,2,COVER,2,1,0.75,16,0.5,0,NO CUBIERTO,0.5 → 0.5,NO CUBIERTO,0.5 → 0.5,-0.25
2909934,Vietnam (W),Philippines (W),0.25,1.75,COVER,0,0,4.25,0,0.25,11,NO CUBIERTO,0.25 → 0.25,NO CUBIERTO,-1 → 0.25,-4.0
2910544,Naivas FC,Gucha Stars FC,0.5,2,NO_COVER,0,1,0.5,20,0.5,-3,N/A,N/A,N/A,N/A,0.0
2910460,Luanda Villa SC,Nzoia United,0.25,2,COVER,0,0,0.5,-3,0.5,20,NO CUBIERTO,1 → 0.25,CUBIERTO,0.25 → 0.25,-0.25
2909998,Equity FC,Darajani Gogo,0.25,2,COVER,2,0,0,-55,-0.25,19,N/A,N/A,N/A,N/A,0.25
2910447,Granada U19,Cadiz U19,0.5,2.5,COVER,1,1,-1,10,-0.25,-49,NO CUBIERTO,0.75 → 0.5,NO CUBIERTO,0.5 → 0.5,1.5
2910485,Lideta Sub City (W),Arba Minch (W),0.25,2,COVER,4,2,-0.5,2,1.25,78,N/A,N/A,NO CUBIERTO,0 → 0.25,0.75
2910457,Fortune Sacco,FC Talanta,0.5,1.75,COVER,3,1,0.5,8,0,-13,NO CUBIERTO,-0.25 → 0.5,NO CUBIERTO,1 → 0.5,0.0
2852944,Bangkok United FC,Nam Dinh FC,0.25,2.75,NO_COVER,1,4,0.5,79,-1.75,-87,CUBIERTO,0.25 → 0.25,CUBIERTO,0.25 → 0.25,-0.25
2881887,Shabana FC,Mara Sugar FC,0.5,1.75,COVER,0,0,0.5,-14,0.25,17,NO CUBIERTO,0.5 → 0.5,NO CUBIERTO,0.5 → 0.5,0.0
2908172,Zob Ahan,Shams Azar Qazvin,0.5,1.75,COVER,0,0,-0.5,-16,0.75,0,CUBIERTO,0 → 0.5,NO CUBIERTO,0.25 → 0.5,1.0
2821974,Denizli IY Gureller,Kestel,0.25,2.25,COVER,1,0,-0.75,-18,1,0,N/A,N/A,N/A,N/A,1.0
2818939,Bucaspor 1928,Altinordu,0.25,2.5,NO_COVER,1,2,-1,0,1.5,0,CUBIERTO,1.25 → 0.25,CUBIERTO,1.25 → 0.25,1.25
2881884,Tusker,Nairobi United,0.75,2,NO_COVER,0,1,0.25,17,0,-38,N/A,N/A,NO CUBIERTO,-0.75 → 0.75,0.5
2801283,Lecce U20,Napoli Youth,0.5,2.5,NO_COVER,0,3,-0.5,-6,-,0,NO CUBIERTO,0.75 → 0.5,NO CUBIERTO,0.75 → 0.5,1.0
2818942,Iskenderun FK,Adana 1954,0.25,2.25,NO_COVER,2,3,1,0,1,6,NO CUBIERTO,0.5 → 0.25,NO CUBIERTO,0.5 → 0.25,-0.75
2801280,Genoa U20,Frosinone U20,0.75,2.75,COVER,1,1,-0.25,0,-,0,CUBIERTO,0.75 → 0.75,NO CUBIERTO,-0.25 → 0.75,1.0
2910512,Khonkaen Mordindang FC,Surin Khongcheemool,0.5,3,COVER,6,1,-1.75,-8,,0,CUBIERTO,0.75 → 0.5,CUBIERTO,0 → 0.5,2.25
2910442,Karsiyaka U19,Bucaspor U19,0.75,3.25,COVER,3,1,0.25,26,2.75,57,NO CUBIERTO,-1.25 → 0.75,NO CUBIERTO,-1.25 → 0.75,0.5
2908945,Zaqatala FK,FK MOIK Baku,0.5,2.5,NO_COVER,1,3,0.5,26,0,-26,CUBIERTO,0.25 → 0.5,CUBIERTO,0.25 → 0.5,0.0
2821736,Pazarspor,Karabuk Idman,0.5,2.5,COVER,1,0,-,0,-,0,N/A,N/A,NO CUBIERTO,0 → 0.5,0
2910513,Royal Thai Air Force FC,Kasem Bundit University FC,0.25,2.75,COVER,2,2,,0,0,2,NO CUBIERTO,-0.75 → 0.25,NO CUBIERTO,0.25 → 0.25,0
2819264,Ankarademirspor,Kahramanmaras Bld,0.25,2.5,NO_COVER,0,3,0,0,-0.5,-2,N/A,N/A,N/A,N/A,0.25
2910501,Andhra Pradesh,Pondicherry FA,0.25,2.75,NO_COVER,1,3,-2,-15,7,137,N/A,N/A,N/A,N/A,2.25
2910511,Pattaya City,Chachoengsao,0.75,2.5,NO_COVER,0,1,0,-23,1,26,CUBIERTO,0.5 → 0.75,CUBIERTO,0.5 → 0.75,0.75
2910509,Prime Bangkok FC,Ang Thong FC,0.75,2.75,COVER,1,0,0.5,11,-,0,CUBIERTO,0.5 → 0.75,NO CUBIERTO,0.25 → 0.75,0.25
2910503,Niigata University,International Pacific University,0.25,2.5,COVER,1,1,-,0,-0.25,-18,N/A,N/A,N/A,N/A,0
2910441,Kwansei Gakuin University,Osaka University HSS,0.5,2.75,NO_COVER,0,1,0.75,13,,0,N/A,N/A,N/A,N/A,-0.25
2910491,Persitara Jakarta Utara,Pekanbaru FC,0.25,2,COVER,1,1,0.25,-37,-0.5,-14,N/A,N/A,N/A,N/A,0.0
2910459,Kibera Black Stars,Migori Youth,0.25,2,COVER,1,0,1,-9,0.25,5,CUBIERTO,0.5 → 0.25,CUBIERTO,0.5 → 0.25,-0.75
2910439,Tsukuba University,Hannan University,0.5,2.75,NO_COVER,1,2,-,0,0.5,-9,N/A,N/A,N/A,N/A,0
2910504,Momoyama Gakuin University,Konan University,0.25,2.75,NO_COVER,0,3,-0.25,-16,0.25,4,N/A,N/A,N/A,N/A,0.5
2911014,Resistencia Central,CSD Fontana,0.5,2.25,COVER,1,1,0.5,-5,0.25,19,N/A,N/A,NO CUBIERTO,0.25 → 0.5,0.0
2910518,Paraguay (W) U20,Chile (W) U20,0.25,2.75,COVER,3,0,-,0,0,-32,CUBIERTO,-0.5 → 0.25,CUBIERTO,-0.5 → 0.25,0
2910580,Cibao FC,Atletico Pantoja,0.25,2.25,COVER,2,0,1.75,22,-0.25,-2,CUBIERTO,0.75 → 0.25,NO CUBIERTO,-0.25 → 0.25,-1.5
2906452,Liga Dep. Universitaria Quito,Universidad Catolica,0.25,2,NO_COVER,2,3,1,51,-0.75,-5,NO CUBIERTO,0.25 → 0.25,NO CUBIERTO,0 → 0.25,-0.75
2862234,FSV Mainz 05,Samsunspor,0.75,2.75,COVER,2,0,0.25,28,-1,-28,N/A,N/A,N/A,N/A,0.5
2862231,Omonia Nicosia FC,Rakow Czestochowa,0.25,2.25,NO_COVER,0,1,0,-15,0.75,15,N/A,N/A,N/A,N/A,0.25
2862228,Shamrock Rovers,Hamrun Spartans,0.5,2.5,COVER,3,1,-1.75,-30,2,10,N/A,N/A,N/A,N/A,2.25
2862221,Sigma Olomouc,Lech Poznan,0.25,2.25,NO_COVER,1,2,0,-5,1.25,54,N/A,N/A,N/A,N/A,0.25
2862212,Dynamo Kyiv,FC Noah,0.25,2.5,COVER,2,0,1,15,0,24,N/A,N/A,N/A,N/A,-0.75
2862193,Slovan Bratislava,Hacken,0.25,2.5,COVER,1,0,-0.5,-11,0.25,-12,N/A,N/A,N/A,N/A,0.75
2862199,HSK Zrinjski Mostar,Rapid Wien,0.5,2.25,COVER,1,1,0.25,-12,0.25,22,N/A,N/A,N/A,N/A,0.25
2910549,Polimnia,Virtus Mola,0.25,2.25,COVER,4,0,-0.5,0,,0,N/A,N/A,N/A,N/A,0.75
2893430,Napoli,AC Milan,0.25,2.5,COVER,2,0,,0,,0,CUBIERTO,0.5 → 0.25,NO CUBIERTO,0 → 0.25,0
2909141,Galatasaray,Istanbul Basaksehir,0.75,2.75,COVER,1,0,,0,,0,CUBIERTO,1.25 → 0.75,CUBIERTO,-1 → 0.75,0
2814363,RFC de Liege,Lokeren,0.25,2.75,NO_COVER,0,1,-0.75,-27,0,37,NO CUBIERTO,0.25 → 0.25,CUBIERTO,0 → 0.25,1.0
2814362,Patro Eisden,KAS Eupen,0.75,2.5,NO_COVER,0,1,0.5,5,-0.25,11,CUBIERTO,1 → 0.75,NO CUBIERTO,0 → 0.75,0.25
2910492,Al Hilal Omdurman,Kiyovu FC,0.75,2.25,NO_COVER,1,2,1.5,42,0.25,-17,N/A,N/A,N/A,N/A,-0.75
2848304,Beti Kozkor KE,CD Beti Onak,0.5,2.5,COVER,1,0,0.25,5,0.5,8,N/A,N/A,N/A,N/A,0.25
2911024,Necaxa,Mineros de Zacatecas,0.5,3,COVER,3,0,,0,,0,N/A,N/A,N/A,N/A,0
2910535,Medina United FC,Gambia Ports Authority,0.25,1.75,NO_COVER,0,2,,0,,0,NO CUBIERTO,-0.25 → 0.25,NO CUBIERTO,0.25 → 0.25,0
2910499,Brikama United,Gambian Dutch Lions,0.25,1.75,COVER,5,4,0.5,16,0.5,16,NO CUBIERTO,0.5 → 0.25,NO CUBIERTO,0.5 → 0.25,-0.25
2910431,AS Pompier,ASC Tevragh Zeine,0.5,2,COVER,1,0,0.25,6,-0.25,-11,NO CUBIERTO,-0.5 → 0.5,NO CUBIERTO,-0.5 → 0.5,0.25
2842475,ASO Chlef,MC Oran,0.25,1.75,COVER,1,0,0.5,15,0.5,8,CUBIERTO,1 → 0.25,CUBIERTO,1 → 0.25,-0.25
2870761,Hapoel Jerusalem (W),AS Tel Aviv University (W),0.75,3.25,COVER,2,0,-0.75,1,-2.25,-47,NO CUBIERTO,1 → 0.75,CUBIERTO,-0.75 → 0.75,1.5
2870762,Maccabi Holon FC (W),Hapoel Raanana (W),0.25,3.25,COVER,2,2,-0.25,-7,-2.75,-76,N/A,N/A,NO CUBIERTO,0.25 → 0.25,0.5
2884084,AS Sonabel,AJEB,0.5,1.75,COVER,2,0,0.5,38,0.25,25,N/A,N/A,N/A,N/A,0.0
2910542,Atletico Racale,Toma Maglie,0.25,2.25,NO_COVER,0,2,,0,2,7,N/A,N/A,N/A,N/A,0
2876437,NBE SC,Future FC,0.25,1.75,COVER,1,1,0.25,21,0.5,-58,CUBIERTO,0.5 → 0.25,NO CUBIERTO,-0.25 → 0.25,0.0
2909155,Genclerbirligi,Bodrumspor,0.25,2.25,COVER,3,2,,0,-0.75,-19,CUBIERTO,-0.25 → 0.25,NO CUBIERTO,0.5 → 0.25,0
2856427,Hapoel Holon Yaniv,Tzeirey Tira,0.5,2.25,NO_COVER,1,3,1.5,-2,-0.5,-1,CUBIERTO,0.75 → 0.5,NO CUBIERTO,-1 → 0.5,-1.0
2910564,San Felix CF U19,Sporting Atletico U19,0.25,2.75,NO_COVER,1,2,0,-6,2.75,17,NO CUBIERTO,0.75 → 0.25,NO CUBIERTO,0.75 → 0.25,0.25
2908362,Al-Nasr(OMA),Oman Club,0.25,2,COVER,2,1,0.75,11,0.25,-41,NO CUBIERTO,0 → 0.25,NO CUBIERTO,0 → 0.25,-0.5
2899176,Tractor S.C.,Persepolis,0.25,1.75,COVER,1,1,,0,,0,NO CUBIERTO,0.25 → 0.25,NO CUBIERTO,0.25 → 0.25,0
2911015,Alexandria Petroleum,Al Hilal Matrouh,0.5,2.25,COVER,2,1,0.25,-8,0.25,15,N/A,N/A,N/A,N/A,0.25
2908360,Bahla,Al-Khaboora,0.5,2.25,COVER,2,0,0.25,13,0.25,0,NO CUBIERTO,0.75 → 0.5,NO CUBIERTO,0.75 → 0.5,0.25
2881885,AFC Leopards,Ulinzi Stars Nakuru,0.25,1.75,COVER,2,1,0.5,18,0.25,17,NO CUBIERTO,0.25 → 0.25,NO CUBIERTO,0.25 → 0.25,-0.25
2910049,AL-Sareeh,Jerash Club,0.25,2.75,COVER,3,2,1,11,-1.25,3,N/A,N/A,N/A,N/A,-0.75
2801281,Juventus U20,Cesena U20,0.75,3,NO_COVER,0,2,0.5,-2,-,0,CUBIERTO,0.75 → 0.75,CUBIERTO,0 → 0.75,0.25
2910574,Kabati Youth,Soy United,0.25,1.75,COVER,2,1,0.25,12,0.5,-15,N/A,N/A,N/A,N/A,0.0
2910298,Thailand U22,Vietnam U22,0.25,2,COVER,2,2,1.5,31,-2.5,-32,CUBIERTO,0.25 → 0.25,NO CUBIERTO,-0.25 → 0.25,-1.25
2910605,Millat FC,Mumbai Soccer Prodigies,0.5,2.75,COVER,1,0,0.75,20,0.5,31,N/A,N/A,N/A,N/A,-0.25
2910528,Sheger Ketema (w),Bole Sub City (W),0.5,2,COVER,2,1,1.25,78,1.5,32,N/A,N/A,N/A,N/A,-0.75
2881882,Kariobangi Sharks,Bidco United,0.25,1.75,COVER,1,0,-0.5,19,0.5,-14,NO CUBIERTO,0.25 → 0.25,NO CUBIERTO,0.25 → 0.25,0.75
2910560,Brothers WA,Football School of India,0.75,3.75,COVER,5,1,0,27,0.5,42,N/A,N/A,N/A,N/A,0.75
2819269,Hekimoglu Trabzon,Kirklarelispor,0.75,2.5,COVER,2,1,2.5,0,1.75,2,CUBIERTO,0.25 → 0.75,CUBIERTO,0.25 → 0.75,-1.75
2910297,Philippines U22,Malaysia U22,0.25,2.5,NO_COVER,1,2,-1,-42,1.5,31,CUBIERTO,-0.5 → 0.25,CUBIERTO,-0.5 → 0.25,1.25
2911976,CA Central Argentino,Juventud Independiente de Villa Union,0.75,2.25,COVER,4,0,1.5,42,0.25,0,N/A,N/A,N/A,N/A,-0.75
2911985,SC Atletiko Salina,SV SUBT,0.75,2.5,COVER,0,0,-1.5,0,1,0,N/A,N/A,N/A,N/A,2.25
2911059,Atletico Barranco Hondo U19,CD Marino U19,0.5,3.25,COVER,2,1,1.5,0,2.5,72,N/A,N/A,N/A,N/A,-1.0
2892680,Central FC,San Juan Jabloteh,0.5,3.25,NO_COVER,3,4,0.75,-14,0.25,6,NO CUBIERTO,0 → 0.5,NO CUBIERTO,0 → 0.5,-0.25
2911941,Lobos UPNFM Reserves,CD Marathon Reserves,0.5,3,COVER,3,2,0.5,39,-1,0,CUBIERTO,0.25 → 0.5,NO CUBIERTO,0.25 → 0.5,0.0
2807026,Merida AD,Athletic Bilbao B,0.25,2.25,NO_COVER,2,3,0.5,5,0,-19,N/A,N/A,N/A,N/A,-0.25
2905776,Guingamp,Stade Lavallois MFC,0.5,2.25,NO_COVER,0,1,,0,-4,0,CUBIERTO,0.5 → 0.5,CUBIERTO,0.5 → 0.5,0
2911018,AFC Emley,Bradford Park Avenue,0.25,2.25,COVER,1,0,0.75,16,-0.75,0,N/A,N/A,NO CUBIERTO,-0.25 → 0.25,-0.5
2798270,Swansea City,Wrexham,0.25,2.25,COVER,2,1,0.5,-5,0,28,N/A,N/A,N/A,N/A,-0.25
2804462,Valencia,Mallorca,0.5,2.25,COVER,1,1,0.25,-30,0.25,19,CUBIERTO,0.25 → 0.5,CUBIERTO,0.25 → 0.5,0.25
2828325,Prescot Cables,Ashton United,0.25,2.25,COVER,1,1,0,2,0.25,20,CUBIERTO,-0.5 → 0.25,NO CUBIERTO,1 → 0.25,0.25
2798803,Crewe Alexandra,Bristol Rovers,0.5,2.5,COVER,1,1,1,44,1,16,NO CUBIERTO,-0.25 → 0.5,NO CUBIERTO,-0.25 → 0.5,-0.5
2798802,Cambridge United,Accrington Stanley,0.5,2,COVER,2,0,0.25,17,-0.25,-1,NO CUBIERTO,0.25 → 0.5,CUBIERTO,0.25 → 0.5,0.25
2797699,Northampton Town,AFC Wimbledon,0.25,2,COVER,3,1,-0.25,-2,0,4,NO CUBIERTO,0.5 → 0.25,NO CUBIERTO,0.5 → 0.25,0.5
2798800,Barrow,Cheltenham Town,0.5,2.5,NO_COVER,1,2,0,17,1.25,-15,CUBIERTO,0.75 → 0.5,NO CUBIERTO,0 → 0.5,0.5
2807822,Eibar,Real Valladolid,0.25,2.25,COVER,3,0,0.75,53,0,20,CUBIERTO,0.5 → 0.25,NO CUBIERTO,0.25 → 0.25,-0.5
2793156,Vaduz,Aarau,0.25,3,COVER,3,2,0.5,49,0.25,-4,NO CUBIERTO,-0.25 → 0.25,NO CUBIERTO,0.5 → 0.25,-0.25
2857410,Reading U21,Hull U21,0.25,3.5,COVER,1,0,0.5,49,-0.5,27,N/A,N/A,CUBIERTO,0 → 0.25,-0.25
2854090,Manchester United U21,Borussia Dortmund (Youth),0.75,3.25,COVER,2,0,0.75,4,0,-2,N/A,N/A,N/A,N/A,0.0
2876458,Al Masry,ZED FC,0.5,1.75,COVER,1,0,,0,,0,NO CUBIERTO,0.25 → 0.5,NO CUBIERTO,0.25 → 0.5,0
2814368,Gent B,Seraing United,0.5,2.5,COVER,3,1,0,37,1.5,24,N/A,N/A,CUBIERTO,0.25 → 0.5,0.5
2814371,KVSK Lommel,Lierse,0.5,2.75,COVER,4,3,0.75,-35,0.25,26,NO CUBIERTO,1 → 0.5,NO CUBIERTO,-0.25 → 0.5,-0.25
2810947,Energie Cottbus,Jahn Regensburg,0.5,3,COVER,2,2,0.25,-5,0.5,-4,CUBIERTO,0.5 → 0.5,CUBIERTO,0.5 → 0.5,0.25
2807401,Algeciras,Villarreal B,0.25,2,COVER,0,0,0,-20,0.5,-14,NO CUBIERTO,0 → 0.25,CUBIERTO,0.5 → 0.25,0.25
2909449,FC Caldas,UD Santarem,0.5,2.25,NO_COVER,0,2,0.25,3,0.25,17,NO CUBIERTO,0.25 → 0.5,CUBIERTO,0.5 → 0.5,0.25
2799864,SC Paderborn 07,Darmstadt,0.25,2.75,COVER,2,2,0.25,0,0.25,5,CUBIERTO,0.5 → 0.25,CUBIERTO,0.25 → 0.25,0.0
2911971,Marimoo,Unique Global FC,0.5,1.75,COVER,0,0,,0,,0,N/A,N/A,N/A,N/A,0
2799860,Hertha Berlin,Arminia Bielefeld,0.25,2.75,COVER,1,1,0.5,2,0.25,4,CUBIERTO,0.5 → 0.25,NO CUBIERTO,0.25 → 0.25,-0.25
2815888,Erokspor,Sariyer,0.5,3,COVER,1,1,1,9,-1.5,-11,N/A,N/A,N/A,N/A,-0.5
2910601,Baalor Sarr FC,Kanifing United,0.25,1.75,COVER,0,0,0.25,-1,,0,N/A,N/A,N/A,N/A,0.0
2911870,Ports Authority FC,Kamboi Eagles FC,0.5,2,NO_COVER,1,2,0,7,0.5,21,N/A,N/A,NO CUBIERTO,0 → 0.5,0.5
2911040,Wilberforce Strikers,Bullom Stars,0.75,2,NO_COVER,0,1,0.75,0,0.5,0,N/A,N/A,N/A,N/A,0.0
2911022,ASC Gendrim,NZidane,0.5,2.25,NO_COVER,1,2,-0.75,3,1.25,17,N/A,N/A,N/A,N/A,1.25
2911953,Serrekunda FC,Suwo Kono,0.25,1.75,COVER,3,1,0,-5,0.25,28,CUBIERTO,0.25 → 0.25,CUBIERTO,0.25 → 0.25,0.25
2812995,Kocaelispor,Antalyaspor,0.75,2.25,COVER,2,1,0.5,31,0.75,37,N/A,N/A,NO CUBIERTO,0.5 → 0.75,0.25
2911075,Afrique Football Elite,US Bougouni,0.5,1.75,COVER,3,0,-0.5,1,1,-2,CUBIERTO,0.25 → 0.5,NO CUBIERTO,0 → 0.5,1.0
2905743,Al Fahaheel SC,Al-Ttadamon(KUW),0.5,2.5,COVER,1,0,-0.5,-34,1.25,15,NO CUBIERTO,0.75 → 0.5,NO CUBIERTO,0.75 → 0.5,1.0
2838807,Egnatia,Partizani Tirana,0.75,2,COVER,2,1,1,17,0,33,NO CUBIERTO,0.25 → 0.75,NO CUBIERTO,0 → 0.75,-0.25
2842472,CS Constantine,Paradou AC,0.75,2,COVER,2,0,0,-18,0.75,50,CUBIERTO,0.75 → 0.75,NO CUBIERTO,0.5 → 0.75,0.75
2876416,Ghazl El Mahallah,Pharco,0.25,1.75,NO_COVER,0,1,,0,,0,NO CUBIERTO,-0.25 → 0.25,NO CUBIERTO,-0.25 → 0.25,0
2876438,Petrojet,Ismaily,0.5,2,COVER,1,0,0.25,-5,1.25,-17,NO CUBIERTO,0.25 → 0.5,NO CUBIERTO,0 → 0.5,0.25
2911021,Saint Louis Suns United,Saint Michel Utd FC,0.25,3,COVER,2,1,0,3,0.75,0,CUBIERTO,0.75 → 0.25,CUBIERTO,0.75 → 0.25,0.25
2911051,Al Gharafa U23,Al Sailiya SC Reserves,0.5,2.25,COVER,2,1,0.5,-4,-0.75,-15,NO CUBIERTO,0.75 → 0.5,NO CUBIERTO,0.75 → 0.5,0.0
2911058,Al-Ahli Doha U23,Al Wakra Reserves,0.25,2.75,NO_COVER,1,2,0.75,32,0,-6,NO CUBIERTO,-1.25 → 0.25,NO CUBIERTO,-1.25 → 0.25,-0.5
2795201,NK Varteks Varazdin,Istra 1961 Pula,0.25,2.25,NO_COVER,1,3,0.25,-9,0.5,5,NO CUBIERTO,0.25 → 0.25,NO CUBIERTO,0.25 → 0.25,0.0
2902930,GC Mascara,MC Saida,0.25,1.75,COVER,1,0,0.25,-9,1,-6,NO CUBIERTO,0.75 → 0.25,NO CUBIERTO,0.75 → 0.25,0.0
2870009,Sha LAN U19,Crotone U19,0.25,2.75,COVER,0,0,-0.25,0,0.75,15,NO CUBIERTO,0.5 → 0.25,NO CUBIERTO,0.5 → 0.25,0.5
2885990,Sitra,Al Ali CSC,0.5,2.25,COVER,0,0,0.5,21,-0.25,-15,CUBIERTO,0.25 → 0.5,NO CUBIERTO,-0.75 → 0.5,0.0
2911052,AS Kigali,Bugesera,0.25,1.75,COVER,0,0,-0.5,-4,1,33,CUBIERTO,0.5 → 0.25,CUBIERTO,0.5 → 0.25,0.75
2908365,Smail,ibri,0.5,2.25,NO_COVER,0,1,-1.25,0,0.75,11,N/A,N/A,N/A,N/A,1.75
2911042,Fnjaa,Al-Mdeebe,0.75,1.75,COVER,4,0,0.25,29,0.75,26,NO CUBIERTO,0.5 → 0.75,NO CUBIERTO,0.5 → 0.75,0.5
2911027,Al-Wasl U19,Al Dhaid U19,0.75,3.5,COVER,5,1,0.75,23,0.5,8,CUBIERTO,2.75 → 0.75,CUBIERTO,2.75 → 0.75,0.0
2906689,Al Bourj,Al Abbasieh FC,0.25,2.25,COVER,1,0,1,-6,1.25,30,CUBIERTO,0 → 0.25,NO CUBIERTO,0.25 → 0.25,-0.75
2911065,Hapoel Bnei Biina,Shafaram,0.75,3.25,NO_COVER,0,2,2.5,19,-0.5,0,CUBIERTO,-0.25 → 0.75,CUBIERTO,-0.25 → 0.75,-1.75
2890610,Ethiopia Nigd Bank,Arba Minch,0.25,1.75,COVER,3,1,0.5,-13,0.5,-2,CUBIERTO,0.75 → 0.25,NO CUBIERTO,-0.25 → 0.25,-0.25
2911089,Oil India,Northeast United Youth,0.5,2.75,NO_COVER,1,4,-,0,-0.25,-47,N/A,N/A,N/A,N/A,0
2910617,Kalina Rangers,Waves FC,0.75,3,COVER,4,0,0.25,-20,,0,N/A,N/A,N/A,N/A,0.5
2866837,Hapoel Bnei Musmus,Maccabi Nujeidat Ahmed,0.75,2.5,COVER,1,0,0,-8,1.25,-5,NO CUBIERTO,1 → 0.75,NO CUBIERTO,1 → 0.75,0.75
2866842,Hapoel Tirat Karmel,Hapoel Migdal HaEmek,0.25,3.5,NO_COVER,0,4,-0.75,-31,-,0,N/A,N/A,NO CUBIERTO,0.5 → 0.25,1.0
2911053,Ironi Beit Dagan,Beitar Kfar Saba Shlomi,0.25,2.75,COVER,1,1,-1.5,15,-1.25,-5,CUBIERTO,-0.25 → 0.25,CUBIERTO,0.25 → 0.25,1.75
2911057,Maccabi Ahi Iksal,Tzofi Haifa,0.25,3.5,COVER,1,1,-2.5,-51,1.75,23,N/A,N/A,NO CUBIERTO,0.25 → 0.25,2.75
2866840,Maccabi Ata Bialik,Ironi Nesher,0.5,2.5,COVER,2,1,0.5,17,1,20,NO CUBIERTO,0.5 → 0.5,NO CUBIERTO,-0.25 → 0.5,0.0
2866838,Hapoel Ironi Karmiel,Tzeirey Um El Fahem,0.25,2.5,COVER,1,0,1.25,-5,-0.25,-8,N/A,N/A,N/A,N/A,-1.0
2856425,Hapoel Herzliya,Sport Club Dimona,0.25,2.25,COVER,0,0,0.25,1,-0.5,-17,CUBIERTO,0.25 → 0.25,NO CUBIERTO,-0.25 → 0.25,0.0
2855371,Marseille U19,Toulouse U19,0.75,3.25,COVER,3,0,0.5,20,0.5,0,CUBIERTO,0.5 → 0.75,CUBIERTO,0 → 0.75,0.25
2910624,Jharkhand FA,Bihar,0.25,3,COVER,1,0,-2.5,-21,2.25,51,N/A,N/A,CUBIERTO,1 → 0.25,2.75
2911009,Manipur,Mizoram,0.5,3.25,COVER,3,1,1.5,15,-1,34,CUBIERTO,0.75 → 0.5,CUBIERTO,0.75 → 0.5,-1.0
2910596,Afak Relizane(W),JS Kabylie (W),0.75,2.5,COVER,0,0,3,51,1,-5,N/A,N/A,N/A,N/A,-2.25
2911008,FC Bombay Gymkhana,Roqs FC,0.25,3,COVER,2,0,1.75,0,-2,-64,N/A,N/A,N/A,N/A,-1.5
2911088,Persebata Lembata,Perseden Denpasar,0.25,2.25,NO_COVER,1,2,0.25,-9,0.25,-37,N/A,N/A,NO CUBIERTO,0.25 → 0.25,0.0
2882264,Rahmatganj MFS,Brothers Union,0.5,2.5,COVER,3,2,0,-6,-,0,NO CUBIERTO,0.5 → 0.5,NO CUBIERTO,0.5 → 0.5,0.5
2882263,Abahani Limited,PWD Sports Club,0.75,2.75,COVER,2,2,0.25,-9,1.5,10,N/A,N/A,N/A,N/A,0.5
2911069,Viettel U19,PVF Vietnam U19,0.75,3,COVER,3,0,3.25,32,-0.25,-24,NO CUBIERTO,-0.25 → 0.75,NO CUBIERTO,-0.25 → 0.75,-2.5
2871702,FC Macarthur,Brisbane Roar,0.25,2.75,COVER,2,1,0,-9,0.5,26,NO CUBIERTO,0.25 → 0.25,NO CUBIERTO,0 → 0.25,0.25
2911029,Dong Thap U19,Tay Ninh U19,0.75,2.75,COVER,2,1,0.75,37,1.25,17,CUBIERTO,2.25 → 0.75,CUBIERTO,2.25 → 0.75,0.0
2911037,Cong An Nhan Dan U19,Phu Dong Ninh Binh U19,0.5,3.25,COVER,4,1,0.75,64,2.5,22,N/A,N/A,NO CUBIERTO,0.25 → 0.5,-0.25
2910582,Bench Maji Buna FC,Yeka Sub City FC,0.25,2.25,NO_COVER,0,2,0.5,-6,0.25,2,N/A,N/A,N/A,N/A,-0.25
2912057,Atletico San Pedro,Club Sportivo Pocitos,0.5,2.25,COVER,2,0,2,8,0.25,33,NO CUBIERTO,0.5 → 0.5,NO CUBIERTO,0.5 → 0.5,-1.5
2912534,Flow 4G Cayon Rockets,ELCO LTD St Peters,0.25,2.75,NO_COVER,1,2,1.25,30,-1.75,-42,CUBIERTO,0.25 → 0.25,NO CUBIERTO,-0.25 → 0.25,-1.0
2912637,SV Victory Boys,Jong Holland,0.25,3,COVER,3,0,1.25,0,-1,0,NO CUBIERTO,-1 → 0.25,NO CUBIERTO,2.5 → 0.25,-1.0
2911984,Fort Lauderdale (W),Spokane Zephyr (W),0.5,2.25,NO_COVER,1,3,0.25,43,0.75,7,NO CUBIERTO,0.5 → 0.5,CUBIERTO,0 → 0.5,0.25
2909754,Diriangen,Managua FC,0.75,2.75,COVER,1,0,1.25,6,0.75,27,NO CUBIERTO,0.5 → 0.75,NO CUBIERTO,0.25 → 0.75,-0.5
2910043,Alajuelense,Deportivo Saprissa,0.25,2,COVER,3,1,0.75,22,-0.25,12,CUBIERTO,0.25 → 0.25,NO CUBIERTO,0.5 → 0.25,-0.5
2911987,Sportvereniging Notch,Broki,0.75,3,COVER,3,1,0,2,1.25,-2,CUBIERTO,2 → 0.75,CUBIERTO,2 → 0.75,0.75
2911988,Newells Laguna Larga,Universitario de Cordoba,0.25,2.25,COVER,1,1,0.5,12,0,10,N/A,N/A,NO CUBIERTO,0.75 → 0.25,-0.25
2912028,CA Regina,Alianza Cultra,0.25,3,COVER,2,2,,0,,0,N/A,N/A,N/A,N/A,0
2892679,Prison Service FC,AC Port Of Spain,0.25,2.75,NO_COVER,1,2,0.25,6,0.75,-15,NO CUBIERTO,-2 → 0.25,NO CUBIERTO,-2 → 0.25,0.0
2912044,General Paz Junlors,CA Amsurrbac,0.5,2.25,COVER,0,0,0.5,29,0,1,N/A,N/A,CUBIERTO,0.5 → 0.5,0.0
2884487,Deportivo Cuenca,Club Sport Emelec,0.5,2.25,COVER,5,1,1.5,29,-0.25,-14,NO CUBIERTO,0.25 → 0.5,NO CUBIERTO,0.5 → 0.5,-1.0
2911972,Napoli Argentino,Uribelarrea FC,0.5,2.25,COVER,1,1,,0,0.25,8,N/A,N/A,CUBIERTO,0.25 → 0.5,0
2911981,Voorwaarts T,SV Robinhood,0.25,3,COVER,0,0,0.5,12,-0.75,2,N/A,N/A,N/A,N/A,-0.25
2911990,Defensores La Boca,Union Santiago,0.25,2.25,COVER,1,0,0.75,-21,0.25,2,N/A,N/A,NO CUBIERTO,0.5 → 0.25,-0.5
2884486,Sociedad Deportiva Aucas,Macara,0.5,2.5,NO_COVER,0,2,0.5,25,0.25,43,NO CUBIERTO,0.75 → 0.5,NO CUBIERTO,0 → 0.5,0.0
2849770,Montpellier (W),Marseille (W),0.5,2.75,NO_COVER,0,3,0.25,12,0.5,14,N/A,N/A,N/A,N/A,0.25
2849772,Paris Saint Germain (W),Paris FC (W),0.25,3,COVER,0,0,2,23,-1.5,-22,CUBIERTO,0.5 → 0.25,CUBIERTO,0.5 → 0.25,-1.75
2849771,Nantes (W),Strasbourg W,0.75,2.75,NO_COVER,0,1,0.5,14,3.75,0,NO CUBIERTO,0.25 → 0.75,NO CUBIERTO,0.25 → 0.75,0.25
2807407,Sabadell,Atletico de Madrid B,0.25,1.75,COVER,2,0,0.25,-14,0,-6,N/A,N/A,N/A,N/A,0.0
2807825,Las Palmas,Cultural Leonesa,0.75,2.25,COVER,4,0,1.25,1,0.75,53,N/A,N/A,N/A,N/A,-0.5
2790853,NAC Breda,SC Telstar,0.5,2.75,NO_COVER,0,1,-0.25,22,0.25,-10,CUBIERTO,0.75 → 0.5,NO CUBIERTO,-0.5 → 0.5,0.75
2784637,Juventus,AS Roma,0.5,2.25,COVER,2,1,1.25,34,-0.75,5,NO CUBIERTO,0.5 → 0.5,NO CUBIERTO,0 → 0.5,-0.75
2907338,AD Cariari Pococi,AD Cofutpa,0.75,2.5,NO_COVER,1,2,0,5,1,-5,N/A,N/A,NO CUBIERTO,-0.25 → 0.75,0.75
2863765,Real Sociedad C,UD Aretxabaleta,0.75,2.25,COVER,2,0,0.5,0,-,0,N/A,N/A,N/A,N/A,0.25
2912014,Sporting B (W),Braga B (W),0.75,3,NO_COVER,0,1,,0,-1.75,-51,N/A,N/A,N/A,N/A,0
2830503,Roeselare Daisel,Tienen,0.5,2.25,COVER,0,0,0.75,0,0.25,19,N/A,N/A,CUBIERTO,0 → 0.5,-0.25
2814364,Red Star Waasland,Beerschot Wilrijk,0.5,2.5,COVER,4,2,1.75,100,-1.25,-50,CUBIERTO,-0.25 → 0.5,NO CUBIERTO,0 → 0.5,-1.25
2799861,Holstein Kiel,Dynamo Dresden,0.5,2.75,COVER,2,1,0.25,-5,0.5,-1,CUBIERTO,0.5 → 0.5,NO CUBIERTO,0 → 0.5,0.25
2912535,CS Sergipe,Cruzeiro Arapiraca,0.75,2.5,COVER,0,0,,0,,0,CUBIERTO,1.25 → 0.75,CUBIERTO,1.25 → 0.75,0
2871396,Almere City FC,Emmen,0.5,3.25,COVER,4,2,1.25,11,1.75,33,CUBIERTO,0.25 → 0.5,CUBIERTO,0 → 0.5,-0.75
2909496,FC Levante Badalona (W),Granada CF(W),0.25,2.25,COVER,1,0,,0,,0,NO CUBIERTO,0 → 0.25,CUBIERTO,0.75 → 0.25,0
2876459,Smouha SC,Al-Ittihad Alexandria,0.25,2,COVER,0,0,,0,,0,NO CUBIERTO,0.25 → 0.25,NO CUBIERTO,0.25 → 0.25,0
2911054,Genets Anglet,SA Gazinet-Cestas,0.75,2.75,COVER,1,0,0,-16,0,8,N/A,N/A,N/A,N/A,0.75
2876460,Zamalek,Haras El Hedoud,0.5,2,COVER,2,1,,0,,0,CUBIERTO,1 → 0.5,CUBIERTO,-0.75 → 0.5,0
2911927,FC Diarra,AS Bakaridjan,0.25,1.75,COVER,1,0,0.25,-3,0.25,-29,NO CUBIERTO,0 → 0.25,NO CUBIERTO,0 → 0.25,0.0
2848311,CD Izarra,UDC Txantrea KKE,0.75,2.75,COVER,4,1,0.75,15,0,5,CUBIERTO,0.75 → 0.75,CUBIERTO,0.75 → 0.75,0.0
2814852,Gil Vicente,Rio Ave,0.75,2.25,COVER,2,2,0.75,62,-0.25,-40,N/A,N/A,N/A,N/A,0.0
2909761,Varzim,Clube Desportivo Trofense,0.25,2.25,NO_COVER,0,1,0.5,18,0.5,31,CUBIERTO,0 → 0.25,NO CUBIERTO,0.25 → 0.25,-0.25
2863150,Atletico Albericia,SD Laredo,0.25,2.25,COVER,1,1,-,0,-,0,N/A,N/A,N/A,N/A,0
2790848,Excelsior SBV,PEC Zwolle,0.5,3,COVER,2,1,0,-24,2.25,26,NO CUBIERTO,0 → 0.5,NO CUBIERTO,0.5 → 0.5,0.5
2808560,SD Gernika,Eibar B,0.25,2,NO_COVER,1,2,0.75,35,-0.25,0,NO CUBIERTO,0 → 0.25,NO CUBIERTO,0 → 0.25,-0.5
2807029,Unionistas de Salamanca,Cacereno,0.5,2,COVER,2,2,0.25,40,0.25,52,N/A,N/A,N/A,N/A,0.25
2807826,Leganes,Sporting Gijon,0.25,2,NO_COVER,0,1,0.25,8,-0.25,-9,CUBIERTO,0.5 → 0.25,CUBIERTO,0.5 → 0.25,0.0
2804459,Osasuna,Alaves,0.25,2,COVER,3,0,0.75,-22,1.75,36,NO CUBIERTO,0.5 → 0.25,NO CUBIERTO,-0.5 → 0.25,-0.5
2799539,RB Leipzig,Bayer Leverkusen,0.5,3.25,NO_COVER,1,3,0.5,7,-0.5,-40,NO CUBIERTO,-0.5 → 0.5,NO CUBIERTO,-0.5 → 0.5,0.0
2905768,Grenoble,Nancy,0.5,2.5,COVER,1,1,,0,-3.75,-18,CUBIERTO,0.25 → 0.5,CUBIERTO,0.25 → 0.5,0
2791868,Westerlo,LaLouviere,0.75,2.75,COVER,2,1,-0.25,-9,0.25,33,CUBIERTO,0.75 → 0.75,NO CUBIERTO,-0.25 → 0.75,1.0
2865205,Andratks,Barbastro,0.25,2,COVER,1,1,0,-20,0.25,54,N/A,N/A,N/A,N/A,0.25
2863153,SD Revilla,SD Noja,0.5,2.5,COVER,2,1,-0.5,1,-,0,N/A,N/A,N/A,N/A,1.0
2877870,Conil CF,CD Pozoblanco,0.25,2.25,COVER,1,1,0.5,68,-,0,NO CUBIERTO,-0.25 → 0.25,CUBIERTO,1 → 0.25,-0.25
2842476,CR Belouizdad,Olympique Akbou,0.75,2,COVER,3,2,0.5,3,0.75,7,CUBIERTO,1 → 0.75,NO CUBIERTO,-0.75 → 0.75,0.25
2827152,Anorthosis Famagusta FC,Olympiakos Nicosia FC,0.75,2.25,COVER,0,0,-0.5,-33,0.5,15,NO CUBIERTO,1 → 0.75,NO CUBIERTO,-0.25 → 0.75,1.25
2808249,Union Langreo,Real Valladol B,0.25,2.25,COVER,1,1,0.5,46,0,8,NO CUBIERTO,0.25 → 0.25,NO CUBIERTO,0.25 → 0.25,-0.25
2793271,Thun,FC Zurich,0.5,3,COVER,4,2,0.5,27,0.25,-15,NO CUBIERTO,-1.5 → 0.5,CUBIERTO,0.25 → 0.5,0.0
2911916,Union Adarve U19,Unionistas Salamanca CF U19,0.75,2.75,COVER,3,1,-0.25,-1,0.5,1,N/A,N/A,N/A,N/A,1.0
2809474,CD Coria,RSD Alcala Henares,0.75,2.25,COVER,1,1,0.75,-6,0.5,43,N/A,N/A,N/A,N/A,0.0
2789023,Gyori ETO,Puskas Akademia,0.5,2.75,COVER,2,0,1.75,66,0,11,CUBIERTO,-0.5 → 0.5,CUBIERTO,0.75 → 0.5,-1.25
2864679,Arenas Armilla,Torredonjimeno,0.25,2,NO_COVER,0,2,0.25,-1,-,0,N/A,N/A,N/A,N/A,0.0
2864686,Mijas Las Lagunas,Huetor Tajar,0.75,2,COVER,1,0,1,16,0.25,-5,NO CUBIERTO,-0.25 → 0.75,N/A,N/A,-0.25
2879281,L Entregu CF,EI San Martin,0.5,2.25,COVER,1,0,1,20,0.75,39,N/A,N/A,N/A,N/A,-0.5
2837566,Sambenedettese,Vis Pesaro,0.25,2,NO_COVER,0,2,0.25,13,0,-6,CUBIERTO,0 → 0.25,CUBIERTO,0 → 0.25,0.0
2809477,Fuenlabrada,Elche CF Ilicitano,0.75,2.25,COVER,1,1,0.5,29,1,57,N/A,N/A,N/A,N/A,0.25
2809171,Extremadura,Xerez Deportivo,0.25,2,COVER,1,0,0.5,-5,0.25,-16,N/A,N/A,N/A,N/A,-0.25
2837561,Livorno,Pontedera,0.5,2,COVER,2,2,-0.75,-16,1,62,NO CUBIERTO,0.25 → 0.5,NO CUBIERTO,0.25 → 0.5,1.25
2911939,Luawa FC,Mighty Blackpool,0.5,1.75,NO_COVER,0,1,0,0,0.75,0,CUBIERTO,0 → 0.5,CUBIERTO,0 → 0.5,0.5
2911926,Star Sport Academy,East End Lions,0.5,2,COVER,0,0,0.5,21,0.25,-2,N/A,N/A,N/A,N/A,0.0
2801044,Hapoel Petah Tikva,Hapoel Kiryat Shmona,0.25,2.25,COVER,4,1,-1,-36,-0.25,-13,NO CUBIERTO,-0.5 → 0.25,NO CUBIERTO,0.25 → 0.25,1.25
2863768,SD Deusto,SD Eibar C,0.75,2.25,COVER,0,0,0.25,-14,0.5,0,CUBIERTO,0.25 → 0.75,CUBIERTO,0.25 → 0.75,0.5
2911940,Real Bamako,USFAS Bamako,0.25,2,COVER,2,0,-0.25,-2,0,9,NO CUBIERTO,0.25 → 0.25,NO CUBIERTO,0 → 0.25,0.5
2911893,AS Korofina,Mali Coura,0.25,2,COVER,2,0,0,1,0.25,-3,N/A,N/A,N/A,N/A,0.25
2911928,Kaedi FC,ACS Ksar,0.75,2.25,COVER,1,1,-0.5,0,1,2,N/A,N/A,CUBIERTO,0 → 0.75,1.25
2911865,UD Logrones U19,Antiguoko KE U19,0.25,3.25,COVER,3,1,0,-26,0.5,20,NO CUBIERTO,-0.5 → 0.25,CUBIERTO,0 → 0.25,0.25
2879003,CD Paracuellos Antamira,Torrejon CF,0.25,2.25,NO_COVER,1,2,0,-5,0.25,5,NO CUBIERTO,-0.25 → 0.25,N/A,N/A,0.25
2909774,Nice W,Grenoble Claix (W),0.25,2.5,NO_COVER,0,1,0.5,5,-,0,CUBIERTO,1.5 → 0.25,CUBIERTO,-1 → 0.25,-0.25
2877872,Dos Hermanas,Sevilla C,0.75,2,COVER,3,0,0.5,43,-,0,N/A,N/A,N/A,N/A,0.25
2867141,Cerdanyola del Valles,UE Vic,0.5,2.25,COVER,1,1,0,-15,0.25,36,N/A,N/A,N/A,N/A,0.5
2865208,UD Poblense,Terrassa,0.25,2.25,COVER,1,1,0.75,18,0,-5,N/A,N/A,N/A,N/A,-0.5
2863462,CD Palencia Cristo Atletico,CD Guijuelo,0.25,2,NO_COVER,1,2,1.25,11,-,0,CUBIERTO,0 → 0.25,CUBIERTO,0 → 0.25,-1.0
2809170,CD Estebona,Almeria B,0.25,2,COVER,1,1,0.5,2,0.25,9,NO CUBIERTO,0.25 → 0.25,CUBIERTO,0.25 → 0.25,-0.25
2808557,SD Amorebieta,UD Mutilve,0.75,2.25,NO_COVER,0,1,0.25,-3,0.75,35,N/A,N/A,N/A,N/A,0.5
2828323,Hebburn Town,Guiseley,0.75,2.5,COVER,1,0,0.75,0,0,2,NO CUBIERTO,-0.25 → 0.75,NO CUBIERTO,1 → 0.75,0.0
2822211,Volos NFC,Panaitolikos Agrinio,0.5,2.25,COVER,1,0,0.5,3,0,9,NO CUBIERTO,0.25 → 0.5,CUBIERTO,0 → 0.5,0.0
2884089,ASFA-Yennega,CFFEB,0.25,1.5,COVER,1,0,-0.25,4,0,-4,N/A,N/A,N/A,N/A,0.5
2879556,Cambados,Atletico Arteixo,0.25,2,COVER,2,2,0,58,0.25,-13,N/A,N/A,N/A,N/A,0.25
2870274,Bechem United,Swedru All Blacks,0.75,2,COVER,2,0,1,24,0.25,40,N/A,N/A,N/A,N/A,-0.25
2878163,EG El Palmar,Aguilas FC B,0.25,2.25,COVER,0,0,0,-12,0.5,-3,NO CUBIERTO,-0.5 → 0.25,NO CUBIERTO,-0.5 → 0.25,0.25
2813591,Vizela,Viseu,0.25,2.25,COVER,0,0,0.75,-1,-0.25,6,NO CUBIERTO,0.75 → 0.25,NO CUBIERTO,0.75 → 0.25,-0.5
2840132,CD Villacanas,Albacete B,0.25,2,COVER,1,1,-,0,0.25,15,NO CUBIERTO,0.25 → 0.25,NO CUBIERTO,0.25 → 0.25,0
2813585,Feirense,Pacos de Ferreira,0.5,2,NO_COVER,0,1,-0.25,6,1,-6,CUBIERTO,0 → 0.5,CUBIERTO,0.25 → 0.5,0.75
2808563,Utebo FC,Alaves B,0.5,2,NO_COVER,0,1,-0.25,-7,0,12,NO CUBIERTO,0.75 → 0.5,NO CUBIERTO,0.75 → 0.5,0.75
2912023,Stirling University,Renfrew FC,0.25,3.75,COVER,4,0,4,30,,0,N/A,N/A,N/A,N/A,-3.75
2807405,UD Marbella,Hercules,0.25,2,NO_COVER,0,1,0,-6,0,-22,NO CUBIERTO,0 → 0.25,NO CUBIERTO,0 → 0.25,0.25
2912106,AS OTR,Dynamic Togolais,0.25,2.25,COVER,1,0,0,14,0.5,0,CUBIERTO,1 → 0.25,CUBIERTO,1 → 0.25,0.25
2809476,UB Conquense,CF Intercity,0.25,2.25,COVER,2,2,0.25,0,0.25,37,N/A,N/A,N/A,N/A,0.0
2807023,Celta vigo b,Real Madrid Castilla,0.25,2.25,COVER,1,0,0.25,4,0.5,-51,NO CUBIERTO,0.25 → 0.25,NO CUBIERTO,0.5 → 0.25,0.0
2911969,Amora (W),Guia (W),0.25,3.25,COVER,3,1,-1.5,-59,1,65,N/A,N/A,N/A,N/A,1.75
2912010,Wroxham,Cambridge City,0.5,2.5,COVER,1,1,0.5,12,0.25,5,NO CUBIERTO,-0.25 → 0.5,NO CUBIERTO,0.25 → 0.5,0.0
2911949,CD Laguna de Duero,Ponferradina B,0.75,3,COVER,1,0,0.25,12,1,16,CUBIERTO,0.5 → 0.75,CUBIERTO,0.5 → 0.75,0.5
2911959,FC Porto (W),Gil Vicente FC (W),0.25,3,COVER,5,0,2.25,55,0.5,23,N/A,N/A,NO CUBIERTO,-0.25 → 0.25,-2.0
2911944,Stalybridge Celtic,Vauxhall Motors,0.25,3,COVER,4,4,1,0,0,16,NO CUBIERTO,0 → 0.25,NO CUBIERTO,0 → 0.25,-0.75
2911942,Pontefract Collieries,Silsden,0.75,3,COVER,3,0,-0.5,12,0.5,13,N/A,N/A,N/A,N/A,1.25
2910622,Rospak FC,Sekondi Eleven Wise FC,0.75,2.25,COVER,4,0,-,0,0.25,-14,N/A,N/A,N/A,N/A,0
2911892,Hercules U19,Jove Espanol U19,0.5,2.5,COVER,3,0,-0.5,-12,1.5,46,N/A,N/A,N/A,N/A,1.0
2911897,Lusitania Lourosa U19,Boavista U19,0.25,2.5,COVER,1,0,1.25,-18,-0.25,-4,NO CUBIERTO,0.75 → 0.25,NO CUBIERTO,0 → 0.25,-1.0
2909762,Alcochetense,Grupo Desp Lagoa,0.25,2.5,COVER,1,0,0.25,19,0.5,-29,N/A,N/A,N/A,N/A,0.0
2900798,Valletta FC,Marsaxlokk FC,0.25,2.25,COVER,1,0,0,-47,0.75,15,CUBIERTO,-0.25 → 0.25,CUBIERTO,-0.25 → 0.25,0.25
2878996,Alcorcon B,AD Parla,0.25,2.25,COVER,4,1,0.25,16,0,25,NO CUBIERTO,1 → 0.25,NO CUBIERTO,1 → 0.25,0.0
2880113,CD Calamonte,Atletico Pueblonuevo,0.5,2.5,COVER,2,0,-,0,1.5,22,CUBIERTO,0.25 → 0.5,N/A,N/A,0
2877865,Atletico Central,Atletico Onubense,0.5,2.25,COVER,1,0,0.5,18,0.5,43,N/A,N/A,N/A,N/A,0.0
2843237,Redditch United,Sudbury,0.75,3,NO_COVER,1,2,0.75,-4,0.5,0,NO CUBIERTO,0.25 → 0.75,NO CUBIERTO,0 → 0.75,0.0
2843236,Quorn,Worcester City,0.5,2.75,NO_COVER,2,4,0.75,7,1,0,NO CUBIERTO,1 → 0.5,N/A,N/A,-0.25
2843238,Spalding United,Real Bedford,0.75,3,COVER,3,3,1,0,0,0,N/A,N/A,NO CUBIERTO,0 → 0.75,-0.25
2843239,St Ives Town,Barwell,0.25,2.75,COVER,1,1,-0.25,0,0.5,0,NO CUBIERTO,0.25 → 0.25,NO CUBIERTO,0.25 → 0.25,0.5
2843231,Bishop＇s Stortford,Bromsgrove Sporting FC,0.5,3,COVER,2,1,,0,0,0,N/A,N/A,indeterminado,0.25 → 0.5,0
2843233,Halesowen Town,Leiston FC,0.75,3,NO_COVER,1,2,0.5,0,1,0,NO CUBIERTO,0.5 → 0.75,NO CUBIERTO,0 → 0.75,0.25
2843232,Bury Town,Stourbridge,0.25,2.75,COVER,1,1,0.25,0,0,0,N/A,N/A,NO CUBIERTO,0.25 → 0.25,0.0
2832101,Weymouth,Plymouth Parkway,0.25,2.75,NO_COVER,1,2,0,0,0.5,0,N/A,N/A,CUBIERTO,-0.5 → 0.25,0.25
2832099,Uxbridge,Bracknell Town,0.25,3,NO_COVER,2,3,-0.75,0,0.25,0,N/A,N/A,NO CUBIERTO,0.5 → 0.25,1.0
2832097,Poole Town,Sholing FC,0.25,2.75,NO_COVER,0,1,0.75,0,0.5,0,CUBIERTO,0 → 0.25,NO CUBIERTO,0.25 → 0.25,-0.5
2832094,Farnham Town,Gosport Borough,0.5,3,COVER,2,0,1.5,0,-0.25,0,N/A,N/A,NO CUBIERTO,-0.5 → 0.5,-1.0
2832095,Gloucester City,Hungerford Town,0.75,2.75,COVER,6,1,1,-1,0.25,9,CUBIERTO,1 → 0.75,CUBIERTO,0 → 0.75,-0.25
2832092,Basingstoke Town,Evesham United,0.25,3,COVER,1,0,-1,0,1,-3,N/A,N/A,NO CUBIERTO,0.25 → 0.25,1.25
2829127,lewes,Welling United,0.5,2.75,COVER,1,0,-0.5,0,0.5,18,NO CUBIERTO,-0.5 → 0.5,CUBIERTO,0.75 → 0.5,1.0
2829123,Cray Valley Paper Mills,Whitehawk,0.5,2.5,NO_COVER,0,2,0.25,13,0.5,21,CUBIERTO,1.25 → 0.5,NO CUBIERTO,1.25 → 0.5,0.25
2829124,Dartford,St Albans City,0.25,2.75,COVER,1,0,0,-27,0.25,0,NO CUBIERTO,0.5 → 0.25,NO CUBIERTO,0.25 → 0.25,0.25
2829125,Dulwich Hamlet,Ramsgate,0.25,3,COVER,0,0,0.75,19,0.25,0,N/A,N/A,CUBIERTO,0 → 0.25,-0.5
2829122,Chichester City,Hashtag United,0.25,2.75,COVER,1,0,0.25,0,1,6,NO CUBIERTO,0.5 → 0.25,CUBIERTO,0.25 → 0.25,0.0
2829119,Billericay Town,Carshalton Athletic FC,0.75,2.75,COVER,1,0,0.75,18,0.25,-13,CUBIERTO,0.75 → 0.75,NO CUBIERTO,-0.25 → 0.75,0.0
2828322,Gainsborough Trinity,Ilkeston Town,0.75,2.5,COVER,0,0,0.75,-7,0.75,4,NO CUBIERTO,0 → 0.75,CUBIERTO,0.5 → 0.75,0.0
2828321,FC United of Manchester,Lancaster City,0.5,2.25,COVER,2,1,0.75,4,0.25,-33,NO CUBIERTO,0.5 → 0.5,N/A,N/A,-0.25
2820854,Horsham,Chesham United,0.5,2.25,NO_COVER,1,2,0,5,0.5,2,N/A,N/A,NO CUBIERTO,0.5 → 0.5,0.5
2820848,Bath City,Salisbury FC,0.25,2.25,COVER,2,0,0.5,2,0,-24,CUBIERTO,0.25 → 0.25,CUBIERTO,0 → 0.25,-0.25
2820306,Spennymoor Town,Oxford City,0.75,2.5,COVER,1,1,0.25,1,0.25,26,CUBIERTO,1.25 → 0.75,CUBIERTO,0 → 0.75,0.5
2820305,Southport FC,Worksop Town,0.25,2.5,COVER,1,1,-0.5,-17,-0.25,-19,N/A,N/A,NO CUBIERTO,0 → 0.25,0.75
2820302,Merthyr Town,Curzon Ashton FC,0.5,3.25,COVER,2,1,0.75,28,0,24,N/A,N/A,CUBIERTO,0.25 → 0.5,-0.25
2820299,Chorley FC,Hereford FC,0.5,2.75,COVER,4,2,0.5,8,-0.5,-1,NO CUBIERTO,0.5 → 0.5,CUBIERTO,0 → 0.5,0.0
2820297,Buxton FC,AFC Telford United,0.25,2.75,NO_COVER,0,2,0.75,0,-0.5,-36,NO CUBIERTO,0.5 → 0.25,CUBIERTO,0 → 0.25,-0.5
2809478,Getafe B,Orihuela CF,0.5,2,NO_COVER,2,3,1,57,0.25,0,N/A,N/A,N/A,N/A,-0.5
2809475,CD Colonia Moscardo,Quintanar Del Rey,0.25,2.25,NO_COVER,1,5,-0.5,-42,0.5,29,N/A,N/A,N/A,N/A,0.75
2814367,Francs Borains,Club Brugge Ⅱ,0.75,2.75,COVER,1,0,0.25,26,0.5,-1,NO CUBIERTO,0.5 → 0.75,NO CUBIERTO,0.25 → 0.75,0.5
2798809,Swindon Town,Crawley Town,0.75,2.75,COVER,1,0,1.25,-15,0.75,34,CUBIERTO,0.5 → 0.75,NO CUBIERTO,0.25 → 0.75,-0.5
2798799,Barnet,Salford City,0.5,2.75,NO_COVER,1,3,1,16,-0.25,-12,NO CUBIERTO,0 → 0.5,NO CUBIERTO,0.75 → 0.5,-0.5
2798804,Fleetwood Town,Gillingham,0.25,2.5,COVER,2,1,-0.25,-12,0.5,-10,NO CUBIERTO,0.25 → 0.25,CUBIERTO,0 → 0.25,0.5
2798807,Oldham Athletic,Tranmere Rovers,0.25,2.25,COVER,3,1,0,12,0,17,NO CUBIERTO,-0.25 → 0.25,CUBIERTO,0.5 → 0.25,0.25
2798269,Watford,Stoke City,0.25,2.5,COVER,1,0,1,49,0.75,-4,CUBIERTO,0 → 0.25,NO CUBIERTO,0.25 → 0.25,-0.75
2798267,Sheffield United,Birmingham City,0.25,2.5,COVER,3,0,0.5,18,-0.25,8,NO CUBIERTO,1 → 0.25,NO CUBIERTO,0.25 → 0.25,-0.25
2798261,Charlton Athletic,Oxford United,0.5,2.25,COVER,1,0,0,-3,0.5,25,NO CUBIERTO,0 → 0.5,NO CUBIERTO,0 → 0.5,0.5
2798262,Derby County,Portsmouth,0.5,2.25,COVER,1,1,0.25,15,0.5,-5,CUBIERTO,0.5 → 0.5,NO CUBIERTO,0.5 → 0.5,0.25
2797700,Port Vale,Peterborough United,0.25,2.25,NO_COVER,0,1,0.25,29,0.25,8,NO CUBIERTO,-0.25 → 0.25,NO CUBIERTO,1.25 → 0.25,0.0
2797695,Doncaster Rovers,Plymouth Argyle,0.5,2.5,NO_COVER,1,5,0,-10,0.75,47,NO CUBIERTO,-0.75 → 0.5,NO CUBIERTO,-0.75 → 0.5,0.5
2794420,HW Welders,Limavady United,0.5,2.75,NO_COVER,2,3,0.5,0,-0.5,0,NO CUBIERTO,1 → 0.5,N/A,N/A,0.0
2797229,FC Otelul Galati,Arges,0.25,2,COVER,2,1,0.75,-11,-0.5,-9,CUBIERTO,0.75 → 0.25,NO CUBIERTO,0.25 → 0.25,-0.5
2793862,Dungannon Swifts,Portadown,0.75,2.5,COVER,4,2,-0.5,-7,0.25,4,NO CUBIERTO,0.5 → 0.75,NO CUBIERTO,0.5 → 0.75,1.25
2792408,Spartans,Elgin City,0.5,2.5,COVER,1,0,1,-4,-0.25,-24,NO CUBIERTO,0.25 → 0.5,CUBIERTO,0 → 0.5,-0.5
2792407,Stranraer,Dumbarton,0.25,2.75,COVER,1,1,0.5,16,0.25,-19,NO CUBIERTO,-0.25 → 0.25,CUBIERTO,0.75 → 0.25,-0.25
2793859,Ballymena United,Carrick Rangers,0.25,2.5,COVER,1,1,0,-11,1.5,30,NO CUBIERTO,0.5 → 0.25,CUBIERTO,0.25 → 0.25,0.25
2792229,Queen of South,Montrose,0.5,2.75,COVER,1,0,0.5,15,-0.25,3,CUBIERTO,0.5 → 0.5,NO CUBIERTO,0 → 0.5,0.0
2792227,Hamilton Academical,Alloa Athletic,0.25,2.5,COVER,1,0,1.5,-34,-0.25,0,CUBIERTO,1.25 → 0.25,NO CUBIERTO,0 → 0.25,-1.25
2792226,East Fife,Peterhead,0.5,2.75,NO_COVER,0,1,0.25,-5,0.5,13,NO CUBIERTO,0.75 → 0.5,NO CUBIERTO,0.25 → 0.5,0.25
2792050,Airdrie United,Queen＇s Park,0.25,2.25,NO_COVER,0,3,-0.5,0,,0,N/A,N/A,NO CUBIERTO,0.25 → 0.25,0.75
2792052,Partick Thistle,Raith Rovers,0.5,2.25,COVER,0,0,0.5,0,1,64,CUBIERTO,-0.25 → 0.5,NO CUBIERTO,0.25 → 0.5,0.0
2792053,Ross County,Arbroath,0.25,2.5,NO_COVER,0,2,0.75,22,0.5,-15,NO CUBIERTO,1 → 0.25,NO CUBIERTO,0.25 → 0.25,-0.5
2791867,FCV Dender EH,Standard Liege,0.25,2.25,NO_COVER,0,1,-1,-55,0.5,28,CUBIERTO,0 → 0.25,CUBIERTO,0 → 0.25,1.25
2791604,Saint Mirren,Livingston,0.75,2.5,COVER,1,0,0.25,-11,0.75,4,CUBIERTO,0.5 → 0.75,NO CUBIERTO,-0.25 → 0.75,0.5
2789291,Brighton Hove Albion,Sunderland A.F.C,0.75,2.5,COVER,0,0,1,44,1.75,50,NO CUBIERTO,-0.25 → 0.75,NO CUBIERTO,-0.25 → 0.75,-0.25
2783367,Buckie Thistle FC,Keith,0.75,3.5,COVER,5,0,-,0,2.75,23,N/A,N/A,N/A,N/A,0
2848305,CD Ardoi Draw,Avance Ezcabarte,0.25,2.25,COVER,1,1,0.25,5,1,25,N/A,N/A,N/A,N/A,0.0
2911937,Al Sadd Reserves,Al Shahaniya Reserves,0.75,2.75,NO_COVER,1,3,1.5,-5,0.25,10,N/A,N/A,NO CUBIERTO,-1.25 → 0.75,-0.75
2911936,Al-Shamal SC Reserves,Al-Arabi Doha (R),0.75,2.75,COVER,1,0,0,-6,1.5,-5,N/A,N/A,NO CUBIERTO,-1.5 → 0.75,0.75
2863460,CD Mirandes B,Colegios Diocesanos,0.5,2.25,COVER,3,0,0.75,15,0,28,NO CUBIERTO,0.5 → 0.5,N/A,N/A,-0.25
2863152,CD Guarnizo,CD Barquereno,0.75,2.5,COVER,2,1,0,-8,0.5,9,N/A,N/A,N/A,N/A,0.75
2912527,Solution FC,Godswill Akpabio United FC,0.5,2,NO_COVER,0,3,,0,0.25,-2,N/A,N/A,N/A,N/A,0
2799535,FC Koln,Union Berlin,0.25,2.5,NO_COVER,0,1,0.5,-2,0.25,-64,CUBIERTO,0 → 0.25,CUBIERTO,0 → 0.25,-0.25
2799533,Augsburg,Werder Bremen,0.25,2.75,COVER,0,0,-0.5,-40,0.25,17,NO CUBIERTO,0.25 → 0.25,CUBIERTO,0.5 → 0.25,0.75
2799540,VfB Stuttgart,TSG Hoffenheim,0.5,3.25,COVER,0,0,-1,-33,1,-7,NO CUBIERTO,1.75 → 0.5,NO CUBIERTO,-0.5 → 0.5,1.5
2911082,Maccabi Netanya U19,Maccabi Petach Tikva U19,0.25,3.25,COVER,2,1,1.25,3,0,-24,NO CUBIERTO,0.25 → 0.25,NO CUBIERTO,0.25 → 0.25,-1.0
2911904,City FC Abuja,Doma United,0.25,2,COVER,1,0,0.25,-7,0.5,45,N/A,N/A,N/A,N/A,0.0
2789024,Paksi SE Honlapja,Nyiregyhaza,0.75,2.75,COVER,2,1,0.75,33,0.25,4,CUBIERTO,1 → 0.75,NO CUBIERTO,-0.5 → 0.75,0.0
2909772,Auxerre W,Le Mans (W),0.5,2.25,COVER,3,1,0.25,-10,0.25,-18,N/A,N/A,N/A,N/A,0.25
2909773,FC Metz (W),Reims (W),0.5,2.75,NO_COVER,1,3,0.5,-21,0.75,8,NO CUBIERTO,-0.5 → 0.5,N/A,N/A,0.0
2839566,Modena,Venezia,0.25,2.25,NO_COVER,1,2,0.75,29,-0.5,-59,NO CUBIERTO,0.25 → 0.25,NO CUBIERTO,0.75 → 0.25,-0.5
2839562,Cesena,Juve Stabia,0.25,2,COVER,1,1,0.75,10,0.5,26,NO CUBIERTO,0.25 → 0.25,NO CUBIERTO,0.25 → 0.25,-0.5
2835060,Fiorentino,Murata,0.5,2.5,COVER,3,0,1.25,15,1.75,32,CUBIERTO,0 → 0.5,NO CUBIERTO,0 → 0.5,-0.75
2839564,Frosinone,Spezia,0.5,2.5,COVER,2,1,0.5,26,0.25,12,NO CUBIERTO,-0.5 → 0.5,NO CUBIERTO,-0.5 → 0.5,0.0
2819275,Bursaspor,Aliaga FUTBOL AS,0.5,2.25,COVER,0,0,1.25,-13,-0.5,-8,N/A,N/A,N/A,N/A,-0.75
2821503,Nigde Belediyespor,Erciyes 38,0.25,2.25,COVER,0,0,-,0,0.25,-19,CUBIERTO,-0.5 → 0.25,NO CUBIERTO,0 → 0.25,0
2806266,Buckley Town,Rhyl FC,0.75,3.5,NO_COVER,1,2,1.25,63,0,-27,NO CUBIERTO,-0.25 → 0.75,NO CUBIERTO,1.25 → 0.75,-0.5
2806228,Brickfield Rangers,Holyhead,0.25,3.25,COVER,4,0,0.25,-18,0,11,N/A,N/A,N/A,N/A,0.0
2813584,GD Chaves,Portimonense,0.75,2.5,NO_COVER,0,1,1,-6,0.5,15,CUBIERTO,0.75 → 0.75,CUBIERTO,0.75 → 0.75,-0.25
2805875,Caerau Ely,Aberystwyth Town,0.5,2.75,COVER,1,0,-0.25,-8,0,-8,N/A,N/A,N/A,N/A,0.75
2794417,Queen＇s University,Institute FC,0.25,2.5,COVER,2,1,,0,0,0,N/A,N/A,indeterminado,0 → 0.25,0
2805872,Trey Thomas Drossel,Baglan Dragons,0.25,2.5,COVER,2,1,0,36,-0.5,48,NO CUBIERTO,0.75 → 0.25,NO CUBIERTO,-0.25 → 0.25,0.25
2911079,Bnei Yehuda Tel Aviv U19,Hapoel Nir Ramat Hasharon U19,0.75,3,COVER,1,0,0.25,-6,0,-9,NO CUBIERTO,0.5 → 0.75,NO CUBIERTO,0.5 → 0.75,0.5
2870004,CartanU19,Palermo U20,0.5,2.5,COVER,1,1,0.75,15,0.5,-15,N/A,N/A,N/A,N/A,-0.25
2795199,ZNK Osijek,Slaven Belupo,0.25,2.5,COVER,0,0,0.5,83,0.25,-2,CUBIERTO,0.25 → 0.25,NO CUBIERTO,0 → 0.25,-0.25
2869763,Cittadella Youth,AlbinoLeffe Youth,0.75,3,NO_COVER,1,2,0,11,1,29,N/A,N/A,N/A,N/A,0.75
2870003,Benevento (Youth),AS Avellino Youth,0.25,2.75,COVER,1,0,0.5,-15,0.5,-12,CUBIERTO,1.25 → 0.25,NO CUBIERTO,-0.25 → 0.25,-0.25
2840870,AS Sorrento Calcio,AZ Picerno ASD,0.5,2.25,COVER,1,1,0,3,1.25,39,NO CUBIERTO,0 → 0.5,NO CUBIERTO,0.75 → 0.5,0.5
2911876,Tombense,Rio Branco-ES,0.5,2.25,COVER,0,0,,0,,0,CUBIERTO,0.75 → 0.5,CUBIERTO,0.75 → 0.5,0
2911877,UD La Mosca U19,Melilla U19,0.5,2.75,COVER,2,0,-0.25,7,1.25,67,N/A,N/A,N/A,N/A,0.75
2840489,Trento,AC Dolomiti Bellunesi,0.5,2.25,COVER,2,0,0,28,0,33,N/A,N/A,N/A,N/A,0.5
2837560,Athletic Carpi,Nuova Monterosi,0.25,2.25,COVER,1,1,0,-6,0.75,53,N/A,N/A,N/A,N/A,0.25
2840481,Albinoleffe,ASD Alcione,0.25,2.25,COVER,2,0,0.25,-4,0.25,18,CUBIERTO,0.75 → 0.25,CUBIERTO,0.75 → 0.25,0.0
2912104,Polisi SC,Mafunzo FC,0.25,2.25,COVER,1,1,0,18,0.75,-13,N/A,N/A,CUBIERTO,0.5 → 0.25,0.25
2911932,Musanze FC,Muhanga,0.5,2,COVER,3,0,0.5,22,0.25,8,CUBIERTO,0.75 → 0.5,CUBIERTO,0.75 → 0.5,0.0
2911895,Akrites Sykeon,Eordaikos,0.75,2,COVER,4,0,0,18,0.25,2,N/A,N/A,N/A,N/A,0.75
2905744,Kazma,Al-Nasar,0.75,2.25,COVER,1,0,-1,10,2.5,28,NO CUBIERTO,0.5 → 0.75,NO CUBIERTO,0.5 → 0.75,1.75
2902781,Beni Oulbane,NRB Teleghma,0.5,2,COVER,1,1,0.75,0,1,79,N/A,N/A,N/A,N/A,-0.25
2902779,MSP Batna,CR Beni Thour,0.5,2,COVER,1,1,1,0,1.75,32,N/A,N/A,N/A,N/A,-0.5
2902783,USM Annaba,JS Jijel,0.75,2,COVER,2,0,1.75,32,0.25,19,CUBIERTO,0.5 → 0.75,N/A,N/A,-1.0
2810946,Erzgebirge Aue,Schweinfurt 05 FC,0.75,2.75,COVER,4,0,0,32,1.25,17,N/A,N/A,N/A,N/A,0.75
2810948,Hansa Rostock,Saarbrucken,0.75,3,COVER,1,1,0.75,58,0.25,-32,NO CUBIERTO,0.25 → 0.75,NO CUBIERTO,0.25 → 0.75,0.0
2810954,VfL Osnabruck,VfB Stuttgart II,0.5,2.75,NO_COVER,1,2,0.5,56,0.75,-7,CUBIERTO,0.75 → 0.5,CUBIERTO,-0.25 → 0.5,0.0
2810950,SV Waldhof Mannheim,Ingolstadt,0.5,3,COVER,2,2,0.25,-32,0,32,NO CUBIERTO,0 → 0.5,NO CUBIERTO,0 → 0.5,0.25
2807403,Eldense,Real Betis B,0.75,2,COVER,2,0,0.5,25,0.5,0,N/A,N/A,N/A,N/A,0.25
2909776,Kedah FA,UM-Damansara United,0.25,2.25,COVER,0,0,-1,21,1.25,7,N/A,N/A,N/A,N/A,1.25
2909778,Kelantan Red Warrior,Imigresen FC II,0.25,2.5,COVER,2,2,-,0,0.5,-8,N/A,N/A,N/A,N/A,0
2901953,Ajman,Dibba Al-Fujairah,0.5,2.75,COVER,2,0,-1,-25,0.25,-13,CUBIERTO,1 → 0.5,CUBIERTO,1 → 0.5,1.5
2867455,Al-Hamriyah,Al-Jazira Al-Hamra,0.5,2.5,NO_COVER,0,1,1.5,18,0.5,-15,CUBIERTO,0.5 → 0.5,NO CUBIERTO,0 → 0.5,-1.0
2911909,Naivas FC,FC Talanta,0.25,1.75,COVER,1,0,0.5,24,0.5,11,N/A,N/A,N/A,N/A,-0.25
2909451,Asyut Petroleum,El Mansoura,0.5,1.75,COVER,3,2,0.25,9,0,13,CUBIERTO,0.75 → 0.5,NO CUBIERTO,0 → 0.5,0.25
2909452,Tanta,Raya Ghazl SC,0.25,1.5,COVER,1,0,0,4,0.5,1,NO CUBIERTO,0.25 → 0.25,NO CUBIERTO,0.25 → 0.25,0.25
2909026,Olympic El Qanal,Proxy SC,0.75,2,COVER,2,1,1,-24,0,1,CUBIERTO,0 → 0.75,CUBIERTO,0 → 0.75,-0.25
2874134,AE Zakakiou,PO Ahironas-Onisilos,0.5,2.5,NO_COVER,0,2,0.5,6,0.75,18,CUBIERTO,1.25 → 0.5,N/A,N/A,0.0
2909028,El Daklyeh,Aswan,0.25,1.75,COVER,1,0,-0.25,5,0.75,34,NO CUBIERTO,0.25 → 0.25,NO CUBIERTO,0.25 → 0.25,0.5
2874127,Asil Lysi,MEAP Nisou,0.5,2.25,COVER,0,0,0,37,-0.75,-41,N/A,N/A,N/A,N/A,0.5
2869764,Como U20,Virtus Entella U20,0.5,2.75,COVER,1,1,1.5,41,-0.5,-9,CUBIERTO,0.25 → 0.5,CUBIERTO,-0.75 → 0.5,-1.0
2853684,Apolonia Fier,KF Laci,0.25,2,NO_COVER,0,2,0.75,3,-0.25,0,N/A,N/A,NO CUBIERTO,0.5 → 0.25,-0.5
2829128,Wingate Finchley,Cray Wanderers,0.25,2.75,NO_COVER,1,2,0.25,0,-0.25,0,CUBIERTO,0.25 → 0.25,NO CUBIERTO,0.25 → 0.25,0.0
2818094,Boston United,Aldershot Town,0.25,2.75,NO_COVER,0,2,-0.75,16,1.75,-2,NO CUBIERTO,-0.5 → 0.25,CUBIERTO,0.25 → 0.25,1.0
2798801,Bromley,Grimsby Town,0.25,2.5,COVER,2,0,0.75,34,0,-17,NO CUBIERTO,0.25 → 0.25,NO CUBIERTO,0.25 → 0.25,-0.5
2798806,Notts County,Walsall,0.25,2.25,COVER,0,0,0,-18,0,12,NO CUBIERTO,0 → 0.25,NO CUBIERTO,0 → 0.25,0.25
2798268,Southampton,Coventry City,0.25,3,COVER,1,1,0.25,-11,-0.5,-48,CUBIERTO,0.75 → 0.25,CUBIERTO,0.75 → 0.25,0.0
2798265,Preston North End,Norwich City,0.25,2.5,COVER,1,1,-0.5,-48,0.5,18,NO CUBIERTO,-0.25 → 0.25,CUBIERTO,0.75 → 0.25,0.75
2797704,Wigan Athletic,Blackpool,0.5,2.25,NO_COVER,0,2,0.5,-15,0.25,49,NO CUBIERTO,0 → 0.5,NO CUBIERTO,0 → 0.5,0.0
2912026,Volos Nps U19,Asteras Tripolis U19,0.25,2.5,COVER,1,0,,0,,0,NO CUBIERTO,0.25 → 0.25,NO CUBIERTO,0.25 → 0.25,0
2797703,Stevenage Borough,Burton Albion,0.75,2.25,COVER,2,2,-0.25,6,0.5,-15,NO CUBIERTO,0.75 → 0.75,NO CUBIERTO,0.75 → 0.75,1.0
2789296,Newcastle United,Chelsea,0.25,2.75,COVER,2,2,1.5,36,-0.25,-16,CUBIERTO,0.25 → 0.25,CUBIERTO,0.25 → 0.25,-1.25
2798259,Blackburn Rovers,Millwall,0.25,2.25,COVER,2,0,0.5,25,0.25,15,CUBIERTO,0.25 → 0.25,CUBIERTO,0.25 → 0.25,-0.25
2911881,Rans Nusantara FC,Persibo Bojonegoro,0.25,2,COVER,2,1,,0,-0.25,16,NO CUBIERTO,-0.75 → 0.25,NO CUBIERTO,2.5 → 0.25,0
2911883,CF Juventud Laguna U19,Villa Santa Brigida U19,0.5,2.5,NO_COVER,0,1,-0.75,0,0.5,-9,N/A,N/A,N/A,N/A,1.25
2911878,Persitara Jakarta Utara,Persikota Tangerang,0.25,2,NO_COVER,1,2,0.25,-11,0.25,-8,N/A,N/A,N/A,N/A,0.0
2907104,Muang Thong United,Lamphun Warrior,0.5,3,NO_COVER,0,1,-,39,-1,2,CUBIERTO,0.5 → 0.5,NO CUBIERTO,0 → 0.5,0
2885585,Al-Rawdhah,Tuwaiq,0.75,2.25,COVER,1,0,-,0,-,0,CUBIERTO,0.5 → 0.75,CUBIERTO,0.5 → 0.75,0
2838055,Bangkok FC,Songkhla FC,0.25,2.5,COVER,1,0,0,28,0.25,9,NO CUBIERTO,0.75 → 0.25,NO CUBIERTO,0.75 → 0.25,0.25
2912045,Dhofar U21,Al-Oruba U21,0.5,2,COVER,2,0,,0,,0,N/A,N/A,N/A,N/A,0
2818950,Halide Edip Adivarspor,Inegolspor,0.25,2.25,NO_COVER,2,3,1.75,19,-,0,N/A,N/A,N/A,N/A,-1.5
2912046,Al-Suwaiq U21,Al-Seeb U21,0.25,2.25,NO_COVER,0,1,,0,-0.5,-2,N/A,N/A,N/A,N/A,0
2799859,Fortuna Dusseldorf,Greuther Furth,0.5,2.75,COVER,2,1,-0.25,0,0.75,43,NO CUBIERTO,0.75 → 0.5,NO CUBIERTO,0.75 → 0.5,0.75
2799862,Kaiserslautern,Magdeburg,0.25,3,NO_COVER,2,3,0.5,-1,0.5,2,NO CUBIERTO,0.25 → 0.25,NO CUBIERTO,0.5 → 0.25,-0.25
2799857,VfL Bochum,Karlsruher SC,0.75,3,COVER,2,2,0.25,4,0.75,-3,NO CUBIERTO,0.5 → 0.75,NO CUBIERTO,0.5 → 0.75,0.5
2911920,Al-Hudod,Afak SC,0.75,2.25,COVER,2,0,1,30,0.25,0,N/A,N/A,N/A,N/A,-0.25
2789026,ZalaegerzsegTE,MTK Hungaria,0.25,3,COVER,1,1,-0.25,-21,0.75,33,NO CUBIERTO,0.25 → 0.25,NO CUBIERTO,0.25 → 0.25,0.5
2910018,Napoli (W),Sassuolo (W),0.25,2.25,COVER,3,1,0.25,8,1.5,24,NO CUBIERTO,-1 → 0.25,NO CUBIERTO,-1 → 0.25,0.0
2909462,Niroye Zamini,Shahrdari Noshahr,0.25,1.5,COVER,1,1,0,-14,0.5,18,CUBIERTO,0.25 → 0.25,CUBIERTO,0.25 → 0.25,0.25
2907106,Uthai Thani FC,Prachuap Khiri Khan,0.25,3,NO_COVER,0,1,1.5,26,-0.5,-53,CUBIERTO,0 → 0.25,CUBIERTO,0 → 0.25,-1.25
2907119,Sukhothai,Nong Bua Lamphu,0.5,2.25,COVER,3,0,-,0,-,0,CUBIERTO,0.25 → 0.5,NO CUBIERTO,0.5 → 0.5,0
2854323,Real Union Tenerife,Herbania,0.5,2.25,COVER,2,1,0,23,-,0,N/A,N/A,N/A,N/A,0.5
2878721,CF Platges De Calvia,CE Mercadal,0.5,2.25,COVER,4,1,1.25,6,-,0,CUBIERTO,0.5 → 0.5,CUBIERTO,0.5 → 0.5,-0.75
2809174,Puente Genil,CD Linares Deportivo,0.25,2.25,COVER,1,1,0.25,9,0.5,-5,N/A,N/A,N/A,N/A,0.0
2812996,Konyaspor,Kayserispor,0.5,2.5,COVER,1,1,0.5,-5,0.5,5,NO CUBIERTO,0.5 → 0.5,NO CUBIERTO,0 → 0.5,0.0
2911867,Osasuna U19,CD Oberena U19,0.5,3,NO_COVER,1,2,1,8,-1,-23,CUBIERTO,1.5 → 0.5,CUBIERTO,1.5 → 0.5,-0.5
2909769,Maritimo (W),SF Damaiense (W),0.5,2.5,COVER,3,3,-0.5,14,1,16,CUBIERTO,-0.5 → 0.5,CUBIERTO,0.5 → 0.5,1.0
2854322,Arucas CF,Tenerife C,0.25,2.25,COVER,2,2,0,0,-,0,N/A,N/A,N/A,N/A,0.25
2881899,KCB SC,Shabana FC,0.25,1.75,NO_COVER,1,3,0.25,11,0.25,-29,NO CUBIERTO,0 → 0.25,NO CUBIERTO,0 → 0.25,0.0
2865212,Valencia CF Mestalla,UE Olot,0.5,2,COVER,3,2,0.25,-15,0,-20,CUBIERTO,0.25 → 0.5,CUBIERTO,0.25 → 0.5,0.25
2809482,UD San Sebastian Reyes,Tenerife B,0.75,2.25,NO_COVER,1,2,0.25,37,0.75,-6,CUBIERTO,0 → 0.75,CUBIERTO,0 → 0.75,0.5
2912019,Aris Thessaloniki U19,Panserraikos U19,0.75,2.5,COVER,1,1,,0,,0,CUBIERTO,1.5 → 0.75,CUBIERTO,1.5 → 0.75,0
2912504,Las Rozas CF (W),Juventud Sanse (W),0.75,3,COVER,4,0,2,39,0.5,18,N/A,N/A,N/A,N/A,-1.25
2911080,Hapoel Rishon Lezion Yehuda U19,Hapoel Haifa U19,0.5,3,COVER,1,1,-1.75,-3,1.75,32,NO CUBIERTO,0.25 → 0.5,NO CUBIERTO,0.25 → 0.5,2.25
2815890,76 Igdir Belediye spor,Sivasspor,0.75,2.5,COVER,1,1,4.25,45,-0.25,10,N/A,N/A,N/A,N/A,-3.5
2911084,Ashdod MS U19,Hapoel Kiryat Shmona U19,0.25,2.75,COVER,1,0,0.25,-9,1.25,3,CUBIERTO,-0.25 → 0.25,NO CUBIERTO,0.25 → 0.25,0.0
2821744,Orduspor,Kdz Ereglispor,0.5,2.5,COVER,1,0,-0.5,11,-0.25,20,N/A,N/A,N/A,N/A,1.0
2909779,Perlis GSA FC,Seoul Phoenix,0.25,2.5,COVER,8,0,-0.75,0,0.5,22,N/A,N/A,N/A,N/A,1.0
2801295,Parma U20,Lazio U20,0.75,2.5,COVER,0,0,0.5,11,1,12,N/A,N/A,CUBIERTO,0.5 → 0.75,0.25
2911955,Hapoel Kfar Shalem U19,Hapoel Herzliya U19,0.25,3,COVER,2,0,2,49,0,-20,N/A,N/A,N/A,N/A,-1.75
2912489,USM Alger U20,ES Ben Aknoun U20,0.25,2.25,COVER,2,1,,0,,0,NO CUBIERTO,1 → 0.25,NO CUBIERTO,1 → 0.25,0
2911912,UCAM Murcia U19,Real Murcia U19,0.75,2.5,COVER,1,0,0.5,5,-1,12,CUBIERTO,0 → 0.75,CUBIERTO,0 → 0.75,0.25
2911961,Gadna Tel Aviv U19,Maccabi Yaffo Kabilio U19,0.25,3,COVER,1,1,1,7,0.25,4,CUBIERTO,0 → 0.25,CUBIERTO,0 → 0.25,-0.75
2911956,Hapoel Ramat Gan U19,FC Kfar Qasim U19,0.75,3,COVER,1,0,0.75,66,0,-11,CUBIERTO,1 → 0.75,CUBIERTO,1 → 0.75,0.0
2871699,Melbourne City,Melbourne Victory,0.75,2.75,NO_COVER,0,1,1.25,34,0,-9,CUBIERTO,0 → 0.75,CUBIERTO,-0.25 → 0.75,-0.5
2826273,Dewa United FC,Persis Solo FC,0.75,3,COVER,5,1,1,-26,0.75,29,CUBIERTO,1 → 0.75,NO CUBIERTO,0 → 0.75,-0.25
2911879,Persekap Pasuruan,Gresik United,0.25,2.25,COVER,2,0,-,80,0.25,13,NO CUBIERTO,-0.5 → 0.25,NO CUBIERTO,0.75 → 0.25,0
2911908,Pusamania Borneo U20,Malut United FC U20,0.25,2.75,COVER,2,1,1.5,0,0.5,17,N/A,N/A,N/A,N/A,-1.25
2872065,Canberra United (W),Central Coast Mariners (W),0.5,2.5,COVER,1,1,-1,-1,0,13,NO CUBIERTO,-0.25 → 0.5,NO CUBIERTO,0.75 → 0.5,1.5
2783584,Hiroshima Sanfrecce (W),Nojima Stella (W),0.5,2.25,NO_COVER,0,3,1,17,1.5,10,NO CUBIERTO,1 → 0.5,CUBIERTO,-1.25 → 0.5,-0.5
2912017,Sethu FC (W),Kickstart Karnataka FC (W),0.25,2.75,COVER,2,1,0.75,0,0,-21,NO CUBIERTO,0.75 → 0.25,NO CUBIERTO,0 → 0.25,-0.5
2872064,Wellington Phoenix (W),Sydney FC (W),0.25,2.25,COVER,7,0,-0.5,-53,0,22,CUBIERTO,-0.5 → 0.25,NO CUBIERTO,0.5 → 0.25,0.75
2912621,Amurrio,Iru-Bat Santa Lucia,0.5,3,NO_COVER,0,1,0.75,25,-1,-17,N/A,N/A,CUBIERTO,-0.25 → 0.5,-0.25
2879001,UD San Sebastian Reyes B,Siello,0.25,2.25,COVER,2,0,-0.75,-14,1,-14,N/A,N/A,N/A,N/A,1.0
2879557,Celtiga,CF Noia,0.5,2.25,COVER,1,0,-,0,0.75,17,N/A,N/A,N/A,N/A,0
2849947,AZ Alkmaar (W),Zwolle (W),0.25,3.25,NO_COVER,0,1,2.25,34,0.75,30,CUBIERTO,0.75 → 0.25,CUBIERTO,0.75 → 0.25,-2.0
2840125,CD Azuqueca,CD Marchamalo,0.25,2.25,NO_COVER,1,2,-0.25,11,-,0,CUBIERTO,0.5 → 0.25,N/A,N/A,0.5
2870273,Aduana Stars,Accra Hearts of Oak,0.5,1.75,COVER,0,0,1,27,0.25,-21,N/A,N/A,N/A,N/A,-0.5
2813590,SC Farense,Uniao Leiria,0.25,2.25,NO_COVER,0,1,0.25,-32,-0.25,-39,CUBIERTO,0.25 → 0.25,CUBIERTO,0.25 → 0.25,0.0
2810949,TSG Hoffenheim (Youth),SV Wehen Wiesbaden,0.5,3,COVER,3,1,0.5,-4,0.5,56,N/A,N/A,NO CUBIERTO,0.75 → 0.5,0.0
2913998,ASN Nigelec,Gendarmerie,0.25,2,NO_COVER,0,1,0.75,15,,0,N/A,N/A,N/A,N/A,-0.5
2900795,Hamrun Spartans,Birkirkara FC,0.75,2.25,COVER,6,1,0.75,15,0.25,0,CUBIERTO,0.25 → 0.75,CUBIERTO,0.25 → 0.75,0.0
2807025,CD Lugo,Ourense CF,0.25,2,COVER,2,1,-0.25,-21,0.5,5,NO CUBIERTO,0.5 → 0.25,NO CUBIERTO,0.5 → 0.25,0.5
2912635,AC Barracuda,Entente 2,0.25,1.75,NO_COVER,0,1,0.5,-11,0.25,0,NO CUBIERTO,0.25 → 0.25,CUBIERTO,1 → 0.25,-0.25
2912632,AC Semassi,Gomido FC,0.25,1.75,COVER,1,0,0.25,0,0.25,0,N/A,N/A,NO CUBIERTO,0 → 0.25,0.0
2912601,FC Espoir Tsevie,Unisport de Sokode,0.25,2,COVER,1,1,-0.25,0,0.5,0,CUBIERTO,0.25 → 0.25,CUBIERTO,0.5 → 0.25,0.5
2911145,Portimonense B,Sintrense,0.25,2,COVER,2,1,1,32,-0.5,-11,N/A,N/A,N/A,N/A,-0.75
2911191,Barletta,Nardo,0.5,2.25,COVER,0,0,0.25,5,-,0,NO CUBIERTO,-0.25 → 0.5,NO CUBIERTO,-0.25 → 0.5,0.25
2911142,GD Vitoria Sernache,Associacao Naval,0.5,2,COVER,2,0,1,31,-0.25,22,N/A,N/A,N/A,N/A,-0.5
2911146,FC Serpa,Oriental Lisboa,0.5,2.25,NO_COVER,1,2,0.25,18,0.25,-8,N/A,N/A,CUBIERTO,0.25 → 0.5,0.25
2911138,Benfica C.Branco,Fatima,0.75,2,COVER,1,0,0.25,-9,1,31,N/A,N/A,NO CUBIERTO,0.5 → 0.75,0.5
2911126,CD Ribeira Brava,Machico,0.25,2.25,COVER,2,1,-0.5,-55,0.5,3,N/A,N/A,N/A,N/A,0.75
2911133,Rebordosa,Florgrade,0.75,2,COVER,1,0,1,4,-0.25,-18,CUBIERTO,0.5 → 0.75,NO CUBIERTO,0.25 → 0.75,-0.25
2911124,Chaves B,Tirsense,0.25,2.25,NO_COVER,0,1,1.25,-1,-0.75,-38,N/A,N/A,N/A,N/A,-1.0
2911128,Vilaverdense,GD Braganca,0.25,2,NO_COVER,0,2,0.5,3,0.25,-14,NO CUBIERTO,0.5 → 0.25,NO CUBIERTO,0.5 → 0.25,-0.25
2911134,Salgueiros,U. Lamas,0.5,2,COVER,1,0,0.5,13,0,31,CUBIERTO,0.5 → 0.5,CUBIERTO,0.5 → 0.5,0.0
2911122,Limianos,Vianense,0.5,2.25,COVER,2,1,0.25,27,0,-8,NO CUBIERTO,0.25 → 0.5,NO CUBIERTO,0.25 → 0.5,0.25
2870280,Nations FC,Young Apostles,0.75,2,COVER,1,0,0.25,15,0.5,-5,NO CUBIERTO,0.75 → 0.75,NO CUBIERTO,0.75 → 0.75,0.5
2879838,CD La Almunia,Bell Bridget,0.75,2.25,NO_COVER,0,3,-,0,-,0,N/A,N/A,N/A,N/A,0
2870275,Ghana Dream FC,Berekum Chelsea,0.75,2,COVER,3,1,0.5,-3,1,0,N/A,N/A,N/A,N/A,0.25
2909937,AD Marco 09,S. Joao Ver,0.5,2.25,COVER,2,1,-0.25,-62,0.5,6,N/A,N/A,NO CUBIERTO,0 → 0.5,0.75
2909936,Academica Coimbra,Lusitano Evora,0.25,2.25,COVER,3,1,0.5,18,0.25,-50,N/A,N/A,CUBIERTO,-0.25 → 0.25,-0.25
2909939,Vitoria Guimaraes B,Paredes,0.25,2,NO_COVER,1,3,0.5,6,0.25,-28,NO CUBIERTO,0.25 → 0.25,NO CUBIERTO,0.5 → 0.25,-0.25
2848303,Aoiz,Bidzala,0.25,2.25,COVER,1,0,0,5,0.5,13,N/A,N/A,N/A,N/A,0.25
2859851,Enugu Rangers International,Ikorodu City FC,0.75,1.5,COVER,2,1,0.75,22,-,0,CUBIERTO,1 → 0.75,CUBIERTO,1 → 0.75,0.0
2859853,Shooting Stars SC,Niger Tornadoes FC,0.75,1.5,COVER,2,1,0.25,-2,0.5,-2,CUBIERTO,1 → 0.75,CUBIERTO,1 → 0.75,0.5
2859852,Remo Stars,Bendel Insurance,0.75,1.5,NO_COVER,2,3,0.75,11,0.25,-2,CUBIERTO,1.25 → 0.75,NO CUBIERTO,0.5 → 0.75,0.0
2815091,FC Santa Coloma,Ranger＇s FC,0.25,2.25,COVER,2,0,3,26,,0,N/A,N/A,NO CUBIERTO,0.25 → 0.25,-2.75
2807022,Barakaldo CF,Pontevedra,0.25,2,NO_COVER,0,1,0.5,75,0.25,4,NO CUBIERTO,0.25 → 0.25,NO CUBIERTO,0.25 → 0.25,-0.25
2807408,Sevilla Atletico,Atletico Sanluqueno,0.5,2,COVER,2,1,0,9,0.5,0,CUBIERTO,0.25 → 0.5,CUBIERTO,0.25 → 0.5,0.5
2814365,RWDM Brussels,RFC de Liege,0.5,2.75,NO_COVER,0,3,0.5,-29,1,53,CUBIERTO,1 → 0.5,NO CUBIERTO,0 → 0.5,0.0
2791866,Sint-Truidense,Mechelen,0.75,2.75,COVER,1,0,-0.75,-4,0.75,2,CUBIERTO,0 → 0.75,CUBIERTO,0.25 → 0.75,1.5
2911073,Al-Khuraitiat,Muaidar SC,0.25,2.5,COVER,5,0,0.25,-12,0.25,-26,CUBIERTO,0.5 → 0.25,NO CUBIERTO,-0.25 → 0.25,0.0
2808251,Racing B,coruxo FC,0.25,2.25,COVER,1,1,0,-6,0.25,-7,NO CUBIERTO,0.25 → 0.25,NO CUBIERTO,0 → 0.25,0.25
2799538,FSV Mainz 05,St. Pauli,0.5,2.5,COVER,0,0,0.25,28,0.5,-2,CUBIERTO,0.5 → 0.5,CUBIERTO,0.5 → 0.5,0.25
2912554,Ionikos,Thyella Rafinas,0.75,2.25,COVER,1,0,0.5,33,0.75,21,N/A,N/A,NO CUBIERTO,-0.5 → 0.75,0.25
2797230,Universitaea Cluj,Farul Constanta,0.5,2.5,COVER,1,0,0.5,-10,-0.75,-40,NO CUBIERTO,0.5 → 0.5,CUBIERTO,0 → 0.5,0.0
2911195,Paganese,Citta di Fasano,0.5,2.25,COVER,0,0,0.5,0,0.25,-20,CUBIERTO,0.25 → 0.5,N/A,N/A,0.0
2911207,Vigor Senigallia,Unipomezia,0.25,2.25,COVER,3,2,0.75,17,-,0,N/A,N/A,N/A,N/A,-0.5
2911194,ASD Martina Franca,SS Nola 1925,0.75,2.25,COVER,3,0,0.25,-20,-0.25,4,N/A,N/A,N/A,N/A,0.5
2911201,Mar Ratase,Chieti,0.5,2.5,COVER,4,0,-,0,-,0,N/A,N/A,N/A,N/A,0
2839563,ACD Virtus Entella,SudTirol,0.25,2.25,COVER,1,1,0.25,12,1,2,NO CUBIERTO,1 → 0.25,NO CUBIERTO,1 → 0.25,0.0
2835061,AC Juvenes,S.S Pennarossa,0.75,2.5,COVER,2,1,1,0,0.75,-12,N/A,N/A,N/A,N/A,-0.25
2800772,Borac Banja Luka,HSK Zrinjski Mostar,0.5,2,NO_COVER,0,1,2.25,24,-1.25,-39,NO CUBIERTO,0 → 0.5,NO CUBIERTO,0.25 → 0.5,-1.75
2905751,Nice,Saint Etienne,0.75,2.5,COVER,2,1,,0,-3.5,-37,CUBIERTO,0.75 → 0.75,CUBIERTO,-0.75 → 0.75,0
2784640,Sassuolo,Torino,0.25,2.25,NO_COVER,0,1,0,-3,0,-8,NO CUBIERTO,-0.25 → 0.25,NO CUBIERTO,-0.25 → 0.25,0.25
2911217,Athletic Palermo,ASD Ragusa Calcio,0.75,2.5,COVER,2,1,0.5,0,-,0,N/A,N/A,N/A,N/A,0.25
2911212,ASD Monastir,Palmese 1914,0.75,2.5,NO_COVER,1,2,0,19,-,0,N/A,N/A,N/A,N/A,0.75
2911214,Trastevere Calcio,ASD Anziolavinio,0.75,2.75,COVER,3,3,0.75,45,1.5,18,NO CUBIERTO,0.25 → 0.75,NO CUBIERTO,0 → 0.75,0.0
2911209,ASD Flaminia Civita Castellana,Montespaccato,0.5,2.5,COVER,3,1,-,0,0.5,-29,CUBIERTO,0.75 → 0.5,CUBIERTO,0.75 → 0.5,0
2911206,Teramo,ASD Atletico Ascoli,0.75,2.5,NO_COVER,1,2,0.75,-8,-,0,NO CUBIERTO,0.25 → 0.75,NO CUBIERTO,-0.25 → 0.75,0.0
2911198,Sarnese,Francavilla,0.25,2.5,COVER,0,0,-,0,-,0,N/A,N/A,N/A,N/A,0
2911199,FC Fossombrone 1949,Recanatese,0.5,2.25,COVER,1,0,-,0,-,0,N/A,N/A,N/A,N/A,0
2911190,Afragolese 1944,FC Francavilla,0.5,2.25,NO_COVER,1,2,-,0,-,0,N/A,N/A,N/A,N/A,0
2911189,ASD Sporting Trestina,Robur Siena S.S.D.,0.25,2,NO_COVER,0,2,0.5,-4,-,0,CUBIERTO,-0.25 → 0.25,CUBIERTO,-0.25 → 0.25,-0.25
2911187,ASD Seravezza Calcio,San Donato Tavarnelle,0.5,2,COVER,2,0,0.25,13,0.25,41,NO CUBIERTO,0.5 → 0.5,CUBIERTO,-0.25 → 0.5,0.25
2911181,Camaiore Calcio,Sansepolcro ASD,0.25,2.25,COVER,1,1,-,0,0.5,-4,N/A,N/A,N/A,N/A,0
2911185,Orvietana,ASD Terranuova Traiana,0.25,2.25,COVER,2,0,-,0,-,0,NO CUBIERTO,0.25 → 0.25,NO CUBIERTO,0.25 → 0.25,0
2911175,Pro Sesto,Correggese Calcio,0.75,2.25,COVER,1,0,0.25,3,-0.25,-4,N/A,N/A,N/A,N/A,0.5
2911178,ASD Sasso Marconi,SCD Progresso Calcio,0.25,2,NO_COVER,2,3,-,0,0.5,8,NO CUBIERTO,0.25 → 0.25,NO CUBIERTO,0.25 → 0.25,0
2911171,Treviso,AC Mestre,0.5,2,COVER,1,0,-,0,0.25,17,NO CUBIERTO,0.5 → 0.5,NO CUBIERTO,0.5 → 0.5,0
2911169,Legnago Salus,AC Vigasio,0.25,2.25,NO_COVER,1,3,0.25,17,-,0,N/A,N/A,N/A,N/A,0.0
2911165,Altavilla,Conegliano,0.25,2.25,COVER,1,1,-,0,-,0,N/A,N/A,N/A,N/A,0
2911167,Cjarlins Muzane,ACD Campodarsego,0.5,2.25,COVER,2,0,-,0,-,0,N/A,N/A,NO CUBIERTO,0.5 → 0.5,0
2911157,ASD Brusaporto,Oltrepo,0.75,2.5,NO_COVER,0,1,0.25,0,-,0,N/A,N/A,N/A,N/A,0.5
2911158,USD Castellanzese,Virtus Ciserano Bergamo,0.25,2.25,COVER,3,1,-0.25,-10,-,0,CUBIERTO,0.25 → 0.25,CUBIERTO,0.25 → 0.25,0.5
2911156,ASD Citta Di Varese,Lavagnese,0.5,2.25,COVER,1,0,0.5,72,1,35,NO CUBIERTO,0.25 → 0.5,NO CUBIERTO,0.25 → 0.5,0.0
2911141,Villa dAlme Valbrembana,US Breno,0.25,2.5,COVER,4,0,0.25,37,0.25,0,N/A,N/A,N/A,N/A,0.0
2911153,Derthona,ACSD Saluzzo,0.25,2.25,NO_COVER,1,3,-,0,0,-9,N/A,N/A,N/A,N/A,0
2868756,Araz Nakhchivan,Samaxı FC,0.25,1.75,COVER,2,0,1,24,-0.75,-3,NO CUBIERTO,1 → 0.25,NO CUBIERTO,-0.5 → 0.25,-0.75
2840488,Pro Vercelli,Arzignano Valchiampo,0.25,2.25,NO_COVER,0,5,0,3,0.25,44,NO CUBIERTO,0.25 → 0.25,NO CUBIERTO,0.25 → 0.25,0.25
2840863,Catania,Atalanta U23,0.75,2.25,COVER,2,0,0.5,-34,0.25,-3,NO CUBIERTO,0.25 → 0.75,NO CUBIERTO,0.25 → 0.75,0.25
2791601,Heart of Midlothian,Glasgow Rangers,0.25,2.5,COVER,2,1,1.75,38,-1.25,12,NO CUBIERTO,-0.75 → 0.25,CUBIERTO,0.5 → 0.25,-1.5
2912631,Seyssinet,Gallia Lucciana,0.25,2.75,COVER,2,0,0,9,0.75,4,N/A,N/A,N/A,N/A,0.25
2912572,Trikala 2011 (W),Atromitos (W),0.25,3,COVER,1,1,-3.5,-76,2.75,29,NO CUBIERTO,0.25 → 0.25,NO CUBIERTO,0.25 → 0.25,3.75
2912550,Sarakinos Volos,Ermis Exochis,0.25,2.5,NO_COVER,1,2,-1.25,2,-1.25,-12,N/A,N/A,N/A,N/A,1.5
2912551,AER Afantou,Apollon Kalithion FC,0.75,2.25,NO_COVER,3,4,0.5,24,2,56,N/A,N/A,NO CUBIERTO,0 → 0.75,0.25
2912557,Kiyovu FC,Rutsiro FC,0.5,2,COVER,1,0,0.25,-31,1.5,42,NO CUBIERTO,0 → 0.5,NO CUBIERTO,1 → 0.5,0.25
2912543,Iraklis Thermaikou,Aetos Orfanou,0.75,2.5,NO_COVER,1,2,1.75,9,1.25,0,N/A,N/A,N/A,N/A,-1.0
2912524,Anagennisi Artas,Po Elassonas,0.5,2,COVER,1,0,0.25,-6,1,0,N/A,N/A,N/A,N/A,0.25
2911078,Hapoel Petah Tikva Nahum Stelmah U19,Hapoel Raanana Roei U19,0.25,3.25,COVER,2,2,0,-24,0.25,-9,NO CUBIERTO,0.25 → 0.25,NO CUBIERTO,0.25 → 0.25,0.25
2890618,Sidama Bunna,Kedus Giorgis,0.25,1.75,COVER,1,1,0.25,1,-0.25,-17,NO CUBIERTO,0 → 0.25,CUBIERTO,0 → 0.25,0.0
2902928,ASM Oran,WA Mostaganem,0.75,2,COVER,0,0,-0.25,7,0.75,25,NO CUBIERTO,0.5 → 0.75,NO CUBIERTO,1.5 → 0.75,1.0
2890616,Mekelakeya,Ethio Electric FC,0.25,1.75,COVER,0,0,0.5,21,0,-18,N/A,N/A,N/A,N/A,-0.25
2874283,Swieqi United,Pieta Hotspurs,0.25,3,COVER,3,1,0.75,18,0,-6,CUBIERTO,0 → 0.25,N/A,N/A,-0.5
2911046,Darul Takzim II,Kelantan WTS FC,0.75,2.75,COVER,0,0,1.5,56,-0.75,0,N/A,N/A,N/A,N/A,-0.75
2793268,Lausanne Sports,Luzern,0.25,3,NO_COVER,0,4,0.25,19,0.75,-10,NO CUBIERTO,0.5 → 0.25,NO CUBIERTO,0.25 → 0.25,0.0
2909027,El Sekka El Hadid,Telecom Egypt,0.25,1.75,NO_COVER,1,2,0,1,0.75,54,NO CUBIERTO,-0.25 → 0.25,CUBIERTO,0 → 0.25,0.25
2853679,Besa Kavaje,KS Iliria Fushe,0.75,2.5,COVER,3,1,0.5,31,-0.25,2,N/A,N/A,NO CUBIERTO,0 → 0.75,0.25
2823958,Connahs Quay Nomads FC,Briton Ferry Athletic,0.5,2.75,COVER,4,2,0.75,-21,0.75,4,NO CUBIERTO,0.75 → 0.5,CUBIERTO,-0.75 → 0.5,-0.25
2852490,Al-Orubah,Al Raed,0.25,2.25,COVER,0,0,0.75,-10,0,-47,NO CUBIERTO,0 → 0.25,NO CUBIERTO,0 → 0.25,-0.5
2885820,Al-Saqer,Al-Qotah,0.5,2.75,COVER,1,1,1.75,-26,-,0,N/A,N/A,N/A,N/A,-1.25
2912574,Equity FC,Vihiga United,0.75,2,COVER,2,1,0.25,-9,0.75,0,N/A,N/A,N/A,N/A,0.5
2912578,MCF FC,Darajani Gogo,0.25,1.75,NO_COVER,0,1,-,0,0.25,-9,NO CUBIERTO,0 → 0.25,NO CUBIERTO,0 → 0.25,0
2912580,Luanda Villa SC,Kisumu All Stars,0.25,1.75,COVER,3,1,0.25,6,0.25,12,NO CUBIERTO,0 → 0.25,NO CUBIERTO,0.25 → 0.25,0.0
2907115,Port FC,Bangkok United FC,0.25,2.5,COVER,2,0,,0,,0,NO CUBIERTO,0.25 → 0.25,NO CUBIERTO,0.25 → 0.25,0
2885819,Hajer,Al-Rayyan,0.75,2.25,COVER,1,0,1.75,0,1.75,15,N/A,N/A,N/A,N/A,-1.0
2864685,Martos Club Deportivo,UD Melilla B,0.25,2.25,COVER,2,0,-,0,-,0,CUBIERTO,0.25 → 0.25,CUBIERTO,0.25 → 0.25,0
2889223,Marko,Chania Kissamikos,0.75,2.25,COVER,2,0,0.75,-27,1.5,49,N/A,N/A,NO CUBIERTO,0.25 → 0.75,0.0
2881896,Bandari,Mathare United,0.25,1.75,COVER,1,0,-0.5,-2,0.25,-10,NO CUBIERTO,0.75 → 0.25,NO CUBIERTO,0 → 0.25,0.75
2821981,Anadolu Universitesi,Denizli IY Gureller,0.25,2.25,NO_COVER,1,3,0.25,3,-,0,N/A,N/A,N/A,N/A,0.0
2821265,Silivrispor,1926 Polatli Belediye,0.5,2.25,COVER,1,0,-,0,1.25,24,N/A,N/A,N/A,N/A,0
2818952,Bursa Niluferspor AS,Beykozspor 1908,0.75,2.25,COVER,3,1,-0.5,-16,0,6,N/A,N/A,N/A,N/A,1.25
2818095,Brackley Town,Morecambe,0.5,2.75,NO_COVER,0,2,-1,-16,0.5,-12,N/A,N/A,NO CUBIERTO,0 → 0.5,1.5
2809479,Las Palmas Atletico,Suokuaili Moss,0.5,2.25,COVER,3,0,0.5,25,0.75,27,NO CUBIERTO,0.25 → 0.5,NO CUBIERTO,0.25 → 0.5,0.0
2818098,Solihull Moors,Sutton United,0.25,2.75,COVER,4,1,0.25,-7,0.25,25,NO CUBIERTO,0.25 → 0.25,NO CUBIERTO,0.5 → 0.25,0.0
2912724,Nairobi Star City,Soy United,0.5,1.75,COVER,1,1,0.5,14,0.25,-1,N/A,N/A,N/A,N/A,0.0
2797232,Hermannstadt,Petrolul Ploiesti,0.25,2.25,COVER,1,1,-0.75,17,0,49,NO CUBIERTO,0.25 → 0.25,NO CUBIERTO,0.25 → 0.25,1.0
2912594,Racing Santander U19,Compostela U19,0.75,2.75,NO_COVER,1,3,0.5,9,-0.25,-14,CUBIERTO,2 → 0.75,CUBIERTO,2 → 0.75,0.25
2795763,OFK Beograd,Backa Topola,0.25,2.75,NO_COVER,0,1,-2,-84,0,-34,NO CUBIERTO,0 → 0.25,CUBIERTO,0.75 → 0.25,2.25
2912553,Al Fahad,El Atesalat,0.5,1.75,COVER,2,2,-0.25,8,0.25,0,NO CUBIERTO,0 → 0.5,NO CUBIERTO,0 → 0.5,0.75
2912605,ED Val Minor Nigran U19,Lugo U19,0.25,2.75,NO_COVER,1,2,-2,-16,1,50,NO CUBIERTO,0.5 → 0.25,NO CUBIERTO,0.5 → 0.25,2.25
2864682,Churriana de la Vega,CD Alhaurino,0.5,2.25,COVER,0,0,0.25,-6,-,0,N/A,N/A,N/A,N/A,0.25
2809176,Xerez Deportivo FC,Lorca Deportiva FC,0.5,2,COVER,0,0,0,3,0,-10,N/A,N/A,N/A,N/A,0.5
2812988,Alanyaspor,Karagumruk,0.75,2.5,COVER,2,0,0.75,37,0.25,-1,CUBIERTO,1 → 0.75,CUBIERTO,1 → 0.75,0.0
2784632,Cagliari,Pisa,0.25,2.25,COVER,2,2,-0.75,5,0.25,5,NO CUBIERTO,0.25 → 0.25,NO CUBIERTO,0 → 0.25,1.0
2871401,Den Bosch,Vitesse Arnhem,0.25,3,COVER,2,0,0.25,14,-0.25,-53,CUBIERTO,0.5 → 0.25,CUBIERTO,-0.25 → 0.25,0.0
2912629,Real Madrid U19,Atletico de Madrid U19,0.5,3,COVER,1,0,2.5,33,-1,12,CUBIERTO,0.25 → 0.5,CUBIERTO,0.25 → 0.5,-2.0
2912582,Valdepenas,Herencia CF,0.25,2.5,COVER,1,1,-0.25,-6,0.75,19,N/A,N/A,N/A,N/A,0.5
2912608,Goztepe U19,Samsunspor U19,0.25,2.5,COVER,1,1,-0.25,15,0,9,N/A,N/A,N/A,N/A,0.5
2912536,Arratia CD (W),Tolosa CF (W),0.75,2.75,COVER,0,0,1,38,1,38,CUBIERTO,1 → 0.75,CUBIERTO,1 → 0.75,-0.25
2909499,Madrid CFF (W),Eibar (W),0.75,2.5,COVER,3,2,,0,,0,CUBIERTO,0.75 → 0.75,CUBIERTO,0.75 → 0.75,0
2911137,Marialvas,JD Lajense,0.5,2.25,COVER,2,2,0.25,18,0.25,-12,N/A,N/A,N/A,N/A,0.25
2911123,Celoricense,Camacha,0.25,2.25,COVER,2,1,0.75,35,0.25,35,N/A,N/A,N/A,N/A,-0.5
2879559,Gran Pena,UD Barbadas,0.75,2.5,NO_COVER,1,2,0.25,14,-,0,NO CUBIERTO,0.25 → 0.75,NO CUBIERTO,0.25 → 0.75,0.5
2879278,UC Ceares,UD Gijon Industrial,0.75,2.25,COVER,1,0,0.75,23,0.75,-9,CUBIERTO,1 → 0.75,N/A,N/A,0.0
2879000,Las Rozas,Villaverde Boetticher CF,0.5,2.25,NO_COVER,0,3,1,-14,0,-21,NO CUBIERTO,0.75 → 0.5,NO CUBIERTO,0 → 0.5,-0.5
2877869,Chiclana,CD San Roque de Lepe,0.25,2.25,COVER,1,0,1,-15,0.5,18,N/A,N/A,N/A,N/A,-0.75
2865211,Ibiza Islas Pitiusas,CE Atletic Lleida 2019,0.5,2.25,COVER,1,1,0.25,0,0.75,18,N/A,N/A,N/A,N/A,0.25
2865207,RCD Espanyol B,Porreres,0.5,2.25,COVER,0,0,0,6,1.25,10,N/A,N/A,N/A,N/A,0.5
2840126,CD Illescas,CP Villarrobledo,0.75,2.25,COVER,0,0,0,38,1.5,12,CUBIERTO,0.5 → 0.75,N/A,N/A,0.75
2825261,Sporting Lisbon U19,Santa Clara U19,0.75,2.75,COVER,0,0,0.75,37,-0.25,4,N/A,N/A,NO CUBIERTO,-0.25 → 0.75,0.0
2809175,UCAM Murcia,La Union CF,0.5,2,NO_COVER,1,2,0.25,-16,0.25,-10,NO CUBIERTO,0.5 → 0.5,NO CUBIERTO,0.5 → 0.5,0.25
2809168,Aguilas CF,Real Jaen CF,0.75,2,COVER,1,1,0.25,-10,0.25,14,NO CUBIERTO,-1 → 0.75,NO CUBIERTO,-1 → 0.75,0.5
2813586,FC Felgueiras,Porto B,0.5,2.25,COVER,2,0,0,44,0.25,60,CUBIERTO,0.5 → 0.5,CUBIERTO,0.5 → 0.5,0.5
2912723,Arka Alborz,Shayan Diesel,0.5,1.5,COVER,1,1,0,-4,0.75,38,N/A,N/A,N/A,N/A,0.5
2808248,Deportivo La Coruna B,Real Avila CF,0.5,1.75,COVER,2,1,0.75,26,0.25,17,NO CUBIERTO,0.5 → 0.5,NO CUBIERTO,0.25 → 0.5,-0.25
2807020,Arenas Club de Getxo,CF Talavera de la Reina,0.5,2,NO_COVER,1,2,0,-19,0.25,-1,N/A,N/A,N/A,N/A,0.5
2807021,CD Arenteiro,Osasuna B,0.5,2,COVER,2,0,0.25,-1,0.5,-5,NO CUBIERTO,0.5 → 0.5,NO CUBIERTO,0 → 0.5,0.25
2878998,Mostoles,CF Pozuelo Alarcon,0.75,2.5,COVER,1,1,0.75,1,-0.25,-5,CUBIERTO,1.75 → 0.75,CUBIERTO,1.75 → 0.75,0.0
2912588,Setaregan Sorkh,Pas,0.25,1.75,NO_COVER,0,1,0,-41,0.75,0,N/A,N/A,N/A,N/A,0.25
2912587,Sepahan Novin Esfahan,Chooka Talesh,0.25,2,COVER,0,0,0.25,-24,0,-40,NO CUBIERTO,0.75 → 0.25,NO CUBIERTO,0.75 → 0.25,0.0
2864380,Athletic Torrellano,Crevillente,0.75,2,NO_COVER,0,2,0.5,-1,-,0,NO CUBIERTO,0.75 → 0.75,NO CUBIERTO,0 → 0.75,0.25
2912528,Trikala,Aris Filiaton,0.75,2.25,COVER,1,1,1.5,33,-0.25,1,CUBIERTO,0.75 → 0.75,NO CUBIERTO,0.25 → 0.75,-0.75
2821742,Duzcespor,Tokat Bld Plevnespor,0.75,2.25,COVER,0,0,1,23,0,28,CUBIERTO,0.75 → 0.75,CUBIERTO,0.75 → 0.75,-0.25
2863766,SD San Ignacio,Aurrera de Vitoria,0.5,2,COVER,3,1,0.5,0,0.5,23,N/A,N/A,N/A,N/A,0.0
2821739,Yeni Amasya Spor,Pazarspor,0.25,2.25,COVER,2,1,0.25,1,0.75,-3,N/A,N/A,N/A,N/A,0.0
2818946,Adana 1954,Erzincanspor,0.75,2.5,COVER,1,0,1.25,14,-,0,CUBIERTO,1 → 0.75,CUBIERTO,1 → 0.75,-0.5
2912728,Al Ahed U20,Akhaa Ahli Aley U20,0.25,2.75,COVER,3,1,,0,1,33,N/A,N/A,N/A,N/A,0
2912670,Persis Solo U20,Persib Bandung U20,0.25,3,COVER,5,1,-0.25,17,-0.25,17,CUBIERTO,-0.25 → 0.25,CUBIERTO,-0.25 → 0.25,0.5
2912609,Apollon Limassol LFC (W),Aris Limassol  (W),0.75,3,COVER,1,0,2,-1,0,28,CUBIERTO,1.25 → 0.75,NO CUBIERTO,-1.25 → 0.75,-1.25
2907108,Uttaradit,Pattaya City,0.75,2.5,COVER,0,0,,0,0.25,105,N/A,N/A,N/A,N/A,0
2912579,Kayole Starlet (W),Soccer Assassins (W),0.75,2.75,NO_COVER,1,2,-0.25,1,0.25,-9,N/A,N/A,N/A,N/A,1.0
2912577,Kenya Police Bullets (W),Trinity Starlets (W),0.75,2.5,COVER,8,0,1,-1,-0.5,-5,CUBIERTO,1 → 0.75,CUBIERTO,1 → 0.75,-0.25
2912655,Pusamania Borneo U20,Malut United FC U20,0.25,2.75,COVER,1,1,0.25,11,0.25,11,CUBIERTO,0.25 → 0.25,CUBIERTO,0.25 → 0.25,0.0
2866753,South China AA,RCFC,0.75,3.5,COVER,2,0,-1.5,15,-2.25,-29,CUBIERTO,1.75 → 0.75,NO CUBIERTO,-0.25 → 0.75,2.25
2912566,Nippon Sport Science University,Tokai Gakuen University,0.25,2.5,COVER,5,1,,0,0.25,0,N/A,N/A,N/A,N/A,0
2912567,Osaka University HSS,Tsukuba University,0.5,2.75,NO_COVER,0,1,2.25,22,-0.5,-39,N/A,N/A,N/A,N/A,-1.75
2912565,Meiji University,Kwansei Gakuin University,0.25,2.75,COVER,1,1,0.25,-48,-0.75,0,NO CUBIERTO,0.25 → 0.25,NO CUBIERTO,0.25 → 0.25,0.0
2871701,Wellington Phoenix,Central Coast Mariners,0.25,2.75,COVER,3,1,0,0,0.75,5,NO CUBIERTO,0.25 → 0.25,NO CUBIERTO,0.25 → 0.25,0.25
2912643,Colon Chivilcoy,CA Argentino de Chacabuco,0.5,2.25,COVER,1,0,0.25,5,0.25,3,N/A,N/A,N/A,N/A,0.25
2892682,Caledonia AIA,Point Fortin FC,0.75,3.25,COVER,4,0,-0.5,17,2.25,20,CUBIERTO,1 → 0.75,CUBIERTO,1 → 0.75,1.25
2912079,Antigua GFC,CSD Municipal,0.25,2,COVER,2,0,0.75,0,-0.5,23,NO CUBIERTO,0.25 → 0.25,NO CUBIERTO,0.5 → 0.25,-0.5
2913993,CA Independiente Catamarca,Atletico Policial,0.5,2.25,COVER,2,1,,0,1.25,3,N/A,N/A,CUBIERTO,0 → 0.5,0
2912062,Paraguay (W) U20,Chile (W) U20,0.5,3,COVER,4,1,0.25,-16,0.25,-16,CUBIERTO,0.25 → 0.5,CUBIERTO,0.25 → 0.5,0.25
2912584,RAMS Village Superstars,SLH St Pauls Utd,0.25,2.75,COVER,2,0,1.25,0,-2.25,-32,NO CUBIERTO,0 → 0.25,NO CUBIERTO,0 → 0.25,-1.0
2912695,Club Atletico San Pablo,Tucuman Central,0.25,2,NO_COVER,1,2,0.5,-44,,0,N/A,N/A,N/A,N/A,-0.25
2909932,Vasco da Gama,Corinthians Paulista (SP),0.25,2,NO_COVER,1,2,-0.25,11,0.5,25,NO CUBIERTO,0 → 0.25,NO CUBIERTO,0.5 → 0.25,0.5
2884522,Independiente del Valle,Barcelona SC(ECU),0.25,2.25,COVER,1,0,0.25,8,-0.25,37,NO CUBIERTO,0.75 → 0.25,CUBIERTO,0.25 → 0.25,0.0
2912701,Integracion Del Norte San Juan,Academia del Balompie Boliviano,0.75,3,COVER,3,1,,0,1.5,22,N/A,N/A,N/A,N/A,0
2884523,Liga Dep. Universitaria Quito,Universidad Catolica,0.75,2.75,COVER,2,0,0.25,32,0.5,17,NO CUBIERTO,0.25 → 0.75,NO CUBIERTO,0.25 → 0.75,0.5
2884524,Orense SC,Libertad FC,0.5,2.5,COVER,3,2,-0.5,-38,1.5,35,NO CUBIERTO,0.5 → 0.5,NO CUBIERTO,0.25 → 0.5,1.0
2912691,Los Cachorros FC,CAS Boroquimica,0.5,2.25,NO_COVER,0,1,0.25,4,,0,N/A,N/A,N/A,N/A,0.25
2892681,FC Phoenix,Eagles FC,0.5,3,NO_COVER,1,4,-2.25,-9,-,0,NO CUBIERTO,1 → 0.5,NO CUBIERTO,-0.75 → 0.5,2.75
2912583,Sandy Point,Bath United,0.25,3.25,COVER,2,2,-1.5,0,0,14,NO CUBIERTO,0 → 0.25,NO CUBIERTO,0 → 0.25,1.75
2814853,Santa Clara,FC Arouca,0.75,2.25,COVER,0,0,0.5,24,0.25,7,CUBIERTO,0.5 → 0.75,CUBIERTO,0.5 → 0.75,0.25
2909189,Deportivo Armenio,Club Atletico Acassuso,0.5,2,COVER,1,1,0.5,31,0.75,6,NO CUBIERTO,0.25 → 0.5,NO CUBIERTO,0 → 0.5,0.0
2856883,Racing United,Harbour View FC,0.75,2.75,COVER,0,0,-0.75,-41,0.75,10,CUBIERTO,0.5 → 0.75,NO CUBIERTO,-0.25 → 0.75,1.5
2856881,Montego Bay Utd,Waterhouse FC,0.5,2.25,NO_COVER,0,1,0.75,10,-2.5,-17,CUBIERTO,0.75 → 0.5,NO CUBIERTO,-0.75 → 0.5,-0.25
2912725,Maranhao,CA Piauiense,0.5,2.25,COVER,1,1,,0,,0,N/A,N/A,N/A,N/A,0
2840869,US Siracusa,Trapani,0.25,2.25,COVER,3,0,0.75,-28,0.5,33,N/A,N/A,NO CUBIERTO,0.75 → 0.25,-0.5
2804455,Real Betis,Getafe,0.75,2.25,COVER,4,0,-0.75,16,1,15,CUBIERTO,0.5 → 0.75,CUBIERTO,0.25 → 0.75,1.5
2807406,Real Murcia,CE Europa,0.25,2,COVER,3,1,0.25,29,0,-1,N/A,N/A,N/A,N/A,0.0
2840862,Casarano,Team Altamura,0.5,2.5,COVER,1,0,0.5,-7,0.5,33,CUBIERTO,0.25 → 0.5,CUBIERTO,0.25 → 0.5,0.0
2814854,CD Tondela,Casa Pia AC,0.25,2.25,NO_COVER,1,2,-1.5,-28,0.5,24,N/A,N/A,N/A,N/A,1.75
2814366,KAS Eupen,Olympic Charleroi,0.75,2.75,COVER,2,2,0.5,-1,0.5,-29,CUBIERTO,1.75 → 0.75,CUBIERTO,-0.75 → 0.75,0.25
2866841,Moadon Sport Tira,Hapoel Ironi Arraba,0.5,2.5,COVER,3,2,0,-2,-0.25,-26,N/A,N/A,NO CUBIERTO,-0.25 → 0.5,0.5
2797228,FCSB,Rapid Bucuresti,0.25,2.25,COVER,2,1,0.25,15,0,-8,NO CUBIERTO,0.5 → 0.25,NO CUBIERTO,0 → 0.25,0.0
2822210,PAOK Saloniki,Panathinaikos,0.5,2.75,COVER,2,0,1,43,-1.25,-32,CUBIERTO,0.25 → 0.5,NO CUBIERTO,0.25 → 0.5,-0.5
2807820,Burgos CF,Real Zaragoza,0.5,2,COVER,1,1,0.5,1,0.5,-12,CUBIERTO,0.25 → 0.5,NO CUBIERTO,-0.25 → 0.5,0.0
2807823,Granada CF,Albacete,0.5,2.5,COVER,1,1,0.5,18,0.5,1,NO CUBIERTO,0.5 → 0.5,CUBIERTO,0 → 0.5,0.0
2807404,FC Cartagena,Juventud Torremolinos CF,0.5,2,COVER,3,0,0.25,23,0.75,37,N/A,N/A,N/A,N/A,0.25
2912628,UD Tomares U19,UD Maracena U19,0.25,3,COVER,2,1,0.5,38,1.5,31,N/A,N/A,N/A,N/A,-0.25
2912591,Leioa U19,Aurrera de Vitoria U19,0.5,3,COVER,1,1,0.25,16,0.75,17,CUBIERTO,0.75 → 0.5,CUBIERTO,0.75 → 0.5,0.25
2913997,AS Saloum,AS Bambey,0.25,1.75,COVER,0,0,,0,0.25,2,N/A,N/A,N/A,N/A,0
2867143,CF Badalona B,CE Manresa,0.5,2.25,COVER,1,1,0.75,15,0,-15,CUBIERTO,0.5 → 0.5,CUBIERTO,0.5 → 0.5,-0.25
2864680,Atletico Porcuna CF,CD El Palo,0.5,2.25,COVER,3,0,-,0,-,0,N/A,N/A,NO CUBIERTO,0.25 → 0.5,0
2912559,Al Merreikh,Gicumbi FC,0.5,2.25,COVER,1,0,1,-7,0.25,23,N/A,N/A,N/A,N/A,-0.5
2905769,Le Puy Foot 43 Auvergne,Bordeaux,0.5,2.25,COVER,1,0,,0,-2,-33,N/A,N/A,N/A,N/A,0
2905774,FC Bassin d＇Arcachon,Hauts Lyonnais,0.25,3,NO_COVER,0,1,,0,0.5,1,N/A,N/A,N/A,N/A,0
2812994,Goztepe,Samsunspor,0.25,2.25,COVER,2,0,0.25,34,1.25,-19,NO CUBIERTO,0.5 → 0.25,NO CUBIERTO,0.5 → 0.25,0.0
2912040,Ajel de Rufisque,AS Dakar Sacre Coeur,0.25,1.75,COVER,1,1,0.5,-5,0.25,16,CUBIERTO,0.25 → 0.25,N/A,N/A,-0.25
2795200,Rijeka,HNK Gorica,0.75,2.5,COVER,1,0,1.25,49,0.5,83,CUBIERTO,1 → 0.75,CUBIERTO,-0.25 → 0.75,-0.5
2784634,Fiorentina,Udinese,0.5,2.25,COVER,5,1,0.75,45,0.25,18,NO CUBIERTO,0.75 → 0.5,CUBIERTO,-0.5 → 0.5,-0.25
2905747,Orleans US 45,Dieppe,0.75,2.75,COVER,3,0,1,-25,0,7,N/A,N/A,N/A,N/A,-0.25
2905758,Le Havre,Amiens,0.75,2.5,NO_COVER,0,2,,0,-3.25,0,NO CUBIERTO,0.25 → 0.75,NO CUBIERTO,0 → 0.75,0
2879282,CD Mosconia,CD Praviano,0.75,2.25,COVER,2,0,0.75,39,0.75,22,CUBIERTO,0.25 → 0.75,CUBIERTO,0.25 → 0.75,0.0
2852486,Al-Draih,Al-Zlfe,0.75,2.5,COVER,2,1,1.25,29,-0.25,-16,NO CUBIERTO,0.25 → 0.75,NO CUBIERTO,0.25 → 0.75,-0.5
2840486,Novara,A.C. Ospitaletto,0.25,2.25,NO_COVER,0,3,-0.75,13,0.25,-4,N/A,N/A,N/A,N/A,1.0
2840867,AC Monopoli,Potenza,0.25,2.25,COVER,2,1,0.25,-3,0,3,NO CUBIERTO,0.25 → 0.25,NO CUBIERTO,0.25 → 0.25,0.0
2840484,Lecco,US Pergolettese 1932,0.25,2,COVER,1,0,0.25,18,0,-42,CUBIERTO,0.5 → 0.25,NO CUBIERTO,0.25 → 0.25,0.0
2837562,Perugia,Forli,0.25,2.25,COVER,4,0,0,-6,0.5,-7,CUBIERTO,1.5 → 0.25,CUBIERTO,1.5 → 0.25,0.25
2809481,Real Madrid C,CD Artistico Navalcarnero,0.25,2,COVER,1,1,0.75,27,0.75,22,NO CUBIERTO,0.25 → 0.25,NO CUBIERTO,0.25 → 0.25,-0.5
2912611,Wusum Stars,Abacha City,0.5,1.75,NO_COVER,1,2,0.25,9,0,7,CUBIERTO,0 → 0.5,CUBIERTO,0 → 0.5,0.25
2789289,Aston Villa,Manchester United,0.25,2.75,COVER,2,1,-0.75,-19,-0.75,-26,NO CUBIERTO,0 → 0.25,NO CUBIERTO,-0.5 → 0.25,1.0
2789021,Debrecin VSC,Kisvarda FC,0.5,2.5,NO_COVER,0,1,0,11,1.5,7,CUBIERTO,-0.25 → 0.5,CUBIERTO,0 → 0.5,0.5
2912546,CFF Olympia Las Rozas B (W),Getafe B (W),0.5,2.75,COVER,2,0,1.5,38,0.25,-18,N/A,N/A,N/A,N/A,-1.0
2865204,CD Alcoyano,Girona B,0.25,2,COVER,2,0,-0.25,33,0.25,-15,N/A,N/A,N/A,N/A,0.5
2878443,Haro Deportivo,CDFC La Calzada,0.5,2.5,NO_COVER,3,4,1.5,36,-0.25,-8,NO CUBIERTO,-1.25 → 0.5,CUBIERTO,1 → 0.5,-1.0
2864684,Marbelli,CD Huetor Vega,0.5,2,COVER,2,0,-,0,0.25,-1,CUBIERTO,-0.5 → 0.5,N/A,N/A,0
2818093,Boreham Wood,Carlisle United,0.25,2.75,COVER,2,0,1,69,-0.75,16,NO CUBIERTO,-1 → 0.25,NO CUBIERTO,1.25 → 0.25,-0.75
2817843,Halifax Town,Wealdstone FC,0.25,2.75,COVER,2,2,0.5,2,0,1,NO CUBIERTO,0.5 → 0.25,NO CUBIERTO,0 → 0.25,-0.25
2815891,Istanbulspor,Belediye Vanspor,0.25,2.75,NO_COVER,1,3,-0.25,10,0.25,12,N/A,N/A,N/A,N/A,0.5
2808253,UD Ourense,Sarriana,0.5,1.75,COVER,1,0,0,-15,0.5,46,CUBIERTO,0.5 → 0.5,CUBIERTO,0.5 → 0.5,0.5
2912555,Naft Al Junoob,Al Hashd Al Shade,0.5,2,COVER,1,1,0,0,0.5,16,N/A,N/A,N/A,N/A,0.5
2813588,Lusitania FC,Oliveirense,0.5,2.5,NO_COVER,0,1,0.5,15,0.75,20,NO CUBIERTO,0.25 → 0.5,NO CUBIERTO,-0.25 → 0.5,0.0
2789293,Fulham,Nottingham Forest,0.25,2.5,COVER,1,0,0,16,0.5,1,CUBIERTO,0 → 0.25,CUBIERTO,0 → 0.25,0.25
2905992,Montrose,Spartans,0.25,2.75,COVER,2,1,0.75,0,0,13,CUBIERTO,0 → 0.25,CUBIERTO,0 → 0.25,-0.5
2804454,Athletic Bilbao,RCD Espanyol,0.75,2.25,NO_COVER,1,2,-0.25,6,0.25,25,CUBIERTO,1.25 → 0.75,NO CUBIERTO,-0.5 → 0.75,1.0
2912041,Napoli,Bologna,0.5,2.25,COVER,2,0,0.25,-21,,0,CUBIERTO,0.5 → 0.5,NO CUBIERTO,0 → 0.5,0.25
2840482,Brescia,Inter Milan U23,0.75,2.25,COVER,2,0,1.25,7,0,-25,N/A,N/A,N/A,N/A,-0.5
2857421,Wolverhampton U21,Nottingham Forest U21,0.25,3.5,NO_COVER,0,1,1,-14,-0.75,-66,N/A,N/A,NO CUBIERTO,0.25 → 0.25,-0.75
2857419,Ipswich U21,Charlton Athletic U21,0.25,3,COVER,3,0,0.75,-21,0.5,-1,NO CUBIERTO,-0.25 → 0.25,NO CUBIERTO,0 → 0.25,-0.5
2857417,Bournemouth AFC U21,Birmingham U21,0.75,3.75,COVER,2,2,0.75,6,0.5,49,N/A,N/A,NO CUBIERTO,-0.75 → 0.75,0.0
2912713,SC Shicun Hamizrah,Maccabi Ironi Netivot,0.25,2.75,COVER,4,0,1,0,-0.25,20,CUBIERTO,-1 → 0.25,NO CUBIERTO,0.25 → 0.25,-0.75
2914002,Al Ittihad U21,Al-Nassr Riyadh Reserves,0.5,2.5,NO_COVER,1,4,1,-11,-0.75,-18,N/A,N/A,N/A,N/A,-0.5
2801047,Maccabi Haifa,Beitar Jerusalem,0.25,3.25,NO_COVER,1,2,0.25,9,-1,-15,NO CUBIERTO,0.25 → 0.25,NO CUBIERTO,0 → 0.25,0.0
2813583,SL Benfica B,Sporting CP B,0.25,2.5,COVER,1,0,0.75,20,0,44,CUBIERTO,0.25 → 0.25,CUBIERTO,0.25 → 0.25,-0.5
2914440,Gambia Ports Authority,Samger FC,0.5,1.75,COVER,1,0,,0,,0,NO CUBIERTO,1.25 → 0.5,NO CUBIERTO,0 → 0.5,0
2912636,Freetonians SLIFA,Diamond Stars,0.25,2.25,COVER,1,0,-0.25,0,0,0,NO CUBIERTO,0 → 0.25,CUBIERTO,0.25 → 0.25,0.5
2815885,Bodrumspor,Amedspor,0.5,2.75,COVER,0,0,0.5,-15,-1.25,-52,CUBIERTO,0.25 → 0.5,N/A,N/A,0.0
2914021,Fortune FC,Greater Tomorrow FC,0.75,2.25,COVER,2,1,0.25,-25,1.25,32,CUBIERTO,0.5 → 0.75,CUBIERTO,-1 → 0.75,0.5
2914017,Falcons FC,Bombada FC,0.25,1.75,COVER,1,1,0.75,8,0,-37,NO CUBIERTO,0.25 → 0.25,NO CUBIERTO,0.25 → 0.25,-0.5
2914012,F.C. Nouadhibou,AS Douanes Nouakchott,0.75,2.25,COVER,3,2,1.25,17,-0.75,10,NO CUBIERTO,0.75 → 0.75,NO CUBIERTO,0 → 0.75,-0.5
2821984,Karsiyaka,Tire 2021 FK,0.75,2.25,COVER,2,1,-,-1,-0.75,-23,N/A,N/A,N/A,N/A,0
2860674,Tractor S.C.,Al Duhail,0.5,2.5,COVER,2,1,1,-20,0.25,-16,NO CUBIERTO,0.5 → 0.5,NO CUBIERTO,0.5 → 0.5,-0.5
2914008,6 Yard Etihad (W),Amman (W),0.75,3.25,NO_COVER,1,2,,0,-1.5,-41,CUBIERTO,1.5 → 0.75,NO CUBIERTO,-0.25 → 0.75,0
2914027,Al Adalah U21,Al Najma Reserves,0.25,2.75,COVER,1,1,-1.5,-93,-0.5,90,N/A,N/A,N/A,N/A,1.75
2911242,Al Jazira FC,Burgan SC,0.25,2.25,COVER,3,3,0.25,-16,-1.75,-40,N/A,N/A,NO CUBIERTO,0 → 0.25,0.0
2838977,Vizela U23,Gil Vicente U23,0.75,2.75,COVER,2,1,0,5,0.5,11,NO CUBIERTO,0.75 → 0.75,NO CUBIERTO,0.25 → 0.75,0.75
2788673,Mali,Zambia,0.75,2,COVER,1,1,1.5,31,-0.5,-8,N/A,N/A,N/A,N/A,-0.75
2914013,Kmka,New King,0.25,2,COVER,3,1,0.5,20,1,25,N/A,N/A,N/A,N/A,-0.25
2912064,Mosul FC,Naft Misan,0.25,2.25,COVER,1,1,-0.5,24,0.5,15,N/A,N/A,N/A,N/A,0.75
2838974,Braga U23,Academico Viseu U23,0.25,3,COVER,3,3,0.25,27,0,5,NO CUBIERTO,0.25 → 0.25,NO CUBIERTO,0.5 → 0.25,0.0
2812989,Istanbul Basaksehir,Gazisehir Gaziantep,0.75,2.75,COVER,5,1,-0.75,4,1.25,42,CUBIERTO,0.75 → 0.75,CUBIERTO,0.75 → 0.75,1.5
2912709,Hapoel Afula U19,Maccabi Tzur ShalomU19,0.75,3,NO_COVER,1,2,0.25,-13,0.25,-13,N/A,N/A,NO CUBIERTO,0.25 → 0.75,0.5
2837366,Al Shabab(OMA),Al-Nasr(OMA),0.25,2,COVER,3,0,0.75,29,-0.25,-14,CUBIERTO,0.25 → 0.25,CUBIERTO,0.25 → 0.25,-0.5
2912649,Team FC Cairo,Misr El Maqasha,0.75,2,NO_COVER,0,3,0.75,1,0.5,-44,N/A,N/A,NO CUBIERTO,0.25 → 0.75,0.0
2914023,Inter Lagos,Beyond Limits,0.5,2,COVER,1,0,0,1,-0.25,7,N/A,N/A,N/A,N/A,0.5
2914439,Nzoia United,Migori Youth,0.25,1.75,COVER,1,0,0.5,0,0.25,-32,CUBIERTO,0.25 → 0.25,NO CUBIERTO,0.5 → 0.25,-0.25
2821259,Yldrm Belediyesispor,Inegol Kafkas Genclik,0.5,2.25,NO_COVER,0,1,0.25,-10,0.25,10,CUBIERTO,0 → 0.5,CUBIERTO,0 → 0.5,0.25
2818951,Elazigspor,Iskenderun FK,0.5,2.5,NO_COVER,1,3,-,0,0,0,N/A,N/A,N/A,N/A,0
2914014,Al Ramadi,Naft Alwasat,0.5,1.75,COVER,1,1,0.25,0,0.5,-12,N/A,N/A,N/A,N/A,0.25
2801288,Atalanta U20,Juventus U20,0.25,2.75,NO_COVER,0,2,1,48,0.25,-49,NO CUBIERTO,-0.25 → 0.25,NO CUBIERTO,0.25 → 0.25,-0.75
2914005,Buyuksehir BLD.Spor U19,Gazisehir Gaziantep FK U19,0.5,2.75,COVER,2,2,0,-5,0,14,CUBIERTO,0.5 → 0.5,CUBIERTO,0.5 → 0.5,0.5
2914470,CD Marathon Reserves,Lobos UPNFM Reserves,0.5,3.25,COVER,1,0,1,0,0.25,-14,CUBIERTO,0.25 → 0.5,NO CUBIERTO,0.5 → 0.5,-0.5
2832065,Hungerford Town,Taunton Town,0.25,2.75,COVER,2,1,0,0,0,0,N/A,N/A,NO CUBIERTO,0.5 → 0.25,0.25
2913991,Defensores Puerto Vilelas,Resistencia Central,0.25,2.25,NO_COVER,0,1,0.5,41,0,-15,CUBIERTO,0.5 → 0.25,CUBIERTO,0.5 → 0.25,-0.25
2908039,Real Espana,CD Motagua,0.75,2.25,COVER,1,1,0,35,0.75,-2,NO CUBIERTO,0.25 → 0.75,CUBIERTO,0.25 → 0.75,0.75
2914454,Hapoel Nof HaGalil U19,Ironi Tiberias U19,0.5,3,NO_COVER,1,2,-0.25,13,0.25,4,N/A,N/A,N/A,N/A,0.75
2914468,Real Banjul,Harts,0.75,2,COVER,1,1,1,30,0,19,CUBIERTO,0.75 → 0.75,CUBIERTO,0.75 → 0.75,-0.25
2914467,Gambian Dutch Lions,BST Galaxy,0.25,1.75,COVER,2,0,0,-4,0.25,15,NO CUBIERTO,0 → 0.25,NO CUBIERTO,0 → 0.25,0.25
2912069,Duhok,AL Najaf,0.25,2,COVER,1,0,0,-8,0,7,NO CUBIERTO,0.25 → 0.25,NO CUBIERTO,0.25 → 0.25,0.25
2884025,US Forces Armees,CFFEB,0.25,1.5,COVER,0,0,0.5,15,0.25,10,N/A,N/A,N/A,N/A,-0.25
2914466,Banjul Hawks FC,Brikama United,0.25,1.75,COVER,1,1,0.75,0,-0.25,20,NO CUBIERTO,0.25 → 0.25,NO CUBIERTO,0.25 → 0.25,-0.5
2884020,Rahimo FC,Sporting Football des Cascades,0.5,1.75,COVER,2,1,0.75,-3,-0.25,-26,NO CUBIERTO,0.5 → 0.5,NO CUBIERTO,0.5 → 0.5,-0.25
2882301,Al Ain,Zakho,0.5,2.25,NO_COVER,0,1,2.25,39,0,-8,N/A,N/A,NO CUBIERTO,1 → 0.5,-1.75
2909156,Konyaspor,Antalyaspor,0.5,2.5,COVER,1,0,3,-6,-2.25,-12,NO CUBIERTO,0.75 → 0.5,NO CUBIERTO,0.75 → 0.5,-2.5
2912660,Kigezi Homeboys FC,Paidha Black Angels,0.5,2,COVER,3,2,0.25,10,0.5,-2,N/A,N/A,N/A,N/A,0.25
2912067,AI Kahrabaa,Al Qasim Sport Club,0.25,2,COVER,3,0,-0.25,-6,1.5,36,CUBIERTO,0.25 → 0.25,CUBIERTO,0.25 → 0.25,0.5
2914463,Levels FC,Nogoom El Mostakbal,0.5,2.25,COVER,4,2,0.75,12,0,1,N/A,N/A,N/A,N/A,-0.25
2914461,Halaba City,Soloda Adwa,0.25,2,COVER,2,2,0.75,0,0,0,N/A,N/A,N/A,N/A,-0.5
2788691,Democratic Rep Congo,Benin,0.5,2,COVER,1,0,1.5,42,0,0,CUBIERTO,0.5 → 0.5,CUBIERTO,0.5 → 0.5,-1.0
2914447,Arucas CF U19,Union Sur Yaiza U19,0.25,2.75,COVER,0,0,-2,0,0,-11,NO CUBIERTO,0 → 0.25,NO CUBIERTO,0 → 0.25,2.25
2853682,KS Korabi Peshkopi,Burreli,0.75,2.5,NO_COVER,0,1,-0.25,0,0.5,31,NO CUBIERTO,0.5 → 0.75,CUBIERTO,0.25 → 0.75,1.0
2850510,Yadanabon FC,Ispe FC,0.5,3.25,COVER,3,1,1.75,-1,1.75,48,NO CUBIERTO,0.5 → 0.5,NO CUBIERTO,0.25 → 0.5,-1.25
2914036,Bashundhara Kings,Mohammedan Dhaka,0.25,2.5,COVER,0,0,1.5,5,0.25,-23,CUBIERTO,0.75 → 0.25,CUBIERTO,0.75 → 0.25,-1.25
2871692,Melbourne City,FC Macarthur,0.75,2.75,COVER,1,1,0.75,11,0,-6,CUBIERTO,0.75 → 0.75,CUBIERTO,0.75 → 0.75,0.0
2826280,Arema FC,Madura United,0.5,2.5,COVER,2,2,-0.5,-15,1.5,28,NO CUBIERTO,0.5 → 0.5,NO CUBIERTO,0.5 → 0.5,1.0
2872111,Melbourne City (W),Melbourne Victory (W),0.75,2.75,COVER,2,1,1.5,-16,-0.75,-8,NO CUBIERTO,0.5 → 0.75,NO CUBIERTO,0.5 → 0.75,-0.75
2914819,Buriram United U21,Bangkok United U21,0.75,2.75,NO_COVER,0,1,0.75,35,-0.75,9,N/A,N/A,NO CUBIERTO,-0.25 → 0.75,0.0
2914500,Dessie Ketema,Addis Ababa Ketema,0.75,2.25,COVER,4,2,1,-6,0.5,20,N/A,N/A,N/A,N/A,-0.25
2914028,Harare City (ETH),Akaki Kality,0.25,2.25,NO_COVER,0,1,-0.25,10,1,-16,NO CUBIERTO,0.25 → 0.25,NO CUBIERTO,0.25 → 0.25,0.5
2912083,E Nel G Tick,Shahdagh Qusar,0.75,2.75,COVER,1,1,0.75,-4,0.5,-28,N/A,N/A,NO CUBIERTO,-0.25 → 0.75,0.0
2912082,Baku Sporting,Zaqatala FK,0.25,2.25,COVER,2,1,0.5,-28,1.25,57,NO CUBIERTO,0 → 0.25,NO CUBIERTO,0.5 → 0.25,-0.25
2788703,Cameroon,Gabon,0.5,2.25,COVER,1,0,0.75,16,-0.5,-21,CUBIERTO,0.75 → 0.5,NO CUBIERTO,0 → 0.5,-0.25
2914848,Thap Luang United,Nonthaburi United S. Boonmerit,0.5,2.5,COVER,0,0,0,-26,0.25,17,N/A,N/A,N/A,N/A,0.5
2914793,Chandigarh Football Academy,Haryana,0.25,2.25,NO_COVER,0,2,0,-9,-0.5,3,N/A,N/A,NO CUBIERTO,-0.25 → 0.25,0.25
2914508,Serrekunda Utd,Marimoo,0.25,2,COVER,2,1,0.25,0,-0.25,-7,N/A,N/A,N/A,N/A,0.0
2882302,Al-Qadsia SC,Sitra,0.75,2.25,COVER,2,1,-0.5,-5,2.25,39,N/A,N/A,NO CUBIERTO,0.25 → 0.75,1.25
2909158,Samsunspor,Eyupspor,0.75,2.5,COVER,2,1,0.5,6,0.5,-13,CUBIERTO,0.5 → 0.75,CUBIERTO,0.5 → 0.75,0.25
2876421,El Mokawloon El Arab,Talaea EI-Gaish,0.25,1.75,COVER,0,0,0,-1,0,14,CUBIERTO,0 → 0.25,NO CUBIERTO,0 → 0.25,0.25
2914504,Unique Global FC,FC Wagadou,0.5,2,COVER,1,1,0,15,0.5,-24,NO CUBIERTO,0 → 0.5,NO CUBIERTO,0 → 0.5,0.5
2914505,Elite United,Serrekunda FC,0.25,2,COVER,1,0,0.5,11,0,5,NO CUBIERTO,1 → 0.25,CUBIERTO,0 → 0.25,-0.25
2860715,Al-Ahli Doha,FK Andijon,0.5,2.25,COVER,2,0,1,17,1,39,N/A,N/A,NO CUBIERTO,-0.5 → 0.5,-0.5
2838813,Vllaznia Shkoder,Flamurtari,0.5,2.25,COVER,3,2,0.75,57,0.5,3,N/A,N/A,NO CUBIERTO,-0.5 → 0.5,-0.25
2876461,Kahraba Ismailia,Al-Ittihad Alexandria,0.25,1.75,COVER,1,1,-0.5,49,0.25,14,N/A,N/A,NO CUBIERTO,0.25 → 0.25,0.75
2838810,KS Elbasani,KF Tirana,0.75,2.25,COVER,1,1,0.25,9,0.75,29,N/A,N/A,CUBIERTO,0 → 0.75,0.5
2914836,Al Merreikh,Musanze FC,0.75,2,COVER,3,2,0.5,-17,0.5,28,N/A,N/A,N/A,N/A,0.25
2914797,Al Jazira Club U19,Al Wehda(UAE) U19,0.25,3.25,NO_COVER,0,1,1,3,0,2,N/A,N/A,NO CUBIERTO,0 → 0.25,-0.75
2914931,Nib FC,Yeka Sub City FC,0.25,2,NO_COVER,1,3,0,-10,0.25,20,NO CUBIERTO,0.5 → 0.25,NO CUBIERTO,0.5 → 0.25,0.25
2914796,Shabab Al Ahli Dubai U19,Al Dhaid U19,0.5,3.75,COVER,2,1,0,2,0.75,10,CUBIERTO,4.5 → 0.5,CUBIERTO,0.25 → 0.5,0.5
2788697,Burkina Faso,Equatorial Guinea,0.25,2.25,COVER,2,1,1,10,0,32,N/A,N/A,NO CUBIERTO,0 → 0.25,-0.75
2852493,Al Bukayriyah,Al-Arabi(KSA),0.5,2.25,COVER,1,0,-0.25,-44,0.75,7,NO CUBIERTO,0 → 0.5,CUBIERTO,0 → 0.5,0.75
2852492,Al Anwar SA,Al-Baten,0.25,2.25,COVER,2,2,0,54,0,14,N/A,N/A,N/A,N/A,0.25
2890620,Arba Minch,Mekelle 70 Enderta FC,0.25,1.75,NO_COVER,0,2,-0.25,-13,-0.25,5,NO CUBIERTO,0.25 → 0.25,NO CUBIERTO,0.25 → 0.25,0.5
2894585,KF Drita Gjilan,Prishtina,0.5,2.5,COVER,2,0,0.75,29,0.25,-13,CUBIERTO,0.75 → 0.5,NO CUBIERTO,-0.25 → 0.5,-0.25
2598716,Barnsley,Mansfield Town,0.5,2.5,NO_COVER,1,2,-0.25,19,-1.25,9,N/A,N/A,N/A,N/A,0.75
2598725,Stockport County,Cambridge United,0.5,2.5,COVER,2,0,0,-10,0.25,14,NO CUBIERTO,0 → 0.5,NO CUBIERTO,0.75 → 0.5,0.5
2598723,Peterborough United,Huddersfield Town,0.5,2.75,NO_COVER,0,2,0.25,63,0,4,NO CUBIERTO,-0.25 → 0.5,NO CUBIERTO,1 → 0.5,0.25
2598718,Bristol Rovers,Northampton Town,0.5,2.5,COVER,1,0,-0.75,-1,1,0,CUBIERTO,0.5 → 0.5,NO CUBIERTO,0 → 0.5,1.25
2598724,Stevenage Borough,Shrewsbury Town,0.5,2.25,COVER,1,0,0,4,0.5,-3,CUBIERTO,0 → 0.5,CUBIERTO,-0.5 → 0.5,0.5
2598727,Wrexham,Wycombe Wanderers,0.5,2.75,COVER,3,2,1.25,26,0,-14,NO CUBIERTO,0 → 0.5,NO CUBIERTO,0.75 → 0.5,-0.75
2598730,Cambridge United,Crawley Town,0.5,2.5,NO_COVER,0,1,0,-14,-0.75,-3,CUBIERTO,0.25 → 0.5,CUBIERTO,0.25 → 0.5,0.5
2598731,Charlton Athletic,Leyton Orient,0.5,2.5,COVER,1,0,0.5,-3,0,35,CUBIERTO,0.25 → 0.5,NO CUBIERTO,0 → 0.5,0.0
2598732,Huddersfield Town,Stevenage Borough,0.75,2.25,COVER,2,1,1,54,0.5,23,CUBIERTO,0.75 → 0.75,NO CUBIERTO,0.25 → 0.75,-0.25
2598737,Rotherham United,Bristol Rovers,0.5,2.5,COVER,0,0,1,67,0.25,6,CUBIERTO,1 → 0.5,CUBIERTO,1 → 0.5,-0.5
2598729,Bolton Wanderers,Wrexham,0.5,2.5,COVER,0,0,0.5,37,1,17,N/A,N/A,N/A,N/A,0.0
2598734,Mansfield Town,Burton Albion,0.5,2.5,COVER,3,3,-0.25,9,-0.25,-16,NO CUBIERTO,0 → 0.5,NO CUBIERTO,0.75 → 0.5,0.75
2598733,Lincoln City,Barnsley,0.25,2.5,NO_COVER,1,2,0.25,-8,0.75,-3,NO CUBIERTO,0 → 0.25,CUBIERTO,0.5 → 0.25,0.0
2598736,Reading,Wigan Athletic,0.25,2.5,COVER,2,0,0,2,1,41,CUBIERTO,0.25 → 0.25,NO CUBIERTO,0 → 0.25,0.25
2598748,Stockport County,Bristol Rovers,0.25,2.5,COVER,2,0,0.5,11,0.5,62,NO CUBIERTO,0 → 0.25,NO CUBIERTO,1 → 0.25,-0.25
2598728,Blackpool,Stockport County,0.25,2.5,NO_COVER,0,3,0.25,7,0,8,N/A,N/A,CUBIERTO,-0.25 → 0.25,0.0
2598750,Wrexham,Reading,0.5,2.75,COVER,3,0,0.5,-7,1,39,N/A,N/A,N/A,N/A,0.0
2598749,Wigan Athletic,Crawley Town,0.5,2.5,COVER,1,0,0,13,0.5,-17,CUBIERTO,1.5 → 0.5,CUBIERTO,1.5 → 0.5,0.5
2598751,Wycombe Wanderers,Rotherham United,0.25,2.25,COVER,2,0,-0.5,-25,-0.25,-13,NO CUBIERTO,0 → 0.25,NO CUBIERTO,0 → 0.25,0.75
2598740,Barnsley,Northampton Town,0.75,2.75,COVER,2,2,0.5,1,0.5,7,NO CUBIERTO,1 → 0.75,NO CUBIERTO,1 → 0.75,0.25
2598753,Blackpool,Wycombe Wanderers,0.5,2.5,COVER,2,2,0.25,17,0.5,-7,NO CUBIERTO,0.5 → 0.5,NO CUBIERTO,0.5 → 0.5,0.25
2598755,Bristol Rovers,Cambridge United,0.5,2.5,COVER,2,0,0.5,7,0.5,11,CUBIERTO,0.25 → 0.5,CUBIERTO,0.25 → 0.5,0.0
2598760,Reading,Charlton Athletic,0.25,2.5,COVER,2,0,0.25,4,0,13,CUBIERTO,0.25 → 0.25,CUBIERTO,0.25 → 0.25,0.0
2598759,Peterborough United,Wrexham,0.25,3,NO_COVER,0,2,0.5,-31,0.5,12,NO CUBIERTO,1 → 0.25,CUBIERTO,-0.5 → 0.25,-0.25
2598758,Northampton Town,Burton Albion,0.25,2.5,COVER,0,0,0,-10,0.5,23,CUBIERTO,0.25 → 0.25,CUBIERTO,0 → 0.25,0.25
2598764,Barnsley,Bristol Rovers,0.75,2.75,COVER,2,1,0.75,-4,0.25,-1,CUBIERTO,0.5 → 0.75,CUBIERTO,0.5 → 0.75,0.0
2598763,Stevenage Borough,Lincoln City,0.25,2.25,NO_COVER,0,1,0.5,-5,0,-9,CUBIERTO,0.5 → 0.25,NO CUBIERTO,0 → 0.25,-0.25
2598773,Wigan Athletic,Stevenage Borough,0.25,2.25,COVER,0,0,0.5,-35,0,29,NO CUBIERTO,-0.25 → 0.25,NO CUBIERTO,-0.25 → 0.25,-0.25
2598772,Stockport County,Reading,0.5,2.5,COVER,4,1,1,33,0.25,7,N/A,N/A,N/A,N/A,-0.5
2598767,Charlton Athletic,Rotherham United,0.25,2.5,COVER,1,1,-0.25,-10,0.25,-23,NO CUBIERTO,-0.25 → 0.25,CUBIERTO,1 → 0.25,0.5
2598771,Lincoln City,Northampton Town,0.5,2.5,COVER,2,1,0,2,1,33,NO CUBIERTO,0.25 → 0.5,NO CUBIERTO,0.25 → 0.5,0.5
2598769,Huddersfield Town,Blackpool,0.5,2.75,NO_COVER,0,2,1.25,33,0.25,17,NO CUBIERTO,0 → 0.5,NO CUBIERTO,0.25 → 0.5,-0.75
2598765,Burton Albion,Crawley Town,0.25,2.5,COVER,0,0,-0.5,-49,0.5,1,NO CUBIERTO,-0.5 → 0.25,NO CUBIERTO,-0.5 → 0.25,0.75
2598775,Wycombe Wanderers,Mansfield Town,0.75,2.75,COVER,1,0,0.5,1,0.5,-17,NO CUBIERTO,0 → 0.75,NO CUBIERTO,0 → 0.75,0.25
2598781,Mansfield Town,Cambridge United,0.5,2.75,COVER,2,1,0,-18,0.5,5,NO CUBIERTO,0.25 → 0.5,NO CUBIERTO,0.25 → 0.5,0.5
2598784,Reading,Leyton Orient,0.25,2.5,NO_COVER,0,1,0.25,-9,0,11,NO CUBIERTO,0 → 0.25,NO CUBIERTO,0 → 0.25,0.0
2598783,Peterborough United,Lincoln City,0.25,2.5,COVER,1,1,0.25,13,0.25,16,CUBIERTO,0.5 → 0.25,NO CUBIERTO,-0.75 → 0.25,0.0
2598785,Rotherham United,Burton Albion,0.75,2.5,COVER,2,2,0,40,0.25,22,CUBIERTO,1 → 0.75,NO CUBIERTO,-0.75 → 0.75,0.75
2598778,Bolton Wanderers,Huddersfield Town,0.25,2.5,NO_COVER,0,4,1,39,0,40,NO CUBIERTO,-0.25 → 0.25,NO CUBIERTO,-0.25 → 0.25,-0.75
2598779,Bristol Rovers,Wigan Athletic,0.25,2.5,NO_COVER,0,4,0.5,5,1.25,30,CUBIERTO,0.25 → 0.25,NO CUBIERTO,0.25 → 0.25,-0.25
2598776,Birmingham City,Wrexham,0.5,2.5,COVER,3,1,1.25,30,0.25,13,NO CUBIERTO,1.25 → 0.5,NO CUBIERTO,1.25 → 0.5,-0.75
2598793,Lincoln City,Wigan Athletic,0.5,2.25,COVER,0,0,0,-7,0.25,-2,NO CUBIERTO,0.75 → 0.5,NO CUBIERTO,0.75 → 0.5,0.5
2598794,Mansfield Town,Shrewsbury Town,0.75,2.5,COVER,2,1,0.5,8,1.25,4,NO CUBIERTO,-0.5 → 0.75,NO CUBIERTO,0.5 → 0.75,0.25
2598795,Peterborough United,Bristol Rovers,0.75,3,COVER,3,2,0.25,8,0.75,23,CUBIERTO,0.5 → 0.75,CUBIERTO,-0.75 → 0.75,0.5
2598799,Wycombe Wanderers,Cambridge United,0.75,2.5,COVER,2,1,0.25,-23,0.5,8,NO CUBIERTO,0.5 → 0.75,NO CUBIERTO,0 → 0.75,0.5
2598788,Bolton Wanderers,Reading,0.75,2.75,COVER,5,2,0.25,-3,0.5,-46,CUBIERTO,0.75 → 0.75,CUBIERTO,0.75 → 0.75,0.5
2598790,Charlton Athletic,Blackpool,0.25,2.5,NO_COVER,1,2,0.25,19,-0.5,-25,NO CUBIERTO,0 → 0.25,NO CUBIERTO,0.75 → 0.25,0.0
2598810,Stevenage Borough,Charlton Athletic,0.25,2.25,COVER,1,0,0,-3,-0.5,10,NO CUBIERTO,0.25 → 0.25,NO CUBIERTO,0 → 0.25,0.25
2598811,Wigan Athletic,Exeter City,0.25,2.5,COVER,0,0,0.25,12,1,39,NO CUBIERTO,0.5 → 0.25,NO CUBIERTO,0.5 → 0.25,0.0
2598800,Barnsley,Stockport County,0.25,2.75,COVER,1,1,0.75,23,-0.5,14,N/A,N/A,NO CUBIERTO,-0.25 → 0.25,-0.5
2598812,Barnsley,Wycombe Wanderers,0.25,2.75,COVER,2,2,0.25,-15,0,-35,CUBIERTO,0.5 → 0.25,CUBIERTO,0 → 0.25,0.0
2598814,Blackpool,Lincoln City,0.5,2.5,COVER,1,1,1,20,-0.25,9,CUBIERTO,0.75 → 0.5,CUBIERTO,0.75 → 0.5,-0.5
2598818,Leyton Orient,Exeter City,0.5,2.5,NO_COVER,0,1,0,7,0.25,7,NO CUBIERTO,0.75 → 0.5,NO CUBIERTO,0.75 → 0.5,0.5
2598813,Birmingham City,Huddersfield Town,0.5,2.75,COVER,1,0,1,33,0,-28,CUBIERTO,0.5 → 0.5,NO CUBIERTO,0.25 → 0.5,-0.5
2598823,Reading,Burton Albion,0.75,2.75,COVER,3,1,0,-28,1,20,NO CUBIERTO,0.5 → 0.75,NO CUBIERTO,-0.25 → 0.75,0.75
2598828,Huddersfield Town,Barnsley,0.5,2.75,COVER,2,0,0.5,17,-0.5,-4,CUBIERTO,1 → 0.5,CUBIERTO,1 → 0.5,0.0
2598831,Peterborough United,Stevenage Borough,0.25,2.5,COVER,2,1,0.75,-5,0.25,12,CUBIERTO,0.5 → 0.25,CUBIERTO,0.5 → 0.25,-0.5
2598833,Stockport County,Wigan Athletic,0.5,2.5,COVER,0,0,1,10,0.5,0,N/A,N/A,NO CUBIERTO,0.5 → 0.5,-0.5
2598829,Lincoln City,Leyton Orient,0.25,2.25,COVER,2,1,0.5,0,1,10,CUBIERTO,0.25 → 0.25,CUBIERTO,0.25 → 0.25,-0.25
2598835,Wycombe Wanderers,Crawley Town,0.75,2.75,COVER,1,0,0.75,44,1.25,13,CUBIERTO,0.75 → 0.75,CUBIERTO,0 → 0.75,0.0
2598832,Rotherham United,Reading,0.25,2.5,COVER,2,1,-0.25,-21,0.75,1,CUBIERTO,0.5 → 0.25,NO CUBIERTO,0.5 → 0.25,0.5
2598825,Burton Albion,Bristol Rovers,0.25,2.75,NO_COVER,1,3,-0.5,-4,0.75,-5,CUBIERTO,-0.25 → 0.25,CUBIERTO,0.75 → 0.25,0.75
2598827,Exeter City,Cambridge United,0.5,2.5,COVER,1,0,0,29,0.75,44,NO CUBIERTO,0.25 → 0.5,NO CUBIERTO,0.25 → 0.5,0.5
2598843,Peterborough United,Rotherham United,0.25,2.75,COVER,3,3,0.25,-22,-0.25,-6,CUBIERTO,-0.25 → 0.25,CUBIERTO,-0.25 → 0.25,0.0
2598840,Crawley Town,Shrewsbury Town,0.5,2.5,NO_COVER,3,5,0,-5,1.25,51,NO CUBIERTO,0.5 → 0.5,NO CUBIERTO,0 → 0.5,0.5
2598845,Stockport County,Wycombe Wanderers,0.25,2.5,NO_COVER,0,5,0.5,35,-0.5,-49,NO CUBIERTO,-0.25 → 0.25,NO CUBIERTO,1 → 0.25,-0.25
2598847,Wrexham,Lincoln City,0.25,2.25,COVER,1,0,0.75,-9,0,18,NO CUBIERTO,0.25 → 0.25,NO CUBIERTO,0.75 → 0.25,-0.5
2598836,Barnsley,Reading,0.5,2.75,COVER,2,2,0.75,19,0.5,19,NO CUBIERTO,0.75 → 0.5,NO CUBIERTO,0.75 → 0.5,-0.25
2598846,Wigan Athletic,Northampton Town,0.75,2.25,COVER,2,1,0,8,1,-12,CUBIERTO,0.5 → 0.75,NO CUBIERTO,0.25 → 0.75,0.75
2598856,Reading,Crawley Town,0.75,2.75,COVER,4,1,0.75,-12,0.75,17,N/A,N/A,NO CUBIERTO,-0.25 → 0.75,0.0
2598859,Wycombe Wanderers,Peterborough United,0.5,3,COVER,3,1,0.75,17,0,-12,CUBIERTO,-0.25 → 0.5,NO CUBIERTO,0.25 → 0.5,-0.25
2598848,Blackpool,Barnsley,0.5,2.75,NO_COVER,1,2,0.5,5,0.5,15,CUBIERTO,0.25 → 0.5,CUBIERTO,0.25 → 0.5,0.0
2598857,Rotherham United,Wrexham,0.25,2.5,NO_COVER,0,1,0.25,37,0,-15,CUBIERTO,0.75 → 0.25,CUBIERTO,0.75 → 0.25,0.0
2598854,Mansfield Town,Stevenage Borough,0.25,2.25,NO_COVER,0,1,0,-6,0.25,-22,CUBIERTO,0 → 0.25,CUBIERTO,0 → 0.25,0.25
2598861,Birmingham City,Bolton Wanderers,0.5,2.75,COVER,2,0,0.5,22,-0.75,-4,NO CUBIERTO,1 → 0.5,NO CUBIERTO,1 → 0.5,0.0
2598862,Bristol Rovers,Shrewsbury Town,0.25,2.5,COVER,1,0,-0.25,-15,0.5,-24,NO CUBIERTO,0.5 → 0.25,NO CUBIERTO,0.5 → 0.25,0.5
2598860,Barnsley,Charlton Athletic,0.25,2.5,COVER,2,2,0.25,5,-0.25,-15,NO CUBIERTO,0.5 → 0.25,NO CUBIERTO,0 → 0.25,0.0
2598870,Wigan Athletic,Mansfield Town,0.25,2.5,NO_COVER,1,2,0,-12,0,-5,N/A,N/A,N/A,N/A,0.25
2598868,Stevenage Borough,Cambridge United,0.75,2.25,NO_COVER,0,2,0,-15,0.5,-17,CUBIERTO,0.75 → 0.75,CUBIERTO,0.75 → 0.75,0.75
2598865,Exeter City,Reading,0.25,2.5,NO_COVER,1,2,0.5,-17,0.25,37,NO CUBIERTO,0.5 → 0.25,NO CUBIERTO,0.5 → 0.25,-0.25
2598881,Rotherham United,Stevenage Borough,0.5,2.25,COVER,2,0,0.25,40,0.25,23,CUBIERTO,1 → 0.5,CUBIERTO,1 → 0.5,0.25
2598880,Reading,Bristol Rovers,0.75,2.75,COVER,1,0,0.75,-29,1,21,NO CUBIERTO,-0.25 → 0.75,CUBIERTO,0 → 0.75,0.0
2598876,Huddersfield Town,Exeter City,0.75,2.5,COVER,2,0,1,21,-0.25,1,CUBIERTO,1 → 0.75,CUBIERTO,1 → 0.75,-0.25
2598879,Northampton Town,Crawley Town,0.5,2.75,COVER,3,0,0,-1,0.75,-29,CUBIERTO,1 → 0.5,CUBIERTO,1 → 0.5,0.5
2598874,Cambridge United,Burton Albion,0.25,2.5,COVER,1,0,-0.25,8,1.25,25,NO CUBIERTO,0.5 → 0.25,NO CUBIERTO,0.5 → 0.25,0.5
2598883,Wycombe Wanderers,Leyton Orient,0.5,2.75,COVER,3,0,0.5,26,0,-1,CUBIERTO,0.25 → 0.5,NO CUBIERTO,0.25 → 0.5,0.0
2598873,Bolton Wanderers,Peterborough United,0.75,3,COVER,1,0,1.25,25,0.5,26,NO CUBIERTO,0.5 → 0.75,NO CUBIERTO,-0.25 → 0.75,-0.5
2598872,Blackpool,Wigan Athletic,0.75,3,COVER,2,2,0.5,12,-0.25,8,CUBIERTO,0.5 → 0.75,NO CUBIERTO,-0.25 → 0.75,0.25
2598887,Burton Albion,Shrewsbury Town,0.25,2.5,COVER,2,0,0.25,7,0.25,-15,CUBIERTO,0.25 → 0.25,CUBIERTO,0.25 → 0.25,0.0
2598895,Wrexham,Mansfield Town,0.5,2.75,COVER,1,0,0,13,0.25,37,NO CUBIERTO,0.5 → 0.5,CUBIERTO,0 → 0.5,0.5
2598884,Barnsley,Rotherham United,0.25,2.5,COVER,2,0,0.25,4,0,-23,CUBIERTO,0.75 → 0.25,CUBIERTO,0.75 → 0.25,0.0
2598892,Stevenage Borough,Reading,0.25,2.25,COVER,1,1,0,39,0.5,35,NO CUBIERTO,0.5 → 0.25,NO CUBIERTO,0.5 → 0.25,0.25
2598891,Peterborough United,Cambridge United,0.75,2.75,COVER,6,1,0,-24,0.75,-40,CUBIERTO,1 → 0.75,CUBIERTO,-0.5 → 0.75,0.75
2598893,Stockport County,Bolton Wanderers,0.25,2.5,COVER,5,0,0.25,-4,0,39,NO CUBIERTO,-0.25 → 0.25,NO CUBIERTO,-0.25 → 0.25,0.0
2598898,Bristol Rovers,Crawley Town,0.25,2.5,COVER,0,0,-0.25,7,0.25,7,CUBIERTO,0.25 → 0.25,NO CUBIERTO,0 → 0.25,0.5
2598907,Wycombe Wanderers,Huddersfield Town,0.25,2.5,NO_COVER,0,1,0.75,-9,-0.5,18,NO CUBIERTO,-0.25 → 0.25,CUBIERTO,0.75 → 0.25,-0.5
2598905,Stockport County,Wrexham,0.25,2.5,COVER,1,0,0.25,7,0,-9,CUBIERTO,0.25 → 0.25,NO CUBIERTO,0 → 0.25,0.0
2598906,Wigan Athletic,Burton Albion,0.75,2.25,NO_COVER,1,2,-0.75,11,0.25,-3,NO CUBIERTO,0.5 → 0.75,NO CUBIERTO,0.5 → 0.75,1.5
2598900,Charlton Athletic,Peterborough United,0.75,2.75,COVER,2,1,0.25,42,0,15,NO CUBIERTO,-0.25 → 0.75,NO CUBIERTO,-0.25 → 0.75,0.5
2598903,Reading,Shrewsbury Town,0.5,2.75,COVER,1,1,-0.25,9,0.75,29,NO CUBIERTO,0.5 → 0.5,NO CUBIERTO,0.5 → 0.5,0.75
2598909,Bolton Wanderers,Blackpool,0.25,2.75,COVER,2,1,0.75,59,-0.25,19,CUBIERTO,0.5 → 0.25,NO CUBIERTO,0 → 0.25,-0.5
2598902,Leyton Orient,Mansfield Town,0.5,2.25,COVER,3,0,0.25,4,-0.25,-1,CUBIERTO,0.25 → 0.5,CUBIERTO,0.5 → 0.5,0.25
2598919,Wrexham,Exeter City,0.75,2.25,COVER,3,0,0.5,-17,0.75,12,N/A,N/A,N/A,N/A,0.25
2598908,Barnsley,Wigan Athletic,0.75,2.5,NO_COVER,0,1,0.25,2,0.75,11,NO CUBIERTO,0.75 → 0.75,NO CUBIERTO,0.25 → 0.75,0.5
2598918,Stevenage Borough,Leyton Orient,0.25,2.25,COVER,0,0,0.25,-9,0.5,1,NO CUBIERTO,0.5 → 0.25,NO CUBIERTO,0.5 → 0.25,0.0
2598912,Huddersfield Town,Charlton Athletic,0.5,2.25,COVER,2,1,0.75,12,0,19,CUBIERTO,0.5 → 0.5,CUBIERTO,0.5 → 0.5,-0.25
2598916,Peterborough United,Reading,0.5,3,NO_COVER,1,2,0.75,-9,0.25,-9,NO CUBIERTO,1 → 0.5,NO CUBIERTO,1 → 0.5,-0.25
2598922,Charlton Athletic,Crawley Town,0.75,2.5,NO_COVER,1,2,0,-9,0.25,1,CUBIERTO,1.25 → 0.75,NO CUBIERTO,0 → 0.75,0.75
2598921,Bolton Wanderers,Mansfield Town,0.75,2.75,COVER,3,1,0.25,-5,0.75,-1,NO CUBIERTO,0.75 → 0.75,NO CUBIERTO,0.75 → 0.75,0.5
2598914,Mansfield Town,Bristol Rovers,0.5,2.5,NO_COVER,0,1,-0.75,-31,0.75,7,CUBIERTO,0.25 → 0.5,NO CUBIERTO,0 → 0.5,1.25
2598915,Northampton Town,Cambridge United,0.5,2.5,COVER,0,0,0.5,1,0.75,-9,CUBIERTO,0.25 → 0.5,NO CUBIERTO,0.25 → 0.5,0.0
2598925,Leyton Orient,Bristol Rovers,0.75,2.25,COVER,3,0,-0.25,-2,0.5,55,NO CUBIERTO,0.5 → 0.75,NO CUBIERTO,0.5 → 0.75,1.0
2598929,Stevenage Borough,Northampton Town,0.5,2,COVER,2,0,0.25,2,0.75,25,CUBIERTO,0.5 → 0.5,CUBIERTO,0.5 → 0.5,0.25
2598924,Huddersfield Town,Wigan Athletic,0.75,2.5,COVER,1,0,0.5,20,0.75,19,NO CUBIERTO,0 → 0.75,NO CUBIERTO,0.25 → 0.75,0.25
2598931,Reading,Cambridge United,0.75,2.5,COVER,3,0,0.75,7,0.5,-2,CUBIERTO,0.75 → 0.75,CUBIERTO,0.75 → 0.75,0.0
2598927,Rotherham United,Lincoln City,0.25,2.25,COVER,2,1,0.5,19,0.25,11,CUBIERTO,1.25 → 0.25,CUBIERTO,0 → 0.25,-0.25
2598930,Wrexham,Barnsley,0.25,2.5,COVER,1,0,0.25,11,-0.5,-2,N/A,N/A,NO CUBIERTO,0.5 → 0.25,0.0
2598942,Wigan Athletic,Leyton Orient,0.25,2,NO_COVER,0,2,0.75,25,0.25,2,CUBIERTO,0 → 0.25,CUBIERTO,0 → 0.25,-0.5
2598938,Lincoln City,Charlton Athletic,0.25,2.25,COVER,0,0,0,14,-0.25,-42,CUBIERTO,0 → 0.25,NO CUBIERTO,0.25 → 0.25,0.25
2598941,Stockport County,Exeter City,0.75,2.5,COVER,2,0,0.25,13,0.75,-9,NO CUBIERTO,0.25 → 0.75,CUBIERTO,0.75 → 0.75,0.5
2598936,Cambridge United,Shrewsbury Town,0.25,2.25,COVER,4,1,-0.5,-17,0.25,-13,NO CUBIERTO,0.5 → 0.25,CUBIERTO,0 → 0.25,0.75
2598943,Wycombe Wanderers,Reading,0.5,2.75,COVER,1,1,0.75,-1,0.5,36,NO CUBIERTO,0.5 → 0.5,CUBIERTO,0.25 → 0.5,-0.25
2598933,Blackpool,Rotherham United,0.25,2.25,COVER,0,0,0.25,0,1,34,NO CUBIERTO,0.25 → 0.25,NO CUBIERTO,0.25 → 0.25,0.0
2598946,Charlton Athletic,Mansfield Town,0.5,2.25,COVER,0,0,0.75,21,0.75,23,CUBIERTO,0.75 → 0.5,CUBIERTO,0.75 → 0.5,-0.25
2598945,Bolton Wanderers,Wigan Athletic,0.75,2.5,NO_COVER,0,2,0.75,23,0.75,-2,NO CUBIERTO,0.5 → 0.75,NO CUBIERTO,-0.25 → 0.75,0.0
2598949,Leyton Orient,Burton Albion,0.75,2.5,COVER,0,0,0.75,40,1,0,NO CUBIERTO,1 → 0.75,NO CUBIERTO,1 → 0.75,0.0
2598948,Huddersfield Town,Lincoln City,0.5,2.5,COVER,2,2,0.75,-2,0.25,2,NO CUBIERTO,0.75 → 0.5,NO CUBIERTO,0.75 → 0.5,-0.25
2598952,Rotherham United,Northampton Town,0.75,2.5,COVER,3,0,0.25,2,0.5,63,CUBIERTO,0.75 → 0.75,CUBIERTO,-0.25 → 0.75,0.5
2598965,Stockport County,Peterborough United,0.75,2.75,COVER,2,1,0.75,26,-0.25,0,NO CUBIERTO,-0.5 → 0.75,NO CUBIERTO,1.5 → 0.75,0.0
2598962,Lincoln City,Reading,0.5,2.5,COVER,2,0,0.25,6,0.5,15,NO CUBIERTO,0.25 → 0.5,NO CUBIERTO,0 → 0.5,0.25
2598967,Wycombe Wanderers,Bolton Wanderers,0.25,2.75,COVER,0,0,0.5,15,-0.5,-17,NO CUBIERTO,0 → 0.25,NO CUBIERTO,0.75 → 0.25,-0.25
2598963,Mansfield Town,Rotherham United,0.25,2.25,COVER,1,0,-0.25,21,-0.5,13,NO CUBIERTO,-0.25 → 0.25,NO CUBIERTO,0.25 → 0.25,0.5
2598966,Wigan Athletic,Shrewsbury Town,0.75,2.25,COVER,2,2,0.25,15,0.25,-19,CUBIERTO,0.5 → 0.75,CUBIERTO,0 → 0.75,0.5
2598957,Blackpool,Stevenage Borough,0.5,2.25,COVER,0,0,1,-12,0.5,19,CUBIERTO,0.25 → 0.5,NO CUBIERTO,0 → 0.5,-0.5
2598956,Barnsley,Leyton Orient,0.5,2.5,NO_COVER,0,4,-0.5,9,0.25,15,CUBIERTO,0.5 → 0.5,CUBIERTO,0.5 → 0.5,1.0
2598973,Leyton Orient,Crawley Town,0.75,2.5,COVER,3,0,0.75,1,1,-32,CUBIERTO,1 → 0.75,CUBIERTO,1 → 0.75,0.0
2598974,Peterborough United,Mansfield Town,0.5,2.75,NO_COVER,0,3,1,-32,0.5,-14,CUBIERTO,0.75 → 0.5,NO CUBIERTO,-0.25 → 0.5,-0.5
2598975,Reading,Northampton Town,0.75,2.75,COVER,4,1,0,11,0.75,16,CUBIERTO,0.75 → 0.75,CUBIERTO,0.75 → 0.75,0.75
2598979,Wrexham,Blackpool,0.5,2.5,COVER,2,1,1,-5,0,11,N/A,N/A,N/A,N/A,-0.5
2598976,Rotherham United,Wigan Athletic,0.5,2.25,NO_COVER,0,1,0.75,16,0.75,-4,NO CUBIERTO,0.25 → 0.5,NO CUBIERTO,0.25 → 0.5,-0.25
2598969,Bolton Wanderers,Barnsley,0.5,2.75,NO_COVER,1,2,0.75,-4,-0.25,4,NO CUBIERTO,0.75 → 0.5,NO CUBIERTO,0.75 → 0.5,-0.25
2598970,Charlton Athletic,Cambridge United,0.75,2.25,COVER,2,1,0.5,-14,1,-5,NO CUBIERTO,0.75 → 0.75,CUBIERTO,0 → 0.75,0.25
2598971,Exeter City,Bristol Rovers,0.75,2.25,COVER,3,1,-0.25,4,1.75,47,NO CUBIERTO,-0.25 → 0.75,CUBIERTO,0.25 → 0.75,1.0
2598972,Huddersfield Town,Stockport County,0.5,2.5,COVER,1,0,0.5,17,-0.25,-18,NO CUBIERTO,0.75 → 0.5,CUBIERTO,-0.25 → 0.5,0.0
2598983,Exeter City,Crawley Town,0.5,2.25,COVER,4,4,0.75,8,0.75,25,CUBIERTO,1 → 0.5,CUBIERTO,1 → 0.5,-0.25
2598987,Reading,Mansfield Town,0.25,2.5,COVER,2,1,0.75,-4,0.5,-50,N/A,N/A,N/A,N/A,-0.5
2598990,Stevenage Borough,Bristol Rovers,0.75,2.25,COVER,3,0,-0.25,-36,0.75,8,NO CUBIERTO,0.5 → 0.75,NO CUBIERTO,0.5 → 0.75,1.0
2598989,Shrewsbury Town,Northampton Town,0.25,2.5,COVER,1,1,-0.5,-25,0.75,-4,CUBIERTO,0.25 → 0.25,CUBIERTO,0.75 → 0.25,0.75
2598991,Wrexham,Wigan Athletic,0.75,2.5,COVER,2,1,0.5,33,0.5,18,NO CUBIERTO,0.5 → 0.75,NO CUBIERTO,0.5 → 0.75,0.25
2598998,Lincoln City,Rotherham United,0.5,2.25,NO_COVER,0,1,0.5,46,0.25,-12,NO CUBIERTO,0 → 0.5,NO CUBIERTO,0.25 → 0.5,0.0
2598992,Barnsley,Wrexham,0.25,2.25,COVER,2,1,0.5,8,-0.5,5,NO CUBIERTO,0.5 → 0.25,NO CUBIERTO,0.25 → 0.25,-0.25
2598981,Bolton Wanderers,Lincoln City,0.5,2.5,COVER,3,0,0.5,-6,-0.5,-25,CUBIERTO,0.75 → 0.5,CUBIERTO,-0.25 → 0.5,0.0
2599007,Charlton Athletic,Reading,0.25,2.5,COVER,0,0,0,-5,0,31,CUBIERTO,0.25 → 0.25,NO CUBIERTO,0.25 → 0.25,0.25
2599009,Huddersfield Town,Rotherham United,0.75,2.25,COVER,0,0,1.25,38,0.5,-22,CUBIERTO,0.5 → 0.75,NO CUBIERTO,0 → 0.75,-0.5
2599006,Cambridge United,Bristol Rovers,0.25,2.5,NO_COVER,0,1,0,31,0.75,5,CUBIERTO,0 → 0.25,NO CUBIERTO,0.5 → 0.25,0.25
2599011,Lincoln City,Stevenage Borough,0.5,2.25,COVER,0,0,0.5,-22,-0.25,26,NO CUBIERTO,0 → 0.5,CUBIERTO,0.25 → 0.5,0.0
2599014,Wrexham,Peterborough United,0.75,2.5,COVER,1,0,0.75,-20,0,-44,NO CUBIERTO,-0.5 → 0.75,CUBIERTO,0.25 → 0.75,0.0
2599012,Stockport County,Mansfield Town,0.5,2.5,NO_COVER,1,2,-0.25,37,0.25,-56,NO CUBIERTO,0.25 → 0.5,NO CUBIERTO,0 → 0.5,0.75
2599015,Wycombe Wanderers,Blackpool,0.75,2.75,COVER,1,1,1,26,1.25,33,CUBIERTO,0 → 0.75,NO CUBIERTO,0.5 → 0.75,-0.25
2599023,Peterborough United,Exeter City,0.5,2.5,COVER,1,1,0,-6,1.5,20,CUBIERTO,1.25 → 0.5,CUBIERTO,-0.25 → 0.5,0.5
2599018,Bolton Wanderers,Charlton Athletic,0.5,2.5,NO_COVER,1,2,1,42,0.25,35,NO CUBIERTO,0.75 → 0.5,NO CUBIERTO,-0.25 → 0.5,-0.5
2599021,Mansfield Town,Lincoln City,0.25,2.25,NO_COVER,0,3,0.75,15,0.5,4,NO CUBIERTO,-0.25 → 0.25,NO CUBIERTO,0 → 0.25,-0.5
2599027,Stevenage Borough,Burton Albion,0.75,2.25,NO_COVER,0,1,0.5,-13,0.25,-15,NO CUBIERTO,1 → 0.75,CUBIERTO,-0.25 → 0.75,0.25
2599016,Birmingham City,Leyton Orient,0.75,2.5,COVER,2,0,1,18,0.5,-18,N/A,N/A,CUBIERTO,-0.5 → 0.75,-0.25
2599032,Crawley Town,Burton Albion,0.25,2.5,COVER,1,1,-1.25,-10,1.25,38,CUBIERTO,1 → 0.25,NO CUBIERTO,0.25 → 0.25,1.5
2599037,Rotherham United,Charlton Athletic,0.25,2,COVER,4,2,0,35,-0.25,6,NO CUBIERTO,1 → 0.25,NO CUBIERTO,0.25 → 0.25,0.25
2599039,Stevenage Borough,Wigan Athletic,0.25,2,NO_COVER,1,2,0.75,5,0.75,-20,CUBIERTO,0.5 → 0.25,NO CUBIERTO,0.25 → 0.25,-0.5
2599045,Huddersfield Town,Bolton Wanderers,0.5,2.5,NO_COVER,0,1,0.75,-8,0,35,CUBIERTO,0.25 → 0.5,NO CUBIERTO,0.25 → 0.5,-0.25
2599046,Leyton Orient,Reading,0.5,2.5,COVER,2,0,1,25,0.25,13,CUBIERTO,0.25 → 0.5,CUBIERTO,0.25 → 0.5,-0.5
2599047,Lincoln City,Peterborough United,0.5,2.75,COVER,5,1,0.5,-2,0.75,9,NO CUBIERTO,-0.75 → 0.5,NO CUBIERTO,0.25 → 0.5,0.0
2599040,Barnsley,Stevenage Borough,0.5,2.25,NO_COVER,0,1,1,13,0.5,-2,CUBIERTO,0.25 → 0.5,NO CUBIERTO,0 → 0.5,-0.5
2599049,Wigan Athletic,Bristol Rovers,0.75,2.25,COVER,2,0,0.75,4,0.25,43,CUBIERTO,0.25 → 0.75,CUBIERTO,0.25 → 0.75,0.0
2599059,Peterborough United,Wigan Athletic,0.25,2.75,COVER,1,0,0.5,13,0.25,42,NO CUBIERTO,1 → 0.25,NO CUBIERTO,0 → 0.25,-0.25
2599057,Lincoln City,Blackpool,0.25,2.5,NO_COVER,0,2,0.5,20,0,36,CUBIERTO,0 → 0.25,NO CUBIERTO,0.5 → 0.25,-0.25
2599060,Rotherham United,Cambridge United,0.75,2.25,COVER,2,1,0.25,35,1,42,NO CUBIERTO,1.25 → 0.75,CUBIERTO,-0.25 → 0.75,0.5
2599062,Wrexham,Stevenage Borough,0.5,2,NO_COVER,2,3,-0.25,20,0.5,9,NO CUBIERTO,-0.25 → 0.5,NO CUBIERTO,0 → 0.5,0.75
2599063,Wycombe Wanderers,Barnsley,0.25,2.75,COVER,2,1,1.25,2,-0.5,-36,NO CUBIERTO,0 → 0.25,NO CUBIERTO,0.25 → 0.25,-1.0
2599074,Stevenage Borough,Exeter City,0.5,2,COVER,4,1,0.25,42,0.5,13,NO CUBIERTO,0.75 → 0.5,NO CUBIERTO,0 → 0.5,0.25
2599070,Leyton Orient,Stockport County,0.25,2.25,NO_COVER,0,1,0.5,13,0,-11,NO CUBIERTO,0 → 0.25,CUBIERTO,1 → 0.25,-0.25
2599066,Blackpool,Charlton Athletic,0.25,2.25,COVER,2,2,0,15,0.5,1,NO CUBIERTO,0.75 → 0.25,CUBIERTO,0.25 → 0.25,0.25
2599082,Mansfield Town,Northampton Town,0.75,2.75,NO_COVER,0,1,1,20,1.25,-20,NO CUBIERTO,0.25 → 0.75,CUBIERTO,-0.25 → 0.75,-0.25
2599085,Stockport County,Barnsley,0.5,2.5,COVER,2,1,1,25,0.25,50,NO CUBIERTO,-0.25 → 0.5,NO CUBIERTO,0.25 → 0.5,-0.5
2599084,Rotherham United,Shrewsbury Town,0.75,2.25,NO_COVER,1,2,0.75,28,1,25,NO CUBIERTO,1 → 0.75,NO CUBIERTO,-0.25 → 0.75,0.0
2599078,Charlton Athletic,Stevenage Borough,0.25,2,COVER,2,0,1,7,0.5,8,NO CUBIERTO,0 → 0.25,NO CUBIERTO,0.25 → 0.25,-0.75
2599081,Lincoln City,Cambridge United,0.75,2.5,COVER,1,1,0.25,41,0.75,28,CUBIERTO,0.75 → 0.75,CUBIERTO,-0.25 → 0.75,0.5
2896739,Bnei Yehuda Tel Aviv,Maccabi Ata Bialik,0.5,2.5,COVER,2,1,0,3,0.5,2,CUBIERTO,1.5 → 0.5,CUBIERTO,1.5 → 0.5,0.5
2890626,Kedus Giorgis,Ethiopia Nigd Bank,0.25,1.75,COVER,1,1,0.5,-2,0.25,1,NO CUBIERTO,-0.25 → 0.25,NO CUBIERTO,-0.25 → 0.25,-0.25
2876463,Al Masry,Haras El Hedoud,0.25,2,COVER,1,0,0.5,7,0.5,12,CUBIERTO,0.75 → 0.25,NO CUBIERTO,-1 → 0.25,-0.25
2914887,Al Duhail U23,Qatar SC Doha U23,0.75,2.25,COVER,2,1,0,19,1,33,CUBIERTO,1.5 → 0.75,NO CUBIERTO,1.5 → 0.75,0.75
2914919,Mwembe Makumbi City FC,Kmka,0.5,2,NO_COVER,1,3,-0.25,-37,0.5,-65,CUBIERTO,0.5 → 0.5,CUBIERTO,0.5 → 0.5,0.75
2890621,Ethiopia Bunna,Dire Dawa,0.5,1.75,NO_COVER,1,2,0.25,-13,0.5,21,CUBIERTO,0.5 → 0.5,CUBIERTO,0.5 → 0.5,0.25
2852146,Al-Feiha,Al-Hazm,0.5,2.5,COVER,0,0,0.5,19,0.75,4,NO CUBIERTO,0.5 → 0.5,CUBIERTO,0 → 0.5,0.0
2914805,USM Alger U20,MC Alger U20,0.25,2.25,NO_COVER,1,2,1,-78,-1,-35,N/A,N/A,N/A,N/A,-0.75
2914810,Kadhimiya SC,Afak SC,0.75,2,COVER,1,0,0.25,-12,0.75,10,NO CUBIERTO,0.25 → 0.75,NO CUBIERTO,0.25 → 0.75,0.5
2914794,Uttarakhand State FA,Uttar Pradesh,0.75,2.5,COVER,2,0,-0.5,3,0,-9,N/A,N/A,N/A,N/A,1.25
2914030,Debre Birhan Ketema,Bishoftu Ketema,0.25,2,COVER,2,1,0.25,0,1,-6,N/A,N/A,N/A,N/A,0.0
2890627,Ethio Electric FC,Shire Endaselassie FC,0.5,1.75,COVER,1,0,0,1,0.25,21,CUBIERTO,0 → 0.5,CUBIERTO,0 → 0.5,0.5
2850513,Mahar United,Dagon Port,0.75,3.5,COVER,5,2,-2.25,-12,1.75,-1,NO CUBIERTO,0.75 → 0.75,NO CUBIERTO,-0.25 → 0.75,3.0
2788675,Zambia,Comoros,0.5,2.25,COVER,0,0,0.75,7,1.75,76,NO CUBIERTO,0.5 → 0.5,NO CUBIERTO,0.5 → 0.5,-0.25
2791873,Anderlecht,Charleroi,0.5,2.5,NO_COVER,1,2,0.75,11,0,13,NO CUBIERTO,0.5 → 0.5,NO CUBIERTO,-0.25 → 0.5,-0.25
2789305,Manchester United,Newcastle United,0.25,3,COVER,1,0,0.5,3,-0.5,12,NO CUBIERTO,0.25 → 0.25,NO CUBIERTO,0.75 → 0.25,-0.25
2915038,Oslo FA,NGB ASC Niarry Tally,0.25,1.75,COVER,1,0,0,1,0.25,-1,CUBIERTO,0 → 0.25,CUBIERTO,0 → 0.25,0.25
2915137,ASC Tevragh Zeine,NZidane,0.25,2,COVER,2,2,0.25,23,0.5,20,CUBIERTO,0.5 → 0.25,CUBIERTO,0.5 → 0.25,0.0
2914988,FC Kallon,BAI Bureh Warriors,0.25,1.75,NO_COVER,0,2,1,27,0.25,0,N/A,N/A,N/A,N/A,-0.75
2815899,Sakaryaspor,Manisa BB Spor,0.25,3,NO_COVER,0,2,1.5,12,0.25,22,NO CUBIERTO,0.25 → 0.25,NO CUBIERTO,0.25 → 0.25,-1.25
2914983,Onze Createurs,US Bourgouni,0.25,1.75,COVER,0,0,0,-15,1,24,NO CUBIERTO,0.25 → 0.25,NO CUBIERTO,0.25 → 0.25,0.25
2884093,ASF Bobo Dioulasso,CFFEB,0.25,1.5,COVER,2,1,-0.25,0,0.25,23,N/A,N/A,N/A,N/A,0.5
2884095,Majestic FC,RC Bobo Dioulasso,0.5,1.75,COVER,0,0,0,-12,0.5,28,CUBIERTO,0.25 → 0.5,CUBIERTO,0.25 → 0.5,0.5
2870286,Accra Hearts of Oak,Samartex,0.5,1.75,COVER,1,0,0.5,27,0.75,-1,CUBIERTO,0.5 → 0.5,CUBIERTO,0.5 → 0.5,0.0
2828339,Whitby Town,Morpeth Town,0.25,2.5,NO_COVER,1,2,0.25,0,0.75,0,NO CUBIERTO,0 → 0.25,NO CUBIERTO,0 → 0.25,0.0
2832107,Gosport Borough,Havant Waterlooville,0.5,3,NO_COVER,0,4,0.75,0,0.25,0,NO CUBIERTO,-0.75 → 0.5,NO CUBIERTO,-0.75 → 0.5,-0.25
2828338,Warrington Rylands,Warrington Town AFC,0.5,2.5,COVER,1,1,0.25,-33,0,0,NO CUBIERTO,0 → 0.5,NO CUBIERTO,0 → 0.5,0.25
2843240,Worcester City,Halesowen Town,0.25,2.75,NO_COVER,1,2,0.75,0,-0.5,0,N/A,N/A,CUBIERTO,1 → 0.25,-0.5
2828334,Ilkeston Town,Rushall Olympic,0.5,2.5,COVER,5,1,-0.5,-5,0.5,0,NO CUBIERTO,0 → 0.5,NO CUBIERTO,0 → 0.5,1.0
2828336,leek Town,Stocksbridge Park Steels,0.5,2.5,NO_COVER,1,2,0.75,0,0.75,-7,N/A,N/A,N/A,N/A,-0.25
2828335,Lancaster City,Bamber Bridge,0.5,2.5,NO_COVER,1,3,0.5,0,0,0,NO CUBIERTO,0 → 0.5,NO CUBIERTO,0 → 0.5,0.0
2820866,Farnborough Town,Hampton Richmond Borough,0.5,2.75,NO_COVER,0,2,0,-24,0.75,14,NO CUBIERTO,0.25 → 0.5,CUBIERTO,0 → 0.5,0.5
2820862,Dorking,Horsham,0.5,2.5,COVER,2,0,0.5,7,-0.25,28,NO CUBIERTO,0.5 → 0.5,N/A,N/A,0.0
2820318,Worksop Town,Alfreton Town,0.25,2.5,COVER,1,0,-0.25,3,0.75,13,N/A,N/A,N/A,N/A,0.5
2820317,South Shields,Spennymoor Town,0.75,2.75,COVER,6,0,1.25,-5,0,39,NO CUBIERTO,-0.25 → 0.75,NO CUBIERTO,-0.25 → 0.75,-0.5
2820314,Marine,Southport FC,0.5,2.25,COVER,4,2,0,39,0,24,CUBIERTO,0.25 → 0.5,CUBIERTO,0.25 → 0.5,0.5
2820313,Macclesfield Town,Buxton FC,0.25,2.75,NO_COVER,0,2,0.5,33,0.25,1,N/A,N/A,N/A,N/A,-0.25
2820311,Kings Lynn,Peterborough Sports,0.5,2.5,COVER,2,2,0,9,1.25,-5,NO CUBIERTO,0.5 → 0.5,NO CUBIERTO,0 → 0.5,0.5
2820307,AFC Fylde,Chorley FC,0.75,2.75,COVER,1,0,1,13,-0.25,3,NO CUBIERTO,0.25 → 0.75,CUBIERTO,0.5 → 0.75,-0.25
2818113,Truro City,Yeovil Town,0.25,2.25,COVER,1,0,0,1,0.75,40,NO CUBIERTO,-1 → 0.25,NO CUBIERTO,-1 → 0.25,0.25
2818112,Sutton United,Aldershot Town,0.25,3.25,COVER,0,0,0.5,24,0.25,23,NO CUBIERTO,0.75 → 0.25,NO CUBIERTO,0 → 0.25,-0.25
2818111,Solihull Moors,Tamworth,0.25,2.75,COVER,7,1,0.25,18,0.5,11,CUBIERTO,1 → 0.25,CUBIERTO,0 → 0.25,0.0
2818109,Hartlepool United,Scunthorpe United,0.25,2.75,NO_COVER,1,2,0.75,40,-0.25,12,CUBIERTO,0.5 → 0.25,CUBIERTO,0.5 → 0.25,-0.5
2818107,Halifax Town,Altrincham,0.5,2.75,COVER,2,1,0.25,-5,0,30,NO CUBIERTO,0 → 0.5,NO CUBIERTO,0 → 0.5,0.25
2798820,Tranmere Rovers,Fleetwood Town,0.25,2.5,COVER,1,0,0,14,-0.25,-3,NO CUBIERTO,0.25 → 0.25,NO CUBIERTO,0.25 → 0.25,0.25
2798821,Walsall,Crewe Alexandra,0.25,2.25,COVER,1,0,0.5,10,0,14,NO CUBIERTO,0.75 → 0.25,CUBIERTO,-0.5 → 0.25,-0.25
2798818,Milton Keynes Dons,Swindon Town,0.25,2.75,COVER,1,0,0.5,-11,-0.25,-10,NO CUBIERTO,0 → 0.25,NO CUBIERTO,0 → 0.25,-0.25
2798817,Grimsby Town,Oldham Athletic,0.5,2.5,COVER,0,0,0.25,29,0,-13,NO CUBIERTO,-0.25 → 0.5,CUBIERTO,0.25 → 0.5,0.25
2798814,Chesterfield,Notts County,0.25,2.5,COVER,2,0,-0.25,-29,0.25,29,NO CUBIERTO,0.5 → 0.25,CUBIERTO,0.25 → 0.25,0.5
2798280,West Bromwich(WBA),Bristol City,0.25,2.5,NO_COVER,1,2,0.25,9,1,32,CUBIERTO,0.75 → 0.25,CUBIERTO,0.75 → 0.25,0.0
2798811,Accrington Stanley,Barrow,0.5,2.25,COVER,2,1,-0.25,-20,0.5,6,CUBIERTO,-0.25 → 0.5,NO CUBIERTO,0.25 → 0.5,0.75
2798279,Stoke City,Preston North End,0.5,2.25,COVER,0,0,0.75,-1,0,14,NO CUBIERTO,0 → 0.5,NO CUBIERTO,0 → 0.5,-0.25
2798273,Middlesbrough,Blackburn Rovers,0.5,2.5,COVER,0,0,0.5,21,0,-5,CUBIERTO,0.5 → 0.5,NO CUBIERTO,0.25 → 0.5,0.0
2798275,Norwich City,Charlton Athletic,0.25,2.5,COVER,1,0,-0.25,-3,1,26,NO CUBIERTO,0.5 → 0.25,NO CUBIERTO,-0.5 → 0.25,0.5
2797717,Stockport County,Lincoln City,0.25,2.5,NO_COVER,1,2,0.25,50,-0.25,2,CUBIERTO,0.75 → 0.25,CUBIERTO,0.75 → 0.25,0.0
2798272,Leicester City,Watford,0.25,2.5,NO_COVER,1,2,-0.25,-22,0.25,28,CUBIERTO,0.75 → 0.25,NO CUBIERTO,-0.25 → 0.25,0.5
2797715,Peterborough United,Leyton Orient,0.25,2.75,COVER,1,0,0.5,25,0.25,20,NO CUBIERTO,-0.5 → 0.25,NO CUBIERTO,-0.5 → 0.25,-0.25
2797711,Bradford City,Wigan Athletic,0.5,2.25,COVER,2,1,0.5,28,0.25,0,NO CUBIERTO,-0.75 → 0.5,NO CUBIERTO,-0.75 → 0.5,0.0
2797714,Luton Town,Wycombe Wanderers,0.25,2.25,COVER,4,0,0.75,-5,-0.5,5,CUBIERTO,0.5 → 0.25,CUBIERTO,-0.25 → 0.25,-0.5
2797713,Huddersfield Town,Port Vale,0.5,2.5,COVER,5,0,0.25,0,0.75,-5,CUBIERTO,0.75 → 0.5,CUBIERTO,0.75 → 0.5,0.25
2797712,Burton Albion,Northampton Town,0.25,2.25,COVER,5,1,-0.5,5,0.5,25,NO CUBIERTO,0 → 0.25,NO CUBIERTO,0 → 0.25,0.75
2797709,Blackpool,Doncaster Rovers,0.25,2.5,COVER,1,0,-0.25,2,0.75,7,CUBIERTO,1 → 0.25,NO CUBIERTO,-0.25 → 0.25,0.5
2797708,Barnsley,Mansfield Town,0.5,2.75,NO_COVER,2,3,0.25,20,0,2,NO CUBIERTO,0.5 → 0.5,NO CUBIERTO,-0.25 → 0.5,0.25
2793870,Portadown,Glenavon Lurgan,0.75,2.75,COVER,1,0,0,0,1.25,25,CUBIERTO,0.5 → 0.75,CUBIERTO,0.5 → 0.75,0.75
2793869,Linfield FC,Glentoran FC,0.5,2.25,NO_COVER,0,1,1.5,21,0.5,-18,CUBIERTO,0.75 → 0.5,NO CUBIERTO,0 → 0.5,-1.0
2793868,Dungannon Swifts,Bangor FC,0.75,2.75,COVER,1,0,0.75,8,1.75,29,CUBIERTO,0 → 0.75,NO CUBIERTO,-0.25 → 0.75,0.0
2788680,Egypt,South Africa,0.5,2,COVER,1,0,1.25,74,0,0,NO CUBIERTO,0.5 → 0.5,NO CUBIERTO,0.5 → 0.5,-0.75
2852500,Al-Faisaly Harmah,AL-Rbeea Jeddah,0.75,2.25,COVER,0,0,0.25,-1,0.75,69,NO CUBIERTO,0.25 → 0.75,NO CUBIERTO,0.25 → 0.75,0.5
2914986,Al-Ahli Doha U23,Umm Salal U23,0.5,2.75,NO_COVER,0,1,0.25,-1,0,19,N/A,N/A,CUBIERTO,0.25 → 0.5,0.25
2914984,Al-Shamal SC Reserves,Al Sadd Reserves,0.5,2.5,COVER,2,1,0.75,16,0.25,32,N/A,N/A,CUBIERTO,-0.75 → 0.5,-0.25
2914977,Nashama Al-Mustaqbal（W）,Al Istiqlal (W),0.75,3.5,NO_COVER,2,3,-0.25,16,2.75,13,N/A,N/A,CUBIERTO,0.25 → 0.75,1.0
2902939,JS El Biar,NA Hussein Dey,0.5,1.75,COVER,1,0,1,26,0.5,30,CUBIERTO,0.5 → 0.5,CUBIERTO,0.5 → 0.5,-0.5
2902790,NRB Teleghma,JS Bordj Menaiel,0.75,1.75,COVER,1,0,0.25,75,1,21,CUBIERTO,0.5 → 0.75,CUBIERTO,0.5 → 0.75,0.5
2902788,MO Constantine,MSP Batna,0.75,2,COVER,3,0,0,24,1.25,29,CUBIERTO,0.5 → 0.75,CUBIERTO,0.5 → 0.75,0.75
2902787,MO Bejaia,USM Annaba,0.5,2,COVER,1,0,1,21,0,24,NO CUBIERTO,0 → 0.5,CUBIERTO,1.5 → 0.5,-0.5
2902786,JS Jijel,US Chaouia,0.5,2,COVER,3,2,1,60,-0.25,-14,N/A,N/A,NO CUBIERTO,0.75 → 0.5,-0.5
2806292,Mold Alexandra,Caersws,0.75,3,NO_COVER,0,2,-1,-17,0.25,-50,NO CUBIERTO,0.5 → 0.75,CUBIERTO,0 → 0.75,1.75
2842484,USM Khenchela,CS Constantine,0.5,1.75,COVER,0,0,0.25,-18,0.25,9,CUBIERTO,0.25 → 0.5,NO CUBIERTO,0.75 → 0.5,0.25
2806290,Holyhead,Rhyl FC,0.25,3,COVER,3,1,0.5,7,0.75,-27,N/A,N/A,NO CUBIERTO,1.25 → 0.25,-0.25
2805896,Trefelin,Caerau Ely,0.75,3,COVER,3,0,0.5,0,0,-36,CUBIERTO,-0.25 → 0.75,CUBIERTO,0.25 → 0.75,0.25
2805897,Treowen Stars,Trey Thomas Drossel,0.25,3.25,COVER,2,0,-1,-10,0.5,23,N/A,N/A,NO CUBIERTO,0.75 → 0.25,1.25
2805895,Pontypridd,Aberystwyth Town,0.25,2.75,NO_COVER,0,1,0.5,23,0.5,35,NO CUBIERTO,0.5 → 0.25,NO CUBIERTO,1.75 → 0.25,-0.25
2885996,Malkia,Bahrain SC,0.75,2.5,COVER,2,0,0.25,-27,0.5,-8,NO CUBIERTO,0 → 0.75,NO CUBIERTO,0 → 0.75,0.5
2805893,Baglan Dragons,Afan Lido,0.75,3,COVER,3,1,-0.25,0,1.25,-18,NO CUBIERTO,0.75 → 0.75,NO CUBIERTO,-0.25 → 0.75,1.0
2914934,St Neots Town,Bedworth United,0.5,2.75,COVER,1,0,0.25,9,0.75,15,N/A,N/A,CUBIERTO,1 → 0.5,0.25
2914939,Bradford Park Avenue,Pontefract Collieries,0.75,2.75,NO_COVER,2,3,1,0,0,-14,CUBIERTO,1 → 0.75,CUBIERTO,0.25 → 0.75,-0.25
2914493,Mukura Victory Sports,Marines FC,0.5,2,COVER,2,1,0.25,23,0,-34,NO CUBIERTO,0.5 → 0.5,NO CUBIERTO,0 → 0.5,0.25
2914032,Rutsiro FC,Gicumbi FC,0.25,2,NO_COVER,2,4,0,22,0.5,-17,NO CUBIERTO,0.25 → 0.25,NO CUBIERTO,0.25 → 0.25,0.25
2828337,Stockton Town,Hebburn Town,0.25,2.5,COVER,4,1,0.75,0,0,-4,NO CUBIERTO,0.25 → 0.25,NO CUBIERTO,-0.25 → 0.25,-0.5
2820868,Maidstone United,Dover Athletic,0.75,2.5,COVER,1,0,0.75,33,0.25,8,CUBIERTO,1 → 0.75,CUBIERTO,-0.75 → 0.75,0.0
2867459,Dubba Al-Husun,Al Oruba (UAE),0.75,2.5,NO_COVER,0,2,1.25,14,0.25,21,NO CUBIERTO,0.5 → 0.75,NO CUBIERTO,0.5 → 0.75,-0.5
2867457,Ahli Al-Fujirah,Al-Hamriyah,0.25,2.5,COVER,1,0,-0.5,-14,-0.5,20,NO CUBIERTO,1 → 0.25,NO CUBIERTO,1 → 0.25,0.75
2867460,Emirates Club,Al Arabi(UAE),0.25,2.5,COVER,0,0,0.75,-14,0.25,-4,NO CUBIERTO,1 → 0.25,CUBIERTO,0.5 → 0.25,-0.5
2911992,Aswan,Maleyat Kafr El Zayat,0.25,2,COVER,0,0,-0.5,-5,1,-24,N/A,N/A,N/A,N/A,0.75
2852499,Abha,Al-Tai,0.75,2.5,COVER,3,1,0,-16,-0.25,-44,NO CUBIERTO,-0.5 → 0.75,NO CUBIERTO,-0.5 → 0.75,0.75
2788681,Angola,Zimbabwe,0.5,2.25,COVER,1,1,0,0,1.25,74,NO CUBIERTO,0 → 0.5,NO CUBIERTO,0 → 0.5,0.5
2820316,Scarborough,Darlington,0.25,2.75,NO_COVER,0,1,0,-40,0,-33,CUBIERTO,0.5 → 0.25,CUBIERTO,0.5 → 0.25,0.25
2915069,Salalah SC U21,Al-Suwaiq U21,0.25,2,NO_COVER,0,1,0.25,-17,0.5,-7,N/A,N/A,N/A,N/A,0.0
2914993,Sang Maestro,Persikutim Kutai Timur,0.25,2,COVER,1,1,-0.25,16,-1.5,-47,N/A,N/A,NO CUBIERTO,0.25 → 0.25,0.5
2914979,SC Mashhad,FC Kababile,0.25,3.75,COVER,1,0,-2.25,-6,1.25,0,N/A,N/A,N/A,N/A,2.5
2798271,Birmingham City,Derby County,0.75,2.25,COVER,1,1,1,26,-0.25,-2,CUBIERTO,0.5 → 0.75,NO CUBIERTO,0.25 → 0.75,-0.25
2914958,Dejan FC,Nusantara United,0.25,2.25,COVER,3,0,1,0,-0.5,0,N/A,N/A,CUBIERTO,1 → 0.25,-0.75
2824040,Barry Town United,UWIC Inter Cardiff,0.5,2.75,COVER,1,0,0.5,17,-0.5,-32,CUBIERTO,0 → 0.5,NO CUBIERTO,0.5 → 0.5,0.0
2805894,Cardiff Draconians FC,Llantwit Major,0.25,2.75,COVER,2,0,1,24,0,36,N/A,N/A,N/A,N/A,-0.75
2909469,FC Fard,Damash Gilan FC,0.75,1.5,COVER,0,0,0.25,-1,0.75,13,N/A,N/A,N/A,N/A,0.5
2914943,Ironi Beit Shemesh,FC Hapoel Bnei Ashdod,0.75,2.75,COVER,4,0,2.5,43,-1.5,-46,N/A,N/A,NO CUBIERTO,-1.25 → 0.75,-1.75
2914955,Maccabi Lroni Amishav Petah Tikva,Hakoah Amidar Ramat Gan FC,0.75,3,COVER,6,0,1.5,0,-3.5,4,CUBIERTO,0 → 0.75,CUBIERTO,0 → 0.75,-0.75
2914976,Ayeyawady Utd (W),Thitsar Arman FC (W),0.5,3,COVER,2,1,4.5,121,-0.75,35,NO CUBIERTO,0.25 → 0.5,NO CUBIERTO,-0.25 → 0.5,-4.0
2914994,Hapoel Kiryat Ono,Beitar Tel Aviv Ramla,0.5,3,COVER,2,0,0,27,-0.25,-10,NO CUBIERTO,0.25 → 0.5,NO CUBIERTO,0.25 → 0.5,0.5
2914952,Beitar Petah Tikva,Maccabi lroni Kfar Yona,0.75,3,COVER,0,0,0.25,-13,2.5,17,CUBIERTO,0.5 → 0.75,CUBIERTO,0.5 → 0.75,0.5
2914948,MS Tirat HaCarmel,Hapoel Ihud Bnei Gat,0.75,3.5,NO_COVER,1,2,0.75,8,-0.75,-15,N/A,N/A,NO CUBIERTO,0.25 → 0.75,0.0
2914950,Tzofi Haifa,Hapoel Ramot Menashe,0.5,3.25,COVER,0,0,-0.75,-15,1.25,17,N/A,N/A,N/A,N/A,1.25
2914961,Rans Nusantara FC,Persika Karanganyar,0.25,2,COVER,2,2,0.25,-6,-0.5,-3,N/A,N/A,CUBIERTO,0 → 0.25,0.0
2914960,Persiba Bantul,Gresik United,0.25,2,NO_COVER,0,2,0.25,4,0.25,-6,N/A,N/A,NO CUBIERTO,0.5 → 0.25,0.0
2914957,Persitara Jakarta Utara,Perserang Serang,0.5,2.25,NO_COVER,0,3,0.25,-1,0.75,-3,N/A,N/A,CUBIERTO,0.25 → 0.5,0.25
2871703,Newcastle Jets,FC Macarthur,0.5,3.25,NO_COVER,4,5,-0.5,36,0.75,61,CUBIERTO,0.25 → 0.5,CUBIERTO,0.25 → 0.5,1.0
2788686,Nigeria,Tunisia,0.25,2,COVER,3,2,1,27,0.75,33,NO CUBIERTO,0.5 → 0.25,NO CUBIERTO,0.5 → 0.25,-0.75
2814861,Estoril,Alverca,0.25,2.25,COVER,4,1,-0.75,-34,0,54,N/A,N/A,N/A,N/A,1.0
2912080,CSD Municipal,Antigua GFC,0.5,2,COVER,1,0,1.75,36,0,9,CUBIERTO,0.5 → 0.5,NO CUBIERTO,0.25 → 0.5,-1.25
2915052,Bnei Maghar,Hapoel Kaukab,0.5,3.25,NO_COVER,2,3,0,-31,0.25,8,N/A,N/A,N/A,N/A,0.5
2791875,KAA Gent,Westerlo,0.25,3,COVER,2,0,0.25,45,0.75,22,CUBIERTO,0.5 → 0.25,NO CUBIERTO,0.25 → 0.25,0.0
2839570,Bari,Avellino,0.25,2.25,COVER,1,1,0,-24,0.5,21,CUBIERTO,0.5 → 0.25,CUBIERTO,0.5 → 0.25,0.25
2788687,Uganda,Tanzania,0.25,2,COVER,1,1,0.75,33,1,27,NO CUBIERTO,0.25 → 0.25,N/A,N/A,-0.5
2789302,Chelsea,Aston Villa,0.5,2.75,NO_COVER,1,2,1,-7,-0.25,0,CUBIERTO,0.5 → 0.5,NO CUBIERTO,-0.25 → 0.5,-0.5
2791606,Aberdeen,Dundee United,0.5,2.5,COVER,1,1,0.5,11,0.25,-11,NO CUBIERTO,0.25 → 0.5,NO CUBIERTO,0.25 → 0.5,0.0
2915179,Bo Rangers,Old Edwardians,0.5,1.75,COVER,0,0,0,0,0,30,N/A,N/A,NO CUBIERTO,0.25 → 0.5,0.5
2791874,Mechelen,FCV Dender EH,0.25,2.75,COVER,1,1,0,13,0.25,27,CUBIERTO,0.5 → 0.25,CUBIERTO,-0.25 → 0.25,0.25
2915042,Kamboi Eagles FC,Luawa FC,0.25,1.75,COVER,1,1,-0.25,18,0.25,0,CUBIERTO,0.25 → 0.25,CUBIERTO,0.25 → 0.25,0.5
2914491,Abacha City,Freetonians SLIFA,0.25,1.75,NO_COVER,1,4,0.25,0,0,0,CUBIERTO,0.5 → 0.25,NO CUBIERTO,0 → 0.25,0.0
2915058,Binga,FC Diarra,0.25,1.75,COVER,1,1,0,9,0.5,-2,NO CUBIERTO,0.25 → 0.25,NO CUBIERTO,0.25 → 0.25,0.25
2915094,BST Galaxy,Banjul Hawks FC,0.25,1.75,COVER,2,0,0.25,0,0.25,34,CUBIERTO,0 → 0.25,CUBIERTO,0 → 0.25,0.0
2914901,Shabab Al Ahli,Al-Sharjah,0.5,2.5,NO_COVER,2,3,1.25,-19,0.5,10,CUBIERTO,0.5 → 0.5,CUBIERTO,0.5 → 0.5,-0.75
2861935,Al-Ahly,Sama Al Sarhan,0.5,2.25,COVER,2,1,-1,-40,0.5,0,CUBIERTO,0.25 → 0.5,CUBIERTO,-0.25 → 0.5,1.5
2842481,JS kabylie,ASO Chlef,0.75,2.25,COVER,2,1,0.5,27,0.75,-1,CUBIERTO,1.5 → 0.75,CUBIERTO,1.5 → 0.75,0.25
2884092,US Forces Armees,Vitesse Delft,0.5,1.75,COVER,1,0,0.25,23,0,11,NO CUBIERTO,-0.25 → 0.5,NO CUBIERTO,-0.25 → 0.5,0.25
2884097,ASFA-Yennega,Sally Tas,0.25,1.75,NO_COVER,0,2,0.25,10,0,30,NO CUBIERTO,0 → 0.25,NO CUBIERTO,0 → 0.25,0.0
2832106,Evesham United,Yate Town,0.25,2.75,NO_COVER,0,1,0,-5,1,-1,N/A,N/A,N/A,N/A,0.25
2870285,Heart of Lions,Medeama SC,0.5,2,NO_COVER,0,1,0.5,26,0.5,32,N/A,N/A,N/A,N/A,0.0
2815898,Pendikspor,Erokspor,0.25,2.5,COVER,0,0,0.5,15,0.25,-10,NO CUBIERTO,0.75 → 0.25,NO CUBIERTO,0.75 → 0.25,-0.25
2896748,Maccabi Tel Aviv,Hapoel Haifa,0.5,3,COVER,5,0,1,84,0,45,CUBIERTO,1.5 → 0.5,CUBIERTO,1.5 → 0.5,-0.5
2915187,AFC Dunstable,Enfield 1893,0.5,3,NO_COVER,0,3,0.25,16,1.75,28,N/A,N/A,N/A,N/A,0.25
2832105,Dorchester Town,Weymouth,0.5,2.75,NO_COVER,1,2,0.25,0,0.75,-12,NO CUBIERTO,-1 → 0.5,N/A,N/A,0.25
2915183,Ascot United,Hartley Wintney,0.25,3,COVER,0,0,0.5,22,0.5,32,CUBIERTO,-0.5 → 0.25,CUBIERTO,-0.5 → 0.25,-0.25
2912685,Talaea EI-Gaish,Kahraba Ismailia,0.25,1.75,COVER,1,1,-0.5,0,0.25,2,CUBIERTO,1.5 → 0.25,CUBIERTO,1.5 → 0.25,0.75
2870289,Vision FC,Nations FC,0.25,1.75,COVER,1,0,0.5,-5,0.5,27,NO CUBIERTO,0.75 → 0.25,NO CUBIERTO,0.75 → 0.25,-0.25
2843245,Real Bedford,St Ives Town,0.75,2.75,NO_COVER,1,3,0.5,0,0.5,0,N/A,N/A,NO CUBIERTO,0 → 0.75,0.25
2843249,Stratford Town,Alvechurch,0.5,2.5,COVER,2,1,0.5,0,0.5,4,CUBIERTO,0.25 → 0.5,CUBIERTO,0.5 → 0.5,0.0
2843243,Harborough Town,Kettering Town,0.75,2.75,COVER,4,2,1,-11,0.5,0,CUBIERTO,-0.25 → 0.75,CUBIERTO,0.25 → 0.75,-0.25
2832109,Hungerford Town,Berkhamsted Town,0.25,2.75,NO_COVER,0,3,0.25,29,0,0,N/A,N/A,N/A,N/A,0.0
2832108,Hanwell Town,Uxbridge,0.25,2.75,COVER,1,1,0.25,9,0.75,0,N/A,N/A,N/A,N/A,0.0
2829139,Whitehawk,lewes,0.25,2.75,COVER,2,0,0.5,18,0.75,19,CUBIERTO,0 → 0.25,CUBIERTO,0 → 0.25,-0.25
2829137,St Albans City,Wingate Finchley,0.5,3,COVER,2,0,0.5,34,0.25,13,N/A,N/A,N/A,N/A,0.0
2829132,Chatham Town,Dartford,0.75,2.75,NO_COVER,1,2,1.75,0,-0.5,0,NO CUBIERTO,0.25 → 0.75,NO CUBIERTO,0.25 → 0.75,-1.0
2829133,Cray Wanderers,Cray Valley Paper Mills,0.25,2.75,COVER,5,0,0.5,21,1.25,0,N/A,N/A,NO CUBIERTO,0.75 → 0.25,-0.25
2829131,Carshalton Athletic FC,Dulwich Hamlet,0.25,2.75,COVER,1,1,0.25,9,0.75,18,CUBIERTO,0.5 → 0.25,CUBIERTO,0.5 → 0.25,0.0
2828333,Hednesford Town,FC United of Manchester,0.5,2.25,COVER,1,1,0.5,-5,-0.25,42,NO CUBIERTO,0.25 → 0.5,NO CUBIERTO,0.25 → 0.5,0.0
2792411,East Kilbride,Clyde,0.5,3,COVER,1,1,1,-7,0.25,-3,NO CUBIERTO,-0.75 → 0.5,NO CUBIERTO,-0.5 → 0.5,-0.5
2792234,Peterhead,Cove Rangers,0.25,2.5,NO_COVER,0,4,1,6,-0.25,-7,CUBIERTO,0 → 0.25,CUBIERTO,-0.5 → 0.25,-0.75
2792231,Alloa Athletic,Stenhousemuir,0.25,2.25,COVER,0,0,0.25,-24,-0.25,-8,NO CUBIERTO,0.25 → 0.25,NO CUBIERTO,0.25 → 0.25,0.0
2792410,Dumbarton,Stirling Albion,0.5,2.75,NO_COVER,1,2,-0.75,-44,1.25,11,CUBIERTO,0 → 0.5,NO CUBIERTO,0 → 0.5,1.25
2792409,Annan Athletic,Stranraer,0.5,2.75,COVER,2,2,0.25,76,0.5,9,CUBIERTO,0.25 → 0.5,CUBIERTO,0 → 0.5,0.25
2792058,Raith Rovers,Dunfermline Athletic,0.25,2.25,NO_COVER,1,2,0.25,-5,-0.5,1,CUBIERTO,0 → 0.25,NO CUBIERTO,0 → 0.25,0.0
2791609,Glasgow Rangers,Motherwell,0.75,2.75,COVER,1,0,0.5,-6,-0.25,-20,NO CUBIERTO,2 → 0.75,NO CUBIERTO,-1.25 → 0.75,0.25
2791610,Saint Mirren,Kilmarnock,0.75,2.5,COVER,0,0,0.75,22,0.5,11,CUBIERTO,0.25 → 0.75,NO CUBIERTO,0 → 0.75,0.0
2788692,Senegal,Democratic Rep Congo,0.75,2.25,COVER,1,1,1.5,46,0.5,5,NO CUBIERTO,1 → 0.75,CUBIERTO,-0.25 → 0.75,-0.75
2789300,Brentford,AFC Bournemouth,0.25,2.75,COVER,4,1,0.5,-10,0.5,3,CUBIERTO,0 → 0.25,CUBIERTO,0.5 → 0.25,-0.25
2915046,Hapoel Beer Sheva U19,Beitar Jerusalem Oren U19,0.5,3,COVER,3,2,1.75,5,0.75,37,NO CUBIERTO,0.75 → 0.5,CUBIERTO,0 → 0.5,-1.25
2824045,Caernarfon,Colwyn Bay,0.5,3,NO_COVER,1,2,0.75,2,0.75,-21,CUBIERTO,1.25 → 0.5,NO CUBIERTO,0 → 0.5,-0.25
2839577,Sampdoria,A.C. Reggiana 1919,0.5,2.25,COVER,2,1,0.25,21,0,36,NO CUBIERTO,0.75 → 0.5,NO CUBIERTO,0 → 0.5,0.25
2839574,Juve Stabia,SudTirol,0.25,2,COVER,1,0,0.25,3,0.25,-45,CUBIERTO,0.25 → 0.25,NO CUBIERTO,0 → 0.25,0.0
2839571,Carrarese,Mantova,0.25,2.5,COVER,0,0,0,-2,0.75,10,NO CUBIERTO,0.25 → 0.25,NO CUBIERTO,0.25 → 0.25,0.25
2784650,Torino,Cagliari,0.5,2.25,NO_COVER,1,2,0.5,-3,1.25,15,CUBIERTO,0.5 → 0.5,CUBIERTO,0.5 → 0.5,0.0
2908179,Sepahan,Chadormalou Ardakan,0.5,2,COVER,1,0,1,36,-0.25,0,CUBIERTO,1.5 → 0.5,CUBIERTO,-0.75 → 0.5,-0.5
2915090,Bowers Pitsea,Concord Rangers,0.5,2.75,COVER,4,2,0.5,2,0.25,-10,NO CUBIERTO,-1 → 0.5,NO CUBIERTO,-1 → 0.5,0.0
2915181,Kiyovu FC,Amagaju,0.25,2,COVER,0,0,0.5,25,1,-7,NO CUBIERTO,0.25 → 0.25,NO CUBIERTO,0.25 → 0.25,-0.25
2902940,MC Saida,WA Mostaganem,0.25,2,COVER,2,0,0.5,21,0.75,-1,NO CUBIERTO,0.5 → 0.25,NO CUBIERTO,0.5 → 0.25,-0.25
2902942,US Bechar Djedid,RC Arba,0.5,2,NO_COVER,1,2,0,13,0.75,24,N/A,N/A,NO CUBIERTO,0.75 → 0.5,0.5
2902937,CRB Adrar,JS Tixeraine,0.75,2,COVER,3,3,0.75,24,1.75,51,N/A,N/A,N/A,N/A,0.0
2902938,ESM Kolea,WA Tlemcen,0.5,1.75,COVER,3,2,0,16,0,13,N/A,N/A,N/A,N/A,0.5
2902936,CRB Temouchent,JSM Tiaret,0.75,2,COVER,2,1,0.5,30,1,35,NO CUBIERTO,1 → 0.75,NO CUBIERTO,0.75 → 0.75,0.25
2842483,Paradou AC,MB Rouissat,0.25,2,COVER,1,0,0.75,-6,1,20,N/A,N/A,N/A,N/A,-0.5
2915172,Young Tigress (W),KL Rangers FC (W),0.5,3,NO_COVER,0,2,0,5,0.75,1,N/A,N/A,N/A,N/A,0.5
2915081,Modern Sport FC (W),Ahli Bank (W),0.75,3.5,COVER,3,2,4.25,34,-2.25,-9,N/A,N/A,N/A,N/A,-3.5
2903846,Future FC,Olympic El Qanal,0.5,2,COVER,0,0,0.25,2,0,12,NO CUBIERTO,0.25 → 0.5,NO CUBIERTO,0.25 → 0.5,0.25
2885829,Al-Qalah,Hajer,0.25,2.25,COVER,0,0,5.25,29,0.5,-4,N/A,N/A,N/A,N/A,-5.0
2788693,Benin,Botswana,0.5,2.25,COVER,1,0,0.5,5,1.5,46,N/A,N/A,N/A,N/A,0.0
2915045,Maccabi Haifa U19,Maccabi Netanya U19,0.75,3.25,COVER,1,1,1.75,35,-1,0,CUBIERTO,0.5 → 0.75,NO CUBIERTO,-1.5 → 0.75,-1.0
2791877,Royal Antwerp,Zulte-Waregem,0.5,2.5,COVER,2,1,-0.25,21,1.5,-12,N/A,N/A,NO CUBIERTO,0 → 0.5,0.75
2882272,Bashundhara Kings,Abahani Limited,0.75,2.5,COVER,2,2,0.75,-8,-1.5,-24,CUBIERTO,0.75 → 0.75,CUBIERTO,0.75 → 0.75,0.0
2839578,Spezia,Pescara,0.75,2.5,COVER,2,1,-0.25,-7,0.75,38,CUBIERTO,0.75 → 0.75,CUBIERTO,0.75 → 0.75,1.0
2818956,Ankaraspor FK,S.Urfaspor,0.25,2.25,COVER,2,1,1.5,7,0,11,CUBIERTO,-0.5 → 0.25,CUBIERTO,-0.5 → 0.25,-1.25
2915051,Maccabi Ahva Shaab,Hapoel Bnei Biina,0.25,3,COVER,2,2,1,24,1,-14,NO CUBIERTO,-1.5 → 0.25,NO CUBIERTO,0.5 → 0.25,-0.75
2915047,Maccabi Petach Tikva U19,Bnei Yehuda Tel Aviv U19,0.75,2.75,COVER,3,3,1.75,32,0.25,2,NO CUBIERTO,1 → 0.75,CUBIERTO,0.25 → 0.75,-1.0
2915156,Sethu FC (W),Kerala (W),0.25,2.75,COVER,1,1,-1,-69,-1,-2,N/A,N/A,N/A,N/A,1.25
2815902,Sivasspor,Bandirmaspor,0.25,2.5,COVER,2,0,0.25,-1,0.75,13,CUBIERTO,1.25 → 0.25,CUBIERTO,-0.25 → 0.25,0.0
2914936,Ironi Nesher U19,Hapoel Afula U19,0.25,3,COVER,2,1,0,-4,1.5,22,NO CUBIERTO,0 → 0.25,NO CUBIERTO,0 → 0.25,0.25
2882271,PWD Sports Club,Fakirapool Young Mens Club,0.75,2.5,NO_COVER,1,2,-0.5,-19,1.5,8,NO CUBIERTO,1.25 → 0.75,N/A,N/A,1.25
2871705,Adelaide United,Western Sydney,0.25,3,COVER,3,2,0.75,14,-0.5,-52,CUBIERTO,0.25 → 0.25,CUBIERTO,0.25 → 0.25,-0.5
2915161,Persekabpas Pasuruan,Persebata Lembata,0.75,2,NO_COVER,1,3,1,-104,0.25,4,N/A,N/A,CUBIERTO,-1 → 0.75,-0.25
2826212,Persik Kediri,Persis Solo FC,0.5,2.5,COVER,2,1,0.75,-9,0.75,-6,NO CUBIERTO,0.5 → 0.5,NO CUBIERTO,0.5 → 0.5,-0.25
2915164,PVF-CAND U19,T T Hanoi U19,0.25,2.75,COVER,2,1,3.75,94,-0.5,-11,CUBIERTO,-0.5 → 0.25,CUBIERTO,-0.5 → 0.25,-3.5
2872067,Adelaide United (W),WS Wanderers (W),0.75,2.75,COVER,5,2,0.5,-2,0.25,-16,CUBIERTO,0.75 → 0.75,CUBIERTO,0.75 → 0.75,0.25
2903856,Persipura Jayapura,Persela Lamongan,0.5,2,COVER,2,0,1.25,10,-0.5,-15,NO CUBIERTO,-0.25 → 0.5,CUBIERTO,0.75 → 0.5,-0.75
2915062,Portmore United,Dunbeholden FC,0.75,2,COVER,0,0,-0.25,-7,0.75,-4,NO CUBIERTO,1 → 0.75,CUBIERTO,-0.25 → 0.75,1.0
2915065,Waterhouse FC,Molynes United,0.75,2.5,NO_COVER,0,2,0,30,0.75,-8,NO CUBIERTO,0.75 → 0.75,CUBIERTO,-0.5 → 0.75,0.75
2788704,Ivory Coast,Cameroon,0.25,2,COVER,1,1,1,30,0.5,7,N/A,N/A,N/A,N/A,-0.75
2788698,Algeria,Burkina Faso,0.5,2.25,COVER,1,0,1.25,32,0.25,33,NO CUBIERTO,0.75 → 0.5,NO CUBIERTO,0.75 → 0.5,-0.75
2784643,Bologna,Sassuolo,0.75,2.5,COVER,1,1,0,-4,1.25,15,CUBIERTO,0.5 → 0.75,CUBIERTO,0.5 → 0.75,0.75
2914913,Ajel de Rufisque,ASC Wally Daan,0.5,1.5,COVER,0,0,0.25,7,-0.25,-19,CUBIERTO,0 → 0.5,CUBIERTO,0.25 → 0.5,0.25
2789303,Crystal Palace,Tottenham Hotspur,0.25,2.5,NO_COVER,0,1,-0.5,14,0.25,15,CUBIERTO,-0.25 → 0.25,CUBIERTO,0.25 → 0.25,0.75
2915204,Brikama United,Gambia Ports Authority,0.25,2,NO_COVER,0,1,0.25,26,0.25,7,CUBIERTO,0 → 0.25,CUBIERTO,-0.25 → 0.25,0.0
2915206,Gambian Dutch Lions,Falcons FC,0.25,2,COVER,2,0,0.25,-34,0.25,0,NO CUBIERTO,-0.25 → 0.25,NO CUBIERTO,0.5 → 0.25,0.0
2915145,USFAS Bamako,AS Korofina,0.25,2,COVER,1,1,0.5,-2,1,0,CUBIERTO,0.25 → 0.25,NO CUBIERTO,-0.75 → 0.25,-0.25
2912501,Al Shabab(OMA),Dhufar,0.25,2.25,NO_COVER,0,1,0.25,-31,-1,-20,NO CUBIERTO,0.75 → 0.25,NO CUBIERTO,0.75 → 0.25,0.0
2861937,Al Faisaly Amman,Al Wehdat SC,0.5,2.25,COVER,1,0,2,33,-0.25,9,CUBIERTO,0.25 → 0.5,CUBIERTO,0.5 → 0.5,-1.5
2815895,Amedspor,76 Igdir Belediye spor,0.5,2.75,COVER,3,0,0.75,13,0.5,15,NO CUBIERTO,0.25 → 0.5,NO CUBIERTO,0.25 → 0.5,-0.25
2915477,Entente 2,Tambo FC,0.25,1.75,COVER,0,0,0,-16,0.25,0,NO CUBIERTO,0.25 → 0.25,NO CUBIERTO,0.25 → 0.25,0.25
2915151,Unisport de Sokode,AS OTR,0.5,1.75,COVER,2,1,0.25,0,-0.5,0,N/A,N/A,NO CUBIERTO,0.5 → 0.5,0.25
2915152,Gbohloesu,AC Semassi,0.25,1.75,COVER,0,0,0.5,0,0.5,-11,NO CUBIERTO,0.25 → 0.25,NO CUBIERTO,0.25 → 0.25,-0.25
2912072,Al Zawraa,AL Minaa,0.5,2.25,COVER,2,0,1,24,0.5,-17,CUBIERTO,1.5 → 0.5,CUBIERTO,1.5 → 0.5,-0.5
2859860,Kun Khalifat FC,Katsina United,0.5,1.75,NO_COVER,0,1,0.5,0,1.5,74,N/A,N/A,N/A,N/A,0.0
2788699,Equatorial Guinea,Sudan,0.25,2,NO_COVER,0,1,0.25,33,1.25,32,CUBIERTO,0.25 → 0.25,CUBIERTO,0.5 → 0.25,0.0
2914987,Musanze FC,Gorilla FC,0.25,1.75,NO_COVER,0,1,0.5,-67,0,22,CUBIERTO,0 → 0.25,NO CUBIERTO,0.5 → 0.25,-0.25
2908180,Esteghlal Tehran,Gol Gohar FC,0.5,1.75,NO_COVER,0,1,0.75,25,-0.25,-44,NO CUBIERTO,0.25 → 0.5,NO CUBIERTO,0 → 0.5,-0.25
2912500,Bahla,Sur Club,0.5,2.25,NO_COVER,1,2,0.5,0,-0.25,1,CUBIERTO,0.5 → 0.5,CUBIERTO,0.5 → 0.5,0.0
2815896,Erzurum BB,Corum Belediyespor,0.25,2.25,COVER,1,0,0,21,0.25,-1,NO CUBIERTO,0.25 → 0.25,NO CUBIERTO,0.25 → 0.25,0.25
2915139,Bnei Sakhnin U19,SC Kiryat Yam U19,0.25,2.75,NO_COVER,0,4,1.5,22,0,9,N/A,N/A,N/A,N/A,-1.25
2915080,Nekemte Ketema,Akaki Kality,0.5,2,COVER,3,3,-0.5,-10,0.25,-7,N/A,N/A,NO CUBIERTO,-0.25 → 0.5,1.0
2912687,NBE SC,Enppi,0.5,2,COVER,0,0,0.75,2,0,17,CUBIERTO,0.25 → 0.5,CUBIERTO,-0.5 → 0.5,-0.25
2788705,Gabon,Mozambique,0.5,2,NO_COVER,2,3,0.5,7,1,30,CUBIERTO,1 → 0.5,CUBIERTO,1 → 0.5,0.0
2818957,Beykozspor 1908,Karaman Belediyespor,0.5,2.25,COVER,2,0,-1,15,1.75,60,N/A,N/A,N/A,N/A,1.5
2826213,Madura United,Semen Padang,0.25,2.25,COVER,5,1,-1,-5,0.75,-9,NO CUBIERTO,0.5 → 0.25,NO CUBIERTO,0 → 0.25,1.25
2915150,Al Hashd Al Shade,Al Fahad,0.25,2.25,COVER,0,0,0.25,-8,0.5,51,N/A,N/A,N/A,N/A,0.0
2915478,Sakarya Yenikent Gunesspor (W),Telsizspor (W),0.75,3.5,COVER,0,0,-0.25,-14,2.75,45,N/A,N/A,N/A,N/A,1.0
2813592,Viseu,SL Benfica B,0.75,2.5,NO_COVER,1,2,0.25,-13,0.5,4,N/A,N/A,N/A,N/A,0.5
2818961,Iskenderun FK,Ankaragucu,0.25,2.25,COVER,4,2,0.25,41,0.25,0,N/A,N/A,NO CUBIERTO,1.5 → 0.25,0.0
2915480,St Josephs,Sai Kung,0.5,3,NO_COVER,0,2,-0.75,-45,-0.75,-27,N/A,N/A,N/A,N/A,1.25
2826216,Persebaya Surabaya,Persijap Jepara,0.5,2.5,COVER,4,0,-0.25,-8,-0.5,9,CUBIERTO,1 → 0.5,NO CUBIERTO,0.25 → 0.5,0.75
2869030,Gospel Friends FC,Wan Chai,0.75,3,NO_COVER,1,4,-0.5,7,-1.5,7,CUBIERTO,0.25 → 0.75,CUBIERTO,-0.75 → 0.75,1.25
2915066,Tivoli Gardens FC,Chapelton Maroons FC,0.5,2.25,COVER,2,0,0,-14,0.25,4,NO CUBIERTO,0.5 → 0.5,NO CUBIERTO,-0.5 → 0.5,0.5
2915536,North Ferriby United,Lincoln United,0.75,2.5,COVER,2,0,0.75,20,0.25,-7,N/A,N/A,N/A,N/A,0.0
2798283,Birmingham City,Southampton,0.25,2.75,COVER,1,1,0.75,80,-0.5,-11,NO CUBIERTO,-0.5 → 0.25,NO CUBIERTO,0.25 → 0.25,-0.5
2820873,Chelmsford City,Dagenham Redbridge,0.25,2.5,NO_COVER,1,4,0,-10,-0.25,0,CUBIERTO,-0.5 → 0.25,N/A,N/A,0.25
2798832,Salford City,Fleetwood Town,0.75,2.75,COVER,0,0,1.25,47,0.25,-16,NO CUBIERTO,0.25 → 0.75,NO CUBIERTO,-0.25 → 0.75,-0.5
2798834,Walsall,Oldham Athletic,0.5,2.25,NO_COVER,1,2,0.25,-11,0.5,18,CUBIERTO,0.5 → 0.5,CUBIERTO,0 → 0.5,0.25
2798833,Tranmere Rovers,Barrow,0.5,2.5,NO_COVER,1,3,0.25,-16,0.5,13,NO CUBIERTO,0 → 0.5,CUBIERTO,0 → 0.5,0.25
2798830,Grimsby Town,Shrewsbury Town,0.75,2.5,COVER,1,0,0.5,18,0,-27,CUBIERTO,0.25 → 0.75,NO CUBIERTO,0 → 0.75,0.25
2798831,Milton Keynes Dons,Notts County,0.5,2.5,COVER,1,1,0.25,2,0.25,26,NO CUBIERTO,0.5 → 0.5,NO CUBIERTO,0 → 0.5,0.25
2798824,Accrington Stanley,Harrogate Town,0.75,2.5,COVER,1,0,0.5,13,1.25,47,NO CUBIERTO,0.25 → 0.75,CUBIERTO,-0.25 → 0.75,0.25
2798294,Wrexham,Preston North End,0.25,2.25,COVER,2,1,0,18,0.5,1,NO CUBIERTO,-0.5 → 0.25,NO CUBIERTO,0.25 → 0.25,0.25
2798286,Middlesbrough,Hull City,0.75,2.75,NO_COVER,0,1,0.5,-25,-0.25,-11,CUBIERTO,1 → 0.75,CUBIERTO,-0.25 → 0.75,0.25
2798292,West Bromwich(WBA),Queens Park Rangers (QPR),0.25,2.5,COVER,2,1,0.25,18,-0.25,38,CUBIERTO,0.75 → 0.25,NO CUBIERTO,0 → 0.25,0.0
2798289,Portsmouth,Charlton Athletic,0.25,2.25,COVER,2,1,-0.25,38,0.25,18,NO CUBIERTO,0.5 → 0.25,N/A,N/A,0.5
2798285,Leicester City,Derby County,0.5,2.25,COVER,2,1,0.25,16,0.75,80,NO CUBIERTO,0.75 → 0.5,CUBIERTO,-0.25 → 0.5,0.25
2797730,Cardiff City,Stevenage Borough,0.75,2.25,COVER,2,1,1,37,0,-5,N/A,N/A,CUBIERTO,-0.25 → 0.75,-0.25
2797726,Luton Town,Leyton Orient,0.5,2.5,COVER,3,0,0.25,-6,0.25,-1,NO CUBIERTO,2 → 0.5,NO CUBIERTO,0 → 0.5,0.25
2797721,Blackpool,Rotherham United,0.5,2.25,COVER,4,0,0.25,14,1.25,24,NO CUBIERTO,0.25 → 0.5,CUBIERTO,0.25 → 0.5,0.25
2797729,Stockport County,Doncaster Rovers,0.5,2.75,COVER,4,2,0.25,-25,0.25,14,CUBIERTO,1 → 0.5,CUBIERTO,0 → 0.5,0.25
2797727,Peterborough United,Reading,0.25,2.75,COVER,1,1,0.25,-1,0,-11,NO CUBIERTO,0.5 → 0.25,CUBIERTO,0.25 → 0.25,0.0
2797725,Huddersfield Town,Northampton Town,0.75,2.25,COVER,2,0,0.5,-8,0.25,-13,NO CUBIERTO,1.25 → 0.75,NO CUBIERTO,-0.25 → 0.75,0.25
2797723,Bradford City,Port Vale,0.5,2.5,COVER,1,0,0.5,54,0.5,-8,CUBIERTO,0.25 → 0.5,NO CUBIERTO,0 → 0.5,0.0
2797719,AFC Wimbledon,Exeter City,0.25,2,NO_COVER,0,1,0,-5,1,37,CUBIERTO,0.25 → 0.25,NO CUBIERTO,0 → 0.25,0.25
2784649,AS Roma,Genoa,0.75,2,COVER,3,1,0.25,23,0.25,28,CUBIERTO,0.75 → 0.75,CUBIERTO,0.75 → 0.75,0.5
2798284,Coventry City,Ipswich Town,0.25,2.5,NO_COVER,0,2,1,23,-0.5,-22,NO CUBIERTO,-0.5 → 0.25,NO CUBIERTO,0.25 → 0.25,-0.75
2914915,Generation Foot,Pikine,0.25,1.5,COVER,0,0,0.25,-7,0.5,-21,CUBIERTO,0.5 → 0.25,CUBIERTO,0.5 → 0.25,0.0
2870769,Ashdod Panthers (W),Ironi Ramat Hasharon (W),0.25,3.25,COVER,1,1,-4.75,-17,5.25,62,N/A,N/A,N/A,N/A,5.0
2870771,Maccabi Hadera (W),AS Tel Aviv University (W),0.25,2.75,COVER,0,0,3.25,24,0.75,9,CUBIERTO,0 → 0.25,NO CUBIERTO,0 → 0.25,-3.0
2915532,Medina United FC,Team Rhino FC,0.25,2,COVER,2,1,0.25,7,0.25,-5,N/A,N/A,N/A,N/A,0.0
2806155,Al-Ahli Doha,Umm Salal,0.5,3.25,NO_COVER,0,3,-0.5,-2,0.5,-26,NO CUBIERTO,0.5 → 0.5,NO CUBIERTO,0.5 → 0.5,1.0
2915530,AS Pompier,ASC Snim,0.75,2,COVER,1,1,0.5,-13,0.25,-13,CUBIERTO,0.5 → 0.75,CUBIERTO,0.5 → 0.75,0.25
2842480,MC Oran,CR Belouizdad,0.25,1.75,COVER,1,1,0.75,18,0.75,21,NO CUBIERTO,0.25 → 0.25,NO CUBIERTO,1.5 → 0.25,-0.5
2901964,Al-Dhafra,Banni Yas,0.25,2.75,NO_COVER,0,2,-0.25,-6,1,76,NO CUBIERTO,-0.5 → 0.25,NO CUBIERTO,-0.5 → 0.25,0.5
2884096,Rahimo FC,AS Douanes Ouagadougou,0.75,1.75,COVER,2,0,0.5,-8,0,-12,NO CUBIERTO,0.25 → 0.75,NO CUBIERTO,0.25 → 0.75,0.25
2916103,Fufuni,Mwembe Makumbi City FC,0.5,2,COVER,1,1,2.25,25,-1.25,-13,N/A,N/A,N/A,N/A,-1.75
2915553,Mensajero U19,Puertos Las Palmas U19,0.5,2.75,COVER,2,2,-0.5,6,0.25,-33,N/A,N/A,N/A,N/A,1.0
2915561,Banni Yas U19,Sharjah SCC U19,0.5,3.5,COVER,1,0,-0.5,-3,0.5,25,NO CUBIERTO,0 → 0.5,CUBIERTO,0.75 → 0.5,1.0
2852156,Al-Khaleej,Al-Fateh,0.25,3,NO_COVER,0,1,-0.5,-3,2.5,50,NO CUBIERTO,0 → 0.25,NO CUBIERTO,0 → 0.25,0.75
2842478,ES Mostaganem,ES Ben Aknoun,0.5,2,NO_COVER,0,1,-0.75,-7,1.25,16,NO CUBIERTO,0.75 → 0.5,NO CUBIERTO,0.5 → 0.5,1.25
2914890,Khor Fakkan U23,Al Wahda Abu Dhabi U23,0.25,2.5,NO_COVER,0,2,0,-11,0,16,NO CUBIERTO,-0.5 → 0.25,NO CUBIERTO,-0.5 → 0.25,0.25
2914888,Al Wasl U23,Dibba Al Hisn U23,0.5,3.25,COVER,2,0,1.25,57,0.25,12,NO CUBIERTO,1 → 0.5,NO CUBIERTO,1 → 0.5,-0.75
2890630,Wolaita Dicha,Arba Minch,0.25,1.75,COVER,0,0,0,30,0.25,-49,CUBIERTO,0 → 0.25,CUBIERTO,0 → 0.25,0.25
2903865,Sumsel United,FC Bekasi City,0.25,2.25,COVER,2,1,0.25,39,-0.25,13,N/A,N/A,NO CUBIERTO,0.25 → 0.25,0.0
2826210,PSIM Yogyakarta,PSBS Biak,0.75,2.5,COVER,2,2,0,10,1.5,29,CUBIERTO,1.25 → 0.75,NO CUBIERTO,0.5 → 0.75,0.75
2915542,Persitara Jakarta Utara,Tri Brata Rafflesia FC,0.5,2.25,COVER,4,1,0.5,-25,0.75,-3,N/A,N/A,CUBIERTO,-0.25 → 0.5,0.0
2915541,Perseden Denpasar,Persiba Bantul,0.25,2.25,NO_COVER,1,2,0,23,-1,-18,N/A,N/A,NO CUBIERTO,-0.5 → 0.25,0.25
2915033,Nib FC,Shashemene Kenema FC,0.25,2,COVER,1,0,0.25,0,0,0,N/A,N/A,NO CUBIERTO,0.25 → 0.25,0.0
2871707,Melbourne Victory,Wellington Phoenix,0.75,2.75,COVER,5,1,0,-1,1.25,15,CUBIERTO,0.5 → 0.75,CUBIERTO,-0.5 → 0.75,0.75
2598716,Barnsley,Mansfield Town,0.5,2.5,NO_COVER,1,2,-0.25,19,-1.25,9,N/A,N/A,N/A,N/A,0.75
2598725,Stockport County,Cambridge United,0.5,2.5,COVER,2,0,0,-10,0.25,14,NO CUBIERTO,0 → 0.5,NO CUBIERTO,0.75 → 0.5,0.5
2598723,Peterborough United,Huddersfield Town,0.5,2.75,NO_COVER,0,2,0.25,63,0,4,NO CUBIERTO,-0.25 → 0.5,NO CUBIERTO,1 → 0.5,0.25
2598718,Bristol Rovers,Northampton Town,0.5,2.5,COVER,1,0,-0.75,-1,1,0,CUBIERTO,0.5 → 0.5,NO CUBIERTO,0 → 0.5,1.25
2598724,Stevenage Borough,Shrewsbury Town,0.5,2.25,COVER,1,0,0,4,0.5,-3,CUBIERTO,0 → 0.5,CUBIERTO,-0.5 → 0.5,0.5
2598727,Wrexham,Wycombe Wanderers,0.5,2.75,COVER,3,2,1.25,26,0,-14,NO CUBIERTO,0 → 0.5,NO CUBIERTO,0.75 → 0.5,-0.75
2598730,Cambridge United,Crawley Town,0.5,2.5,NO_COVER,0,1,0,-14,-0.75,-3,CUBIERTO,0.25 → 0.5,CUBIERTO,0.25 → 0.5,0.5
2598731,Charlton Athletic,Leyton Orient,0.5,2.5,COVER,1,0,0.5,-3,0,35,CUBIERTO,0.25 → 0.5,NO CUBIERTO,0 → 0.5,0.0
2598732,Huddersfield Town,Stevenage Borough,0.75,2.25,COVER,2,1,1,54,0.5,23,CUBIERTO,0.75 → 0.75,NO CUBIERTO,0.25 → 0.75,-0.25
2598737,Rotherham United,Bristol Rovers,0.5,2.5,COVER,0,0,1,67,0.25,6,CUBIERTO,1 → 0.5,CUBIERTO,1 → 0.5,-0.5
2598729,Bolton Wanderers,Wrexham,0.5,2.5,COVER,0,0,0.5,37,1,17,N/A,N/A,N/A,N/A,0.0
2598734,Mansfield Town,Burton Albion,0.5,2.5,COVER,3,3,-0.25,9,-0.25,-16,NO CUBIERTO,0 → 0.5,NO CUBIERTO,0.75 → 0.5,0.75
2598733,Lincoln City,Barnsley,0.25,2.5,NO_COVER,1,2,0.25,-8,0.75,-3,NO CUBIERTO,0 → 0.25,CUBIERTO,0.5 → 0.25,0.0
2598736,Reading,Wigan Athletic,0.25,2.5,COVER,2,0,0,2,1,41,CUBIERTO,0.25 → 0.25,NO CUBIERTO,0 → 0.25,0.25
2598748,Stockport County,Bristol Rovers,0.25,2.5,COVER,2,0,0.5,11,0.5,62,NO CUBIERTO,0 → 0.25,NO CUBIERTO,1 → 0.25,-0.25
2598728,Blackpool,Stockport County,0.25,2.5,NO_COVER,0,3,0.25,7,0,8,N/A,N/A,CUBIERTO,-0.25 → 0.25,0.0
2598750,Wrexham,Reading,0.5,2.75,COVER,3,0,0.5,-7,1,39,N/A,N/A,N/A,N/A,0.0
2598749,Wigan Athletic,Crawley Town,0.5,2.5,COVER,1,0,0,13,0.5,-17,CUBIERTO,1.5 → 0.5,CUBIERTO,1.5 → 0.5,0.5
2598751,Wycombe Wanderers,Rotherham United,0.25,2.25,COVER,2,0,-0.5,-25,-0.25,-13,NO CUBIERTO,0 → 0.25,NO CUBIERTO,0 → 0.25,0.75
2598740,Barnsley,Northampton Town,0.75,2.75,COVER,2,2,0.5,1,0.5,7,NO CUBIERTO,1 → 0.75,NO CUBIERTO,1 → 0.75,0.25
2598753,Blackpool,Wycombe Wanderers,0.5,2.5,COVER,2,2,0.25,17,0.5,-7,NO CUBIERTO,0.5 → 0.5,NO CUBIERTO,0.5 → 0.5,0.25
2598755,Bristol Rovers,Cambridge United,0.5,2.5,COVER,2,0,0.5,7,0.5,11,CUBIERTO,0.25 → 0.5,CUBIERTO,0.25 → 0.5,0.0
2598760,Reading,Charlton Athletic,0.25,2.5,COVER,2,0,0.25,4,0,13,CUBIERTO,0.25 → 0.25,CUBIERTO,0.25 → 0.25,0.0
2598759,Peterborough United,Wrexham,0.25,3,NO_COVER,0,2,0.5,-31,0.5,12,NO CUBIERTO,1 → 0.25,CUBIERTO,-0.5 → 0.25,-0.25
2598758,Northampton Town,Burton Albion,0.25,2.5,COVER,0,0,0,-10,0.5,23,CUBIERTO,0.25 → 0.25,CUBIERTO,0 → 0.25,0.25
2598764,Barnsley,Bristol Rovers,0.75,2.75,COVER,2,1,0.75,-4,0.25,-1,CUBIERTO,0.5 → 0.75,CUBIERTO,0.5 → 0.75,0.0
2598763,Stevenage Borough,Lincoln City,0.25,2.25,NO_COVER,0,1,0.5,-5,0,-9,CUBIERTO,0.5 → 0.25,NO CUBIERTO,0 → 0.25,-0.25
2598773,Wigan Athletic,Stevenage Borough,0.25,2.25,COVER,0,0,0.5,-35,0,29,NO CUBIERTO,-0.25 → 0.25,NO CUBIERTO,-0.25 → 0.25,-0.25
2598772,Stockport County,Reading,0.5,2.5,COVER,4,1,1,33,0.25,7,N/A,N/A,N/A,N/A,-0.5
2598767,Charlton Athletic,Rotherham United,0.25,2.5,COVER,1,1,-0.25,-10,0.25,-23,NO CUBIERTO,-0.25 → 0.25,CUBIERTO,1 → 0.25,0.5
2598771,Lincoln City,Northampton Town,0.5,2.5,COVER,2,1,0,2,1,33,NO CUBIERTO,0.25 → 0.5,NO CUBIERTO,0.25 → 0.5,0.5
2598769,Huddersfield Town,Blackpool,0.5,2.75,NO_COVER,0,2,1.25,33,0.25,17,NO CUBIERTO,0 → 0.5,NO CUBIERTO,0.25 → 0.5,-0.75
2598765,Burton Albion,Crawley Town,0.25,2.5,COVER,0,0,-0.5,-49,0.5,1,NO CUBIERTO,-0.5 → 0.25,NO CUBIERTO,-0.5 → 0.25,0.75
2598775,Wycombe Wanderers,Mansfield Town,0.75,2.75,COVER,1,0,0.5,1,0.5,-17,NO CUBIERTO,0 → 0.75,NO CUBIERTO,0 → 0.75,0.25
2598781,Mansfield Town,Cambridge United,0.5,2.75,COVER,2,1,0,-18,0.5,5,NO CUBIERTO,0.25 → 0.5,NO CUBIERTO,0.25 → 0.5,0.5
2598784,Reading,Leyton Orient,0.25,2.5,NO_COVER,0,1,0.25,-9,0,11,NO CUBIERTO,0 → 0.25,NO CUBIERTO,0 → 0.25,0.0
2598783,Peterborough United,Lincoln City,0.25,2.5,COVER,1,1,0.25,13,0.25,16,CUBIERTO,0.5 → 0.25,NO CUBIERTO,-0.75 → 0.25,0.0
2598785,Rotherham United,Burton Albion,0.75,2.5,COVER,2,2,0,40,0.25,22,CUBIERTO,1 → 0.75,NO CUBIERTO,-0.75 → 0.75,0.75
2598778,Bolton Wanderers,Huddersfield Town,0.25,2.5,NO_COVER,0,4,1,39,0,40,NO CUBIERTO,-0.25 → 0.25,NO CUBIERTO,-0.25 → 0.25,-0.75
2598779,Bristol Rovers,Wigan Athletic,0.25,2.5,NO_COVER,0,4,0.5,5,1.25,30,CUBIERTO,0.25 → 0.25,NO CUBIERTO,0.25 → 0.25,-0.25
2598776,Birmingham City,Wrexham,0.5,2.5,COVER,3,1,1.25,30,0.25,13,NO CUBIERTO,1.25 → 0.5,NO CUBIERTO,1.25 → 0.5,-0.75
2598793,Lincoln City,Wigan Athletic,0.5,2.25,COVER,0,0,0,-7,0.25,-2,NO CUBIERTO,0.75 → 0.5,NO CUBIERTO,0.75 → 0.5,0.5
2598794,Mansfield Town,Shrewsbury Town,0.75,2.5,COVER,2,1,0.5,8,1.25,4,NO CUBIERTO,-0.5 → 0.75,NO CUBIERTO,0.5 → 0.75,0.25
2598795,Peterborough United,Bristol Rovers,0.75,3,COVER,3,2,0.25,8,0.75,23,CUBIERTO,0.5 → 0.75,CUBIERTO,-0.75 → 0.75,0.5
2598799,Wycombe Wanderers,Cambridge United,0.75,2.5,COVER,2,1,0.25,-23,0.5,8,NO CUBIERTO,0.5 → 0.75,NO CUBIERTO,0 → 0.75,0.5
2598788,Bolton Wanderers,Reading,0.75,2.75,COVER,5,2,0.25,-3,0.5,-46,CUBIERTO,0.75 → 0.75,CUBIERTO,0.75 → 0.75,0.5
2598790,Charlton Athletic,Blackpool,0.25,2.5,NO_COVER,1,2,0.25,19,-0.5,-25,NO CUBIERTO,0 → 0.25,NO CUBIERTO,0.75 → 0.25,0.0
2598810,Stevenage Borough,Charlton Athletic,0.25,2.25,COVER,1,0,0,-3,-0.5,10,NO CUBIERTO,0.25 → 0.25,NO CUBIERTO,0 → 0.25,0.25
2598811,Wigan Athletic,Exeter City,0.25,2.5,COVER,0,0,0.25,12,1,39,NO CUBIERTO,0.5 → 0.25,NO CUBIERTO,0.5 → 0.25,0.0
2598800,Barnsley,Stockport County,0.25,2.75,COVER,1,1,0.75,23,-0.5,14,N/A,N/A,NO CUBIERTO,-0.25 → 0.25,-0.5
2598812,Barnsley,Wycombe Wanderers,0.25,2.75,COVER,2,2,0.25,-15,0,-35,CUBIERTO,0.5 → 0.25,CUBIERTO,0 → 0.25,0.0
2598814,Blackpool,Lincoln City,0.5,2.5,COVER,1,1,1,20,-0.25,9,CUBIERTO,0.75 → 0.5,CUBIERTO,0.75 → 0.5,-0.5
2598818,Leyton Orient,Exeter City,0.5,2.5,NO_COVER,0,1,0,7,0.25,7,NO CUBIERTO,0.75 → 0.5,NO CUBIERTO,0.75 → 0.5,0.5
2598813,Birmingham City,Huddersfield Town,0.5,2.75,COVER,1,0,1,33,0,-28,CUBIERTO,0.5 → 0.5,NO CUBIERTO,0.25 → 0.5,-0.5
2598823,Reading,Burton Albion,0.75,2.75,COVER,3,1,0,-28,1,20,NO CUBIERTO,0.5 → 0.75,NO CUBIERTO,-0.25 → 0.75,0.75
2598828,Huddersfield Town,Barnsley,0.5,2.75,COVER,2,0,0.5,17,-0.5,-4,CUBIERTO,1 → 0.5,CUBIERTO,1 → 0.5,0.0
2598831,Peterborough United,Stevenage Borough,0.25,2.5,COVER,2,1,0.75,-5,0.25,12,CUBIERTO,0.5 → 0.25,CUBIERTO,0.5 → 0.25,-0.5
2598833,Stockport County,Wigan Athletic,0.5,2.5,COVER,0,0,1,10,0.5,0,N/A,N/A,NO CUBIERTO,0.5 → 0.5,-0.5
2598829,Lincoln City,Leyton Orient,0.25,2.25,COVER,2,1,0.5,0,1,10,CUBIERTO,0.25 → 0.25,CUBIERTO,0.25 → 0.25,-0.25
2598835,Wycombe Wanderers,Crawley Town,0.75,2.75,COVER,1,0,0.75,44,1.25,13,CUBIERTO,0.75 → 0.75,CUBIERTO,0 → 0.75,0.0
2598832,Rotherham United,Reading,0.25,2.5,COVER,2,1,-0.25,-21,0.75,1,CUBIERTO,0.5 → 0.25,NO CUBIERTO,0.5 → 0.25,0.5
2598825,Burton Albion,Bristol Rovers,0.25,2.75,NO_COVER,1,3,-0.5,-4,0.75,-5,CUBIERTO,-0.25 → 0.25,CUBIERTO,0.75 → 0.25,0.75
2598827,Exeter City,Cambridge United,0.5,2.5,COVER,1,0,0,29,0.75,44,NO CUBIERTO,0.25 → 0.5,NO CUBIERTO,0.25 → 0.5,0.5
2598843,Peterborough United,Rotherham United,0.25,2.75,COVER,3,3,0.25,-22,-0.25,-6,CUBIERTO,-0.25 → 0.25,CUBIERTO,-0.25 → 0.25,0.0
2598840,Crawley Town,Shrewsbury Town,0.5,2.5,NO_COVER,3,5,0,-5,1.25,51,NO CUBIERTO,0.5 → 0.5,NO CUBIERTO,0 → 0.5,0.5
2598845,Stockport County,Wycombe Wanderers,0.25,2.5,NO_COVER,0,5,0.5,35,-0.5,-49,NO CUBIERTO,-0.25 → 0.25,NO CUBIERTO,1 → 0.25,-0.25
2598847,Wrexham,Lincoln City,0.25,2.25,COVER,1,0,0.75,-9,0,18,NO CUBIERTO,0.25 → 0.25,NO CUBIERTO,0.75 → 0.25,-0.5
2598836,Barnsley,Reading,0.5,2.75,COVER,2,2,0.75,19,0.5,19,NO CUBIERTO,0.75 → 0.5,NO CUBIERTO,0.75 → 0.5,-0.25
2598846,Wigan Athletic,Northampton Town,0.75,2.25,COVER,2,1,0,8,1,-12,CUBIERTO,0.5 → 0.75,NO CUBIERTO,0.25 → 0.75,0.75
2598856,Reading,Crawley Town,0.75,2.75,COVER,4,1,0.75,-12,0.75,17,N/A,N/A,NO CUBIERTO,-0.25 → 0.75,0.0
2598859,Wycombe Wanderers,Peterborough United,0.5,3,COVER,3,1,0.75,17,0,-12,CUBIERTO,-0.25 → 0.5,NO CUBIERTO,0.25 → 0.5,-0.25
2598848,Blackpool,Barnsley,0.5,2.75,NO_COVER,1,2,0.5,5,0.5,15,CUBIERTO,0.25 → 0.5,CUBIERTO,0.25 → 0.5,0.0
2598857,Rotherham United,Wrexham,0.25,2.5,NO_COVER,0,1,0.25,37,0,-15,CUBIERTO,0.75 → 0.25,CUBIERTO,0.75 → 0.25,0.0
2598854,Mansfield Town,Stevenage Borough,0.25,2.25,NO_COVER,0,1,0,-6,0.25,-22,CUBIERTO,0 → 0.25,CUBIERTO,0 → 0.25,0.25
2598861,Birmingham City,Bolton Wanderers,0.5,2.75,COVER,2,0,0.5,22,-0.75,-4,NO CUBIERTO,1 → 0.5,NO CUBIERTO,1 → 0.5,0.0
2598862,Bristol Rovers,Shrewsbury Town,0.25,2.5,COVER,1,0,-0.25,-15,0.5,-24,NO CUBIERTO,0.5 → 0.25,NO CUBIERTO,0.5 → 0.25,0.5
2598860,Barnsley,Charlton Athletic,0.25,2.5,COVER,2,2,0.25,5,-0.25,-15,NO CUBIERTO,0.5 → 0.25,NO CUBIERTO,0 → 0.25,0.0
2598870,Wigan Athletic,Mansfield Town,0.25,2.5,NO_COVER,1,2,0,-12,0,-5,N/A,N/A,N/A,N/A,0.25
2598868,Stevenage Borough,Cambridge United,0.75,2.25,NO_COVER,0,2,0,-15,0.5,-17,CUBIERTO,0.75 → 0.75,CUBIERTO,0.75 → 0.75,0.75
2598865,Exeter City,Reading,0.25,2.5,NO_COVER,1,2,0.5,-17,0.25,37,NO CUBIERTO,0.5 → 0.25,NO CUBIERTO,0.5 → 0.25,-0.25
2598881,Rotherham United,Stevenage Borough,0.5,2.25,COVER,2,0,0.25,40,0.25,23,CUBIERTO,1 → 0.5,CUBIERTO,1 → 0.5,0.25
2598880,Reading,Bristol Rovers,0.75,2.75,COVER,1,0,0.75,-29,1,21,NO CUBIERTO,-0.25 → 0.75,CUBIERTO,0 → 0.75,0.0
2598876,Huddersfield Town,Exeter City,0.75,2.5,COVER,2,0,1,21,-0.25,1,CUBIERTO,1 → 0.75,CUBIERTO,1 → 0.75,-0.25
2598879,Northampton Town,Crawley Town,0.5,2.75,COVER,3,0,0,-1,0.75,-29,CUBIERTO,1 → 0.5,CUBIERTO,1 → 0.5,0.5
2598874,Cambridge United,Burton Albion,0.25,2.5,COVER,1,0,-0.25,8,1.25,25,NO CUBIERTO,0.5 → 0.25,NO CUBIERTO,0.5 → 0.25,0.5
2598883,Wycombe Wanderers,Leyton Orient,0.5,2.75,COVER,3,0,0.5,26,0,-1,CUBIERTO,0.25 → 0.5,NO CUBIERTO,0.25 → 0.5,0.0
2598873,Bolton Wanderers,Peterborough United,0.75,3,COVER,1,0,1.25,25,0.5,26,NO CUBIERTO,0.5 → 0.75,NO CUBIERTO,-0.25 → 0.75,-0.5
2598872,Blackpool,Wigan Athletic,0.75,3,COVER,2,2,0.5,12,-0.25,8,CUBIERTO,0.5 → 0.75,NO CUBIERTO,-0.25 → 0.75,0.25
2598887,Burton Albion,Shrewsbury Town,0.25,2.5,COVER,2,0,0.25,7,0.25,-15,CUBIERTO,0.25 → 0.25,CUBIERTO,0.25 → 0.25,0.0
2598895,Wrexham,Mansfield Town,0.5,2.75,COVER,1,0,0,13,0.25,37,NO CUBIERTO,0.5 → 0.5,CUBIERTO,0 → 0.5,0.5
2598884,Barnsley,Rotherham United,0.25,2.5,COVER,2,0,0.25,4,0,-23,CUBIERTO,0.75 → 0.25,CUBIERTO,0.75 → 0.25,0.0
2598892,Stevenage Borough,Reading,0.25,2.25,COVER,1,1,0,39,0.5,35,NO CUBIERTO,0.5 → 0.25,NO CUBIERTO,0.5 → 0.25,0.25
2598891,Peterborough United,Cambridge United,0.75,2.75,COVER,6,1,0,-24,0.75,-40,CUBIERTO,1 → 0.75,CUBIERTO,-0.5 → 0.75,0.75
2598893,Stockport County,Bolton Wanderers,0.25,2.5,COVER,5,0,0.25,-4,0,39,NO CUBIERTO,-0.25 → 0.25,NO CUBIERTO,-0.25 → 0.25,0.0
2598898,Bristol Rovers,Crawley Town,0.25,2.5,COVER,0,0,-0.25,7,0.25,7,CUBIERTO,0.25 → 0.25,NO CUBIERTO,0 → 0.25,0.5
2598907,Wycombe Wanderers,Huddersfield Town,0.25,2.5,NO_COVER,0,1,0.75,-9,-0.5,18,NO CUBIERTO,-0.25 → 0.25,CUBIERTO,0.75 → 0.25,-0.5
2598905,Stockport County,Wrexham,0.25,2.5,COVER,1,0,0.25,7,0,-9,CUBIERTO,0.25 → 0.25,NO CUBIERTO,0 → 0.25,0.0
2598906,Wigan Athletic,Burton Albion,0.75,2.25,NO_COVER,1,2,-0.75,11,0.25,-3,NO CUBIERTO,0.5 → 0.75,NO CUBIERTO,0.5 → 0.75,1.5
2598900,Charlton Athletic,Peterborough United,0.75,2.75,COVER,2,1,0.25,42,0,15,NO CUBIERTO,-0.25 → 0.75,NO CUBIERTO,-0.25 → 0.75,0.5
2598903,Reading,Shrewsbury Town,0.5,2.75,COVER,1,1,-0.25,9,0.75,29,NO CUBIERTO,0.5 → 0.5,NO CUBIERTO,0.5 → 0.5,0.75
2598909,Bolton Wanderers,Blackpool,0.25,2.75,COVER,2,1,0.75,59,-0.25,19,CUBIERTO,0.5 → 0.25,NO CUBIERTO,0 → 0.25,-0.5
2598902,Leyton Orient,Mansfield Town,0.5,2.25,COVER,3,0,0.25,4,-0.25,-1,CUBIERTO,0.25 → 0.5,CUBIERTO,0.5 → 0.5,0.25
2598919,Wrexham,Exeter City,0.75,2.25,COVER,3,0,0.5,-17,0.75,12,N/A,N/A,N/A,N/A,0.25
2598908,Barnsley,Wigan Athletic,0.75,2.5,NO_COVER,0,1,0.25,2,0.75,11,NO CUBIERTO,0.75 → 0.75,NO CUBIERTO,0.25 → 0.75,0.5
2598918,Stevenage Borough,Leyton Orient,0.25,2.25,COVER,0,0,0.25,-9,0.5,1,NO CUBIERTO,0.5 → 0.25,NO CUBIERTO,0.5 → 0.25,0.0
2598912,Huddersfield Town,Charlton Athletic,0.5,2.25,COVER,2,1,0.75,12,0,19,CUBIERTO,0.5 → 0.5,CUBIERTO,0.5 → 0.5,-0.25
2598916,Peterborough United,Reading,0.5,3,NO_COVER,1,2,0.75,-9,0.25,-9,NO CUBIERTO,1 → 0.5,NO CUBIERTO,1 → 0.5,-0.25
2598922,Charlton Athletic,Crawley Town,0.75,2.5,NO_COVER,1,2,0,-9,0.25,1,CUBIERTO,1.25 → 0.75,NO CUBIERTO,0 → 0.75,0.75
2598921,Bolton Wanderers,Mansfield Town,0.75,2.75,COVER,3,1,0.25,-5,0.75,-1,NO CUBIERTO,0.75 → 0.75,NO CUBIERTO,0.75 → 0.75,0.5
2598914,Mansfield Town,Bristol Rovers,0.5,2.5,NO_COVER,0,1,-0.75,-31,0.75,7,CUBIERTO,0.25 → 0.5,NO CUBIERTO,0 → 0.5,1.25
2598915,Northampton Town,Cambridge United,0.5,2.5,COVER,0,0,0.5,1,0.75,-9,CUBIERTO,0.25 → 0.5,NO CUBIERTO,0.25 → 0.5,0.0
2598925,Leyton Orient,Bristol Rovers,0.75,2.25,COVER,3,0,-0.25,-2,0.5,55,NO CUBIERTO,0.5 → 0.75,NO CUBIERTO,0.5 → 0.75,1.0
2598929,Stevenage Borough,Northampton Town,0.5,2,COVER,2,0,0.25,2,0.75,25,CUBIERTO,0.5 → 0.5,CUBIERTO,0.5 → 0.5,0.25
2598924,Huddersfield Town,Wigan Athletic,0.75,2.5,COVER,1,0,0.5,20,0.75,19,NO CUBIERTO,0 → 0.75,NO CUBIERTO,0.25 → 0.75,0.25
2598931,Reading,Cambridge United,0.75,2.5,COVER,3,0,0.75,7,0.5,-2,CUBIERTO,0.75 → 0.75,CUBIERTO,0.75 → 0.75,0.0
2598927,Rotherham United,Lincoln City,0.25,2.25,COVER,2,1,0.5,19,0.25,11,CUBIERTO,1.25 → 0.25,CUBIERTO,0 → 0.25,-0.25
2598930,Wrexham,Barnsley,0.25,2.5,COVER,1,0,0.25,11,-0.5,-2,N/A,N/A,NO CUBIERTO,0.5 → 0.25,0.0
2598942,Wigan Athletic,Leyton Orient,0.25,2,NO_COVER,0,2,0.75,25,0.25,2,CUBIERTO,0 → 0.25,CUBIERTO,0 → 0.25,-0.5
2598938,Lincoln City,Charlton Athletic,0.25,2.25,COVER,0,0,0,14,-0.25,-42,CUBIERTO,0 → 0.25,NO CUBIERTO,0.25 → 0.25,0.25
2598941,Stockport County,Exeter City,0.75,2.5,COVER,2,0,0.25,13,0.75,-9,NO CUBIERTO,0.25 → 0.75,CUBIERTO,0.75 → 0.75,0.5
2598936,Cambridge United,Shrewsbury Town,0.25,2.25,COVER,4,1,-0.5,-17,0.25,-13,NO CUBIERTO,0.5 → 0.25,CUBIERTO,0 → 0.25,0.75
2598943,Wycombe Wanderers,Reading,0.5,2.75,COVER,1,1,0.75,-1,0.5,36,NO CUBIERTO,0.5 → 0.5,CUBIERTO,0.25 → 0.5,-0.25
2598933,Blackpool,Rotherham United,0.25,2.25,COVER,0,0,0.25,0,1,34,NO CUBIERTO,0.25 → 0.25,NO CUBIERTO,0.25 → 0.25,0.0
2598946,Charlton Athletic,Mansfield Town,0.5,2.25,COVER,0,0,0.75,21,0.75,23,CUBIERTO,0.75 → 0.5,CUBIERTO,0.75 → 0.5,-0.25
2598945,Bolton Wanderers,Wigan Athletic,0.75,2.5,NO_COVER,0,2,0.75,23,0.75,-2,NO CUBIERTO,0.5 → 0.75,NO CUBIERTO,-0.25 → 0.75,0.0
2598949,Leyton Orient,Burton Albion,0.75,2.5,COVER,0,0,0.75,40,1,0,NO CUBIERTO,1 → 0.75,NO CUBIERTO,1 → 0.75,0.0
2598948,Huddersfield Town,Lincoln City,0.5,2.5,COVER,2,2,0.75,-2,0.25,2,NO CUBIERTO,0.75 → 0.5,NO CUBIERTO,0.75 → 0.5,-0.25
2598952,Rotherham United,Northampton Town,0.75,2.5,COVER,3,0,0.25,2,0.5,63,CUBIERTO,0.75 → 0.75,CUBIERTO,-0.25 → 0.75,0.5
2598965,Stockport County,Peterborough United,0.75,2.75,COVER,2,1,0.75,26,-0.25,0,NO CUBIERTO,-0.5 → 0.75,NO CUBIERTO,1.5 → 0.75,0.0
2598962,Lincoln City,Reading,0.5,2.5,COVER,2,0,0.25,6,0.5,15,NO CUBIERTO,0.25 → 0.5,NO CUBIERTO,0 → 0.5,0.25
2598967,Wycombe Wanderers,Bolton Wanderers,0.25,2.75,COVER,0,0,0.5,15,-0.5,-17,NO CUBIERTO,0 → 0.25,NO CUBIERTO,0.75 → 0.25,-0.25
2598963,Mansfield Town,Rotherham United,0.25,2.25,COVER,1,0,-0.25,21,-0.5,13,NO CUBIERTO,-0.25 → 0.25,NO CUBIERTO,0.25 → 0.25,0.5
2598966,Wigan Athletic,Shrewsbury Town,0.75,2.25,COVER,2,2,0.25,15,0.25,-19,CUBIERTO,0.5 → 0.75,CUBIERTO,0 → 0.75,0.5
2598957,Blackpool,Stevenage Borough,0.5,2.25,COVER,0,0,1,-12,0.5,19,CUBIERTO,0.25 → 0.5,NO CUBIERTO,0 → 0.5,-0.5
2598956,Barnsley,Leyton Orient,0.5,2.5,NO_COVER,0,4,-0.5,9,0.25,15,CUBIERTO,0.5 → 0.5,CUBIERTO,0.5 → 0.5,1.0
2598973,Leyton Orient,Crawley Town,0.75,2.5,COVER,3,0,0.75,1,1,-32,CUBIERTO,1 → 0.75,CUBIERTO,1 → 0.75,0.0
2598974,Peterborough United,Mansfield Town,0.5,2.75,NO_COVER,0,3,1,-32,0.5,-14,CUBIERTO,0.75 → 0.5,NO CUBIERTO,-0.25 → 0.5,-0.5
2598975,Reading,Northampton Town,0.75,2.75,COVER,4,1,0,11,0.75,16,CUBIERTO,0.75 → 0.75,CUBIERTO,0.75 → 0.75,0.75
2598979,Wrexham,Blackpool,0.5,2.5,COVER,2,1,1,-5,0,11,N/A,N/A,N/A,N/A,-0.5
2598976,Rotherham United,Wigan Athletic,0.5,2.25,NO_COVER,0,1,0.75,16,0.75,-4,NO CUBIERTO,0.25 → 0.5,NO CUBIERTO,0.25 → 0.5,-0.25
2598969,Bolton Wanderers,Barnsley,0.5,2.75,NO_COVER,1,2,0.75,-4,-0.25,4,NO CUBIERTO,0.75 → 0.5,NO CUBIERTO,0.75 → 0.5,-0.25
2598970,Charlton Athletic,Cambridge United,0.75,2.25,COVER,2,1,0.5,-14,1,-5,NO CUBIERTO,0.75 → 0.75,CUBIERTO,0 → 0.75,0.25
2598971,Exeter City,Bristol Rovers,0.75,2.25,COVER,3,1,-0.25,4,1.75,47,NO CUBIERTO,-0.25 → 0.75,CUBIERTO,0.25 → 0.75,1.0
2598972,Huddersfield Town,Stockport County,0.5,2.5,COVER,1,0,0.5,17,-0.25,-18,NO CUBIERTO,0.75 → 0.5,CUBIERTO,-0.25 → 0.5,0.0
2598983,Exeter City,Crawley Town,0.5,2.25,COVER,4,4,0.75,8,0.75,25,CUBIERTO,1 → 0.5,CUBIERTO,1 → 0.5,-0.25
2598987,Reading,Mansfield Town,0.25,2.5,COVER,2,1,0.75,-4,0.5,-50,N/A,N/A,N/A,N/A,-0.5
2598990,Stevenage Borough,Bristol Rovers,0.75,2.25,COVER,3,0,-0.25,-36,0.75,8,NO CUBIERTO,0.5 → 0.75,NO CUBIERTO,0.5 → 0.75,1.0
2598989,Shrewsbury Town,Northampton Town,0.25,2.5,COVER,1,1,-0.5,-25,0.75,-4,CUBIERTO,0.25 → 0.25,CUBIERTO,0.75 → 0.25,0.75
2598991,Wrexham,Wigan Athletic,0.75,2.5,COVER,2,1,0.5,33,0.5,18,NO CUBIERTO,0.5 → 0.75,NO CUBIERTO,0.5 → 0.75,0.25
2598998,Lincoln City,Rotherham United,0.5,2.25,NO_COVER,0,1,0.5,46,0.25,-12,NO CUBIERTO,0 → 0.5,NO CUBIERTO,0.25 → 0.5,0.0
2598992,Barnsley,Wrexham,0.25,2.25,COVER,2,1,0.5,8,-0.5,5,NO CUBIERTO,0.5 → 0.25,NO CUBIERTO,0.25 → 0.25,-0.25
2598981,Bolton Wanderers,Lincoln City,0.5,2.5,COVER,3,0,0.5,-6,-0.5,-25,CUBIERTO,0.75 → 0.5,CUBIERTO,-0.25 → 0.5,0.0
2599007,Charlton Athletic,Reading,0.25,2.5,COVER,0,0,0,-5,0,31,CUBIERTO,0.25 → 0.25,NO CUBIERTO,0.25 → 0.25,0.25
2599009,Huddersfield Town,Rotherham United,0.75,2.25,COVER,0,0,1.25,38,0.5,-22,CUBIERTO,0.5 → 0.75,NO CUBIERTO,0 → 0.75,-0.5
2599006,Cambridge United,Bristol Rovers,0.25,2.5,NO_COVER,0,1,0,31,0.75,5,CUBIERTO,0 → 0.25,NO CUBIERTO,0.5 → 0.25,0.25
2599011,Lincoln City,Stevenage Borough,0.5,2.25,COVER,0,0,0.5,-22,-0.25,26,NO CUBIERTO,0 → 0.5,CUBIERTO,0.25 → 0.5,0.0
2599014,Wrexham,Peterborough United,0.75,2.5,COVER,1,0,0.75,-20,0,-44,NO CUBIERTO,-0.5 → 0.75,CUBIERTO,0.25 → 0.75,0.0
2599012,Stockport County,Mansfield Town,0.5,2.5,NO_COVER,1,2,-0.25,37,0.25,-56,NO CUBIERTO,0.25 → 0.5,NO CUBIERTO,0 → 0.5,0.75
2599015,Wycombe Wanderers,Blackpool,0.75,2.75,COVER,1,1,1,26,1.25,33,CUBIERTO,0 → 0.75,NO CUBIERTO,0.5 → 0.75,-0.25
2599023,Peterborough United,Exeter City,0.5,2.5,COVER,1,1,0,-6,1.5,20,CUBIERTO,1.25 → 0.5,CUBIERTO,-0.25 → 0.5,0.5
2599018,Bolton Wanderers,Charlton Athletic,0.5,2.5,NO_COVER,1,2,1,42,0.25,35,NO CUBIERTO,0.75 → 0.5,NO CUBIERTO,-0.25 → 0.5,-0.5
2599021,Mansfield Town,Lincoln City,0.25,2.25,NO_COVER,0,3,0.75,15,0.5,4,NO CUBIERTO,-0.25 → 0.25,NO CUBIERTO,0 → 0.25,-0.5
2599027,Stevenage Borough,Burton Albion,0.75,2.25,NO_COVER,0,1,0.5,-13,0.25,-15,NO CUBIERTO,1 → 0.75,CUBIERTO,-0.25 → 0.75,0.25
2599016,Birmingham City,Leyton Orient,0.75,2.5,COVER,2,0,1,18,0.5,-18,N/A,N/A,CUBIERTO,-0.5 → 0.75,-0.25
2599032,Crawley Town,Burton Albion,0.25,2.5,COVER,1,1,-1.25,-10,1.25,38,CUBIERTO,1 → 0.25,NO CUBIERTO,0.25 → 0.25,1.5
2599037,Rotherham United,Charlton Athletic,0.25,2,COVER,4,2,0,35,-0.25,6,NO CUBIERTO,1 → 0.25,NO CUBIERTO,0.25 → 0.25,0.25
2599039,Stevenage Borough,Wigan Athletic,0.25,2,NO_COVER,1,2,0.75,5,0.75,-20,CUBIERTO,0.5 → 0.25,NO CUBIERTO,0.25 → 0.25,-0.5
2599045,Huddersfield Town,Bolton Wanderers,0.5,2.5,NO_COVER,0,1,0.75,-8,0,35,CUBIERTO,0.25 → 0.5,NO CUBIERTO,0.25 → 0.5,-0.25
2599046,Leyton Orient,Reading,0.5,2.5,COVER,2,0,1,25,0.25,13,CUBIERTO,0.25 → 0.5,CUBIERTO,0.25 → 0.5,-0.5
2599047,Lincoln City,Peterborough United,0.5,2.75,COVER,5,1,0.5,-2,0.75,9,NO CUBIERTO,-0.75 → 0.5,NO CUBIERTO,0.25 → 0.5,0.0
2599040,Barnsley,Stevenage Borough,0.5,2.25,NO_COVER,0,1,1,13,0.5,-2,CUBIERTO,0.25 → 0.5,NO CUBIERTO,0 → 0.5,-0.5
2599049,Wigan Athletic,Bristol Rovers,0.75,2.25,COVER,2,0,0.75,4,0.25,43,CUBIERTO,0.25 → 0.75,CUBIERTO,0.25 → 0.75,0.0
2599059,Peterborough United,Wigan Athletic,0.25,2.75,COVER,1,0,0.5,13,0.25,42,NO CUBIERTO,1 → 0.25,NO CUBIERTO,0 → 0.25,-0.25
2599057,Lincoln City,Blackpool,0.25,2.5,NO_COVER,0,2,0.5,20,0,36,CUBIERTO,0 → 0.25,NO CUBIERTO,0.5 → 0.25,-0.25
2599060,Rotherham United,Cambridge United,0.75,2.25,COVER,2,1,0.25,35,1,42,NO CUBIERTO,1.25 → 0.75,CUBIERTO,-0.25 → 0.75,0.5
2599062,Wrexham,Stevenage Borough,0.5,2,NO_COVER,2,3,-0.25,20,0.5,9,NO CUBIERTO,-0.25 → 0.5,NO CUBIERTO,0 → 0.5,0.75
2599063,Wycombe Wanderers,Barnsley,0.25,2.75,COVER,2,1,1.25,2,-0.5,-36,NO CUBIERTO,0 → 0.25,NO CUBIERTO,0.25 → 0.25,-1.0
2599074,Stevenage Borough,Exeter City,0.5,2,COVER,4,1,0.25,42,0.5,13,NO CUBIERTO,0.75 → 0.5,NO CUBIERTO,0 → 0.5,0.25
2599070,Leyton Orient,Stockport County,0.25,2.25,NO_COVER,0,1,0.5,13,0,-11,NO CUBIERTO,0 → 0.25,CUBIERTO,1 → 0.25,-0.25
2599066,Blackpool,Charlton Athletic,0.25,2.25,COVER,2,2,0,15,0.5,1,NO CUBIERTO,0.75 → 0.25,CUBIERTO,0.25 → 0.25,0.25
2599082,Mansfield Town,Northampton Town,0.75,2.75,NO_COVER,0,1,1,20,1.25,-20,NO CUBIERTO,0.25 → 0.75,CUBIERTO,-0.25 → 0.75,-0.25
2599085,Stockport County,Barnsley,0.5,2.5,COVER,2,1,1,25,0.25,50,NO CUBIERTO,-0.25 → 0.5,NO CUBIERTO,0.25 → 0.5,-0.5
2599084,Rotherham United,Shrewsbury Town,0.75,2.25,NO_COVER,1,2,0.75,28,1,25,NO CUBIERTO,1 → 0.75,NO CUBIERTO,-0.25 → 0.75,0.0
2599078,Charlton Athletic,Stevenage Borough,0.25,2,COVER,2,0,1,7,0.5,8,NO CUBIERTO,0 → 0.25,NO CUBIERTO,0.25 → 0.25,-0.75
2599081,Lincoln City,Cambridge United,0.75,2.5,COVER,1,1,0.25,41,0.75,28,CUBIERTO,0.75 → 0.75,CUBIERTO,-0.25 → 0.75,0.5
2839531,Cesena,Modena,0.0,2,COVER,1,0,0.5,-22,0,-39,N/A,N/A,N/A,N/A,0
2803707,Floridsdorfer AC,Trenkwalder Admira Wacker,0.0,2.25,PUSH,1,1,0.75,41,-1,7,N/A,N/A,N/A,N/A,0
2881861,Mara Sugar FC,Tusker,0.0,1.75,NO_COVER,0,1,0.25,-6,0.5,-3,N/A,N/A,N/A,N/A,0
2904380,Sekhukhune United Reserves,Stellenbosch FC Reserves,0.0,2.5,NO_COVER,1,3,0,-6,-0.25,-11,N/A,N/A,N/A,N/A,0
2835917,ACS Dumbravita,FC Gloria Bistrita,0.0,2.5,COVER,2,1,0,-6,0.5,2,N/A,N/A,N/A,N/A,0
2904438,Makerere University (W),Lady Doves FC (W),0.0,2.25,PUSH,1,1,0,10,0.25,3,N/A,N/A,N/A,N/A,0
2702333,Sagan Tosu,Jubilo Iwata,0.0,2.5,NO_COVER,1,2,0,-30,0,6,N/A,N/A,N/A,N/A,0
2905136,Diambars,AS Bambey,0.0,1.75,COVER,2,0,0,-24,0.25,-20,N/A,N/A,N/A,N/A,0
2837533,Asd Pineto Calcio,Ravenna,0.0,2,NO_COVER,0,3,0.5,-3,-0.25,-25,N/A,N/A,N/A,N/A,0
2800419,Grazer AK,FC Blau Weiss Linz,0.0,2,COVER,3,1,-0.5,-6,0.25,4,PUSH,0 → 0,NO CUBIERTO,0.25 → 0,0
2861922,Shabab Al Ordon,Ramtha Club,0.0,1.75,COVER,1,0,-1,-35,-1.25,-8,NO CUBIERTO,0 → 0,NO CUBIERTO,0 → 0,0
2822188,OFI Crete,Volos NFC,0.0,2.5,NO_COVER,0,1,-1.25,-46,0.25,48,CUBIERTO,0.5 → 0,CUBIERTO,0.5 → 0,0
2807791,Cultural Leonesa,Granada CF,0.0,2.25,NO_COVER,0,1,0.25,-53,0.5,14,PUSH,-1 → 0,PUSH,-1 → 0,0
2902731,Fatima,Marialvas,0.0,2.25,COVER,2,0,0.25,-42,0.25,14,CUBIERTO,0.25 → 0,CUBIERTO,0.25 → 0,0
2820830,Horsham,Weston Super Mare,0.0,2.25,PUSH,1,1,0.75,-25,-0.25,0,N/A,N/A,N/A,N/A,0
2798774,Newport County,Barrow,0.0,2.25,PUSH,2,2,-0.75,2,0.5,30,CUBIERTO,-0.25 → 0,CUBIERTO,-0.25 → 0,0
2839535,Pescara,Padova,0.0,2.25,NO_COVER,0,1,-0.75,-43,0,44,CUBIERTO,0.75 → 0,CUBIERTO,0.75 → 0,0
2835038,SP La Fiorita,Tre Fiori,0.0,2.25,PUSH,2,2,0.5,0,0.5,3,CUBIERTO,0.5 → 0,CUBIERTO,0.5 → 0,0
2794761,Hradec Kralove,Baumit Jablonec,0.0,2.5,COVER,2,0,0.75,21,0,49,NO CUBIERTO,-0.25 → 0,NO CUBIERTO,0.5 → 0,0
2840456,Lumezzane,Novara,0.0,2.25,PUSH,1,1,0.25,-26,0,-7,PUSH,0 → 0,PUSH,0 → 0,0
2904451,Amagaju,Gasogi Utd,0.0,1.75,NO_COVER,0,1,0.25,36,0.25,23,PUSH,0.25 → 0,NO CUBIERTO,0.25 → 0,0
2904016,Universidad Central de Venezuela,Carabobo FC,0.0,2,PUSH,1,1,0.75,-13,-0.25,-9,PUSH,-0.25 → 0,PUSH,0.25 → 0,0
2784611,AS Roma,Napoli,0.0,2,NO_COVER,0,1,1,25,0,-13,PUSH,0 → 0,PUSH,0 → 0,0
2901624,Nacional Montevideo,CA Penarol,0.0,2,PUSH,0,0,1.5,0,-0.5,-41,PUSH,0.25 → 0,PUSH,0.25 → 0,0
2806997,Real Aviles,Celta vigo b,0.0,2.25,NO_COVER,1,2,0.5,-1,1,24,N/A,N/A,NO CUBIERTO,0.25 → 0,0
2904276,HLM,US Ouakam Dakar,0.0,1.75,PUSH,0,0,0.25,8,-,0,PUSH,0.25 → 0,NO CUBIERTO,0.75 → 0,0
2904275,Guediawaye,SONACOS,0.0,1.75,NO_COVER,1,2,0,28,-,0,CUBIERTO,0 → 0,CUBIERTO,0 → 0,0
2904274,AS Camberene,Ajel de Rufisque,0.0,1.75,PUSH,1,1,0,0,-,0,N/A,N/A,N/A,N/A,0
2904273,Teunhueth FC,Pikine,0.0,1.75,PUSH,0,0,0,-26,0.5,-17,NO CUBIERTO,0.25 → 0,NO CUBIERTO,0.25 → 0,0
2811350,Csakvari TK,Szeged Csanad,0.0,2.25,PUSH,1,1,-0.25,34,0.75,0,PUSH,0 → 0,PUSH,0 → 0,0
2808221,Marino luanco,Real Avila CF,0.0,1.75,COVER,1,0,0,1,0.25,46,NO CUBIERTO,0.5 → 0,NO CUBIERTO,0.25 → 0,0
2884063,Vitesse Delft,Sporting Football des Cascades,0.0,1.75,PUSH,0,0,-,0,0,0,N/A,N/A,CUBIERTO,0.5 → 0,0
2813562,Sporting CP B,SC Farense,0.0,2.25,COVER,3,1,0.25,-3,0.25,25,CUBIERTO,0.5 → 0,NO CUBIERTO,0 → 0,0
2905808,Managua FC,Real Esteli,0.0,2.5,NO_COVER,0,2,1.25,13,-1,0,CUBIERTO,-0.5 → 0,CUBIERTO,0.75 → 0,0
2906595,Bombarderos de Tecamac FC,CD Muxes,0.0,2.5,PUSH,0,0,0,0,-1.5,-26,N/A,N/A,N/A,N/A,0
2906590,Inter Playa del Carmen II,Deportiva Venados II,0.0,2.5,COVER,3,2,0.25,-3,0,-7,PUSH,0.25 → 0,CUBIERTO,0.5 → 0,0
2830482,Hoogstraten VV,Royal Knokke,0.0,2.75,PUSH,1,1,0,-5,0,19,NO CUBIERTO,0 → 0,PUSH,0.5 → 0,0
2830485,Belisia Bilzen,Roeselare Daisel,0.0,2.5,PUSH,0,0,0.75,-12,0,19,N/A,N/A,N/A,N/A,0
2906702,Olympique Sport,AF Amadou Diallo Djekanou,0.0,2,COVER,2,0,-,0,-,0,PUSH,-1 → 0,PUSH,-1 → 0,0
2907192,Hapoel Hod HaSharon,Beitar Ramat Gan,0.0,2.5,COVER,1,0,-0.25,2,-0.25,-7,CUBIERTO,-0.25 → 0,CUBIERTO,0.25 → 0,0
2906594,Hoogeveen,SV Huizen,0.0,3.25,COVER,3,2,-0.25,1,0.25,0,N/A,N/A,N/A,N/A,0
2906568,Angers II,Chateauroux II,0.0,2.25,NO_COVER,0,1,0.25,-42,0,24,N/A,N/A,N/A,N/A,0
2906536,US Pays de Cassel,Lille B,0.0,2.75,NO_COVER,1,2,0.25,-4,0.75,-7,N/A,N/A,N/A,N/A,0
2831700,Frejus St-Raphael,GFA Rumilly Vallieres,0.0,2.25,NO_COVER,1,3,-,0,-0.25,-12,CUBIERTO,0.25 → 0,CUBIERTO,0.25 → 0,0
2809153,Atletico Malagueno,Deportiva Minera,0.0,2,NO_COVER,0,2,-0.25,32,0.75,4,N/A,N/A,N/A,N/A,0
2785425,Cracovia Krakow,Lech Poznan,0.0,2.5,PUSH,2,2,0.5,9,-0.25,-83,NO CUBIERTO,-0.25 → 0,CUBIERTO,1 → 0,0
2800427,WSG Swarovski Tirol,Rheindorf Altach,0.0,2.25,NO_COVER,0,3,-0.75,-31,0.25,-16,CUBIERTO,0.25 → 0,PUSH,0.25 → 0,0
2790838,FC Utrecht,FC Twente Enschede,0.0,2.75,PUSH,1,1,-0.25,-18,-1,-5,CUBIERTO,-0.25 → 0,NO CUBIERTO,0.75 → 0,0
2795527,Borac Cacak,Macva Sabac,0.0,2,NO_COVER,0,1,0,15,0,20,N/A,N/A,NO CUBIERTO,0.75 → 0,0
2807000,Arenas Club de Getxo,Athletic Bilbao B,0.0,2.25,COVER,3,1,-0.5,16,0.25,5,NO CUBIERTO,-0.75 → 0,NO CUBIERTO,0.25 → 0,0
2807381,Algeciras,Atletico de Madrid B,0.0,2,COVER,1,0,0.5,24,0,-12,CUBIERTO,0 → 0,CUBIERTO,0 → 0,0
2807799,Cadiz,Racing Santander,0.0,2.5,NO_COVER,2,3,1,31,0,20,NO CUBIERTO,0.25 → 0,CUBIERTO,0.5 → 0,0
2808228,Bergantinos CF,G. Segoviana,0.0,2,COVER,3,1,0.25,-4,0.25,28,NO CUBIERTO,0.5 → 0,NO CUBIERTO,0.5 → 0,0
2808233,Racing B,CF Salmantino,0.0,2,PUSH,1,1,0.5,21,0,1,NO CUBIERTO,0.25 → 0,NO CUBIERTO,0.25 → 0,0
2809151,CA Antoniano,Lorca Deportiva FC,0.0,1.75,COVER,3,1,0.25,3,0.25,24,N/A,N/A,N/A,N/A,0
2809157,Xerez Deportivo FC,Recreativo Huelva,0.0,1.75,PUSH,1,1,0.5,-23,0,-12,NO CUBIERTO,-0.25 → 0,NO CUBIERTO,1.25 → 0,0
2814343,Gent B,Lokeren,0.0,2.5,NO_COVER,1,3,0.5,12,-0.25,7,PUSH,0 → 0,NO CUBIERTO,0.75 → 0,0
2821716,Giresunspor,Tokat Bld Plevnespor,0.0,2.5,NO_COVER,0,2,-,0,-,0,N/A,N/A,N/A,N/A,0
2834879,London City Lionesses (W),Brighton H.A. (W),0.0,2.75,NO_COVER,0,1,0.25,-9,-0.25,26,NO CUBIERTO,-0.5 → 0,NO CUBIERTO,-0.5 → 0,0
2837543,Perugia,Ternana,0.0,2,NO_COVER,1,2,0.25,28,-0.25,-3,PUSH,-0.25 → 0,PUSH,1 → 0,0
2838062,Pattaya Discovery United FC,Phrae United FC,0.0,2.5,NO_COVER,0,1,0.25,-53,0,-41,CUBIERTO,-0.25 → 0,PUSH,0.5 → 0,0
2840462,Arzignano Valchiampo,Inter Milan U23,0.0,2.25,PUSH,1,1,0.25,25,-0.5,-19,N/A,N/A,N/A,N/A,0
2854868,Le Havre U19,Amiens U19,0.0,2.75,COVER,2,1,0,0,0.75,89,N/A,N/A,CUBIERTO,0.5 → 0,0
2859522,Baroka FC,Venda,0.0,2,NO_COVER,0,1,0,-28,0.25,0,CUBIERTO,0.75 → 0,N/A,N/A,0
2865187,Andratks,UE Olot,0.0,1.75,COVER,2,0,-0.25,-17,0.75,37,NO CUBIERTO,0 → 0,NO CUBIERTO,0 → 0,0
2867122,Cerdanyola del Valles,CE Manresa,0.0,2.25,NO_COVER,0,2,-0.25,-1,-0.25,-16,CUBIERTO,-0.25 → 0,CUBIERTO,-0.25 → 0,0
2868395,FC Sevlievo,Etar,0.0,2.25,NO_COVER,0,1,0,13,0.5,4,N/A,N/A,PUSH,0.75 → 0,0
2874115,MEAP Nisou,Agia Napa,0.0,2.25,COVER,2,0,0,0,-1,0,N/A,N/A,N/A,N/A,0
2878984,CDF Tres Cantos,AD Parla,0.0,2.5,COVER,3,1,0.25,17,0.75,4,CUBIERTO,0.5 → 0,N/A,N/A,0
2881871,APS Bomet,Bandari,0.0,1.75,COVER,1,0,0.25,-16,0.25,3,N/A,N/A,N/A,N/A,0
2890607,Hadiya Hossana,Negelle Arsi,0.0,1.75,NO_COVER,1,2,0.25,12,0.5,12,PUSH,0.25 → 0,PUSH,0.25 → 0,0
2905287,BUL FC,Kampala City Council FC,0.0,1.75,NO_COVER,1,2,1,14,-0.75,0,PUSH,0.25 → 0,CUBIERTO,0.25 → 0,0
2905558,Celle Varazze FBC,ACSD Saluzzo,0.0,2.25,PUSH,2,2,0.25,-24,-,0,N/A,N/A,N/A,N/A,0
2905570,Varesina Calcio,Milan Futuro,0.0,2.5,NO_COVER,1,2,-,0,-,0,N/A,N/A,CUBIERTO,0.5 → 0,0
2905959,Gjilani,KF Llapi,0.0,2.25,COVER,3,0,0.25,-17,0.75,25,N/A,N/A,N/A,N/A,0
2906420,United Africa Tigers,Eleven Arrows FC,0.0,2,COVER,2,1,0,6,-,0,N/A,N/A,N/A,N/A,0
2906423,African Stars Windhoek,KK Palace FC,0.0,2,COVER,1,0,0.5,9,-,0,N/A,N/A,N/A,N/A,0
2906882,Equity FC,3K FC,0.0,2,COVER,2,1,0,4,0.5,22,N/A,N/A,N/A,N/A,0
2907092,Police WFC (W),Rayon Sports (W),0.0,2.25,PUSH,1,1,0,20,-2.5,-4,N/A,N/A,N/A,N/A,0
2907128,Vazquez Cultural U19,Cordoba U19,0.0,2.75,NO_COVER,0,2,0.5,-8,-0.25,7,CUBIERTO,0 → 0,NO CUBIERTO,0.25 → 0,0
2907165,UNA,UDI 19,0.0,3,NO_COVER,2,3,-,0,-,0,N/A,N/A,N/A,N/A,0
2907202,NK Rudar Velenje U19,Jadran Dekani U19,0.0,3,PUSH,0,0,-0.5,7,0.25,11,N/A,N/A,N/A,N/A,0
2907229,Addis Ketema,Sululta Ketema,0.0,2,COVER,3,0,0.5,0,0.25,0,N/A,N/A,N/A,N/A,0
2784613,Cremonese,Lecce,0.0,2,COVER,2,0,-0.75,-3,1,34,NO CUBIERTO,0 → 0,NO CUBIERTO,0 → 0,0
2791848,Mechelen,Charleroi,0.0,2.5,COVER,1,0,0,31,1.25,4,PUSH,0.25 → 0,NO CUBIERTO,0.5 → 0,0
2840108,CD Illescas,La Solana,0.0,2.25,PUSH,0,0,0.75,12,-,0,CUBIERTO,1.25 → 0,CUBIERTO,1.25 → 0,0
2849944,Hera United (W),Excelsior Barendrecht (W),0.0,2.5,PUSH,1,1,-2.25,-49,-0.5,-20,N/A,N/A,N/A,N/A,0
2874459,SC Moknine,Jendouba Sport,0.0,2,PUSH,2,2,0.5,-13,0,-8,N/A,N/A,N/A,N/A,0
2878146,EG El Palmar,Mazarron CF,0.0,2.25,COVER,1,0,0.5,-17,0.5,2,CUBIERTO,0.5 → 0,CUBIERTO,0.5 → 0,0
2879257,Sporting de Gijon B,UD Llanera,0.0,2.5,NO_COVER,1,2,1.75,32,-,0,NO CUBIERTO,0.5 → 0,PUSH,0.5 → 0,0
2884069,Sally Tas,Real du Faso,0.0,1.75,PUSH,2,2,0.25,-24,0.25,0,CUBIERTO,0.75 → 0,CUBIERTO,0.75 → 0,0
2889213,Egaleo Athens,Ilioupoli,0.0,2.25,COVER,3,0,0.75,0,0,13,N/A,N/A,CUBIERTO,0.25 → 0,0
2907250,Integracion Del Norte San Juan,Real Potosi,0.0,2.75,PUSH,1,1,0.5,4,0.25,0,N/A,N/A,NO CUBIERTO,1 → 0,0
2904250,Syria,Palestine,0.0,1.75,PUSH,0,0,-0.5,-48,1,13,PUSH,0.75 → 0,NO CUBIERTO,0.25 → 0,0
2838799,KF Tirana,Partizani Tirana,0.0,2,NO_COVER,0,2,0,-3,0.5,16,CUBIERTO,-0.25 → 0,CUBIERTO,0.25 → 0,0
2784615,Lazio,Bologna,0.0,2.25,PUSH,1,1,1,34,-0.5,12,CUBIERTO,0.5 → 0,NO CUBIERTO,0 → 0,0
2840467,Pro Patria,AC Dolomiti Bellunesi,0.0,2,NO_COVER,0,2,0,-20,0.25,25,N/A,N/A,N/A,N/A,0
2789273,Fulham,Crystal Palace,0.0,2.25,NO_COVER,1,2,-1,18,-0.75,22,NO CUBIERTO,0.25 → 0,NO CUBIERTO,0.25 → 0,0
2907432,Shaita Angels FC (W),World Girls FC (W),0.0,3,COVER,1,0,1.75,57,0.75,-54,N/A,N/A,N/A,N/A,0
2865191,CF Reus Deportiu,Terrassa,0.0,2,COVER,3,0,0.5,24,0.75,6,N/A,N/A,N/A,N/A,0
2808235,UD Ourense,Numancia,0.0,1.75,NO_COVER,0,3,0.25,-3,-0.5,-7,N/A,N/A,N/A,N/A,0
2870258,Hohoe United FC,Asante Kotoko FC,0.0,1.75,COVER,1,0,1,23,-0.25,-6,N/A,N/A,N/A,N/A,0
2878145,Deportivo Maritimo,UCAM Murcia CF B,0.0,2.25,NO_COVER,1,2,0.25,-13,0.25,-2,NO CUBIERTO,-1.5 → 0,N/A,N/A,0
2793250,FC Sion,Young Boys,0.0,3,COVER,2,0,0.25,42,0.25,-7,CUBIERTO,-0.25 → 0,PUSH,0.75 → 0,0
2907257,AS OTR,Gbohloesu,0.0,1.75,PUSH,0,0,0.25,0,0,0,NO CUBIERTO,0.25 → 0,NO CUBIERTO,0.25 → 0,0
2907136,San Felix CF U19,Almeria U19,0.0,2.75,NO_COVER,0,1,0.5,1,0.25,-7,CUBIERTO,0.25 → 0,CUBIERTO,0.25 → 0,0
2905537,Uniao Da Serra,Oliveira Hospital,0.0,2.25,PUSH,1,1,0.5,34,-0.75,-54,N/A,N/A,N/A,N/A,0
2905533,Electrico FC,Samora Correia,0.0,2.25,COVER,2,1,-0.75,-54,0.75,42,N/A,N/A,N/A,N/A,0
2905523,Anadia,U. Lamas,0.0,2.25,COVER,2,1,0.25,-49,0.5,22,N/A,N/A,N/A,N/A,0
2905525,Beira Mar,FC Alpendorada,0.0,2,PUSH,1,1,0.25,-42,-1,12,CUBIERTO,0.25 → 0,CUBIERTO,0.75 → 0,0
2905521,Mirandela,Vianense,0.0,2.25,NO_COVER,1,3,0,3,-,13,N/A,N/A,PUSH,0 → 0,0
2905512,Lusitano Evora,CF Os Belenenses,0.0,2.25,NO_COVER,0,1,0.5,49,0,20,N/A,N/A,NO CUBIERTO,0.25 → 0,0
2827138,APOEL Nicosia,Aris Limassol,0.0,2.5,COVER,2,0,1.25,45,0,11,CUBIERTO,-0.25 → 0,CUBIERTO,-0.25 → 0,0
2825246,SC Uniao Torreense U19,Academico Viseu U19,0.0,2.5,COVER,1,0,0.5,24,-0.25,-8,PUSH,0.25 → 0,PUSH,0 → 0,0
2814064,Mamer,Rodange 91,0.0,2.75,NO_COVER,0,2,-,0,0.25,11,N/A,N/A,N/A,N/A,0
2809746,CDEF Logrono (W),Eibar (W),0.0,2,NO_COVER,0,1,-2,-27,2.5,18,NO CUBIERTO,0 → 0,NO CUBIERTO,0 → 0,0
2808229,Burgos Promesas,Real Valladol B,0.0,2.25,PUSH,3,3,-0.5,-7,0.5,-21,NO CUBIERTO,-0.75 → 0,NO CUBIERTO,-0.75 → 0,0
2876217,Estrela Clube 1 de Maio,Progresso da Lunda Sul,0.0,1.75,COVER,1,0,0.25,11,-,0,N/A,N/A,N/A,N/A,0
2794065,Trencin,Tatran Presov,0.0,2.5,PUSH,0,0,-1,-1,1.5,14,CUBIERTO,2.25 → 0,CUBIERTO,0.25 → 0,0
2830486,Merelbeke,zelzate,0.0,2.75,COVER,2,0,-0.5,1,0.25,13,N/A,N/A,CUBIERTO,0 → 0,0
2795744,IMT Novi Beograd,Novi Pazar,0.0,2.5,NO_COVER,2,3,0.5,22,0.5,6,PUSH,0.25 → 0,CUBIERTO,0.25 → 0,0
2907450,Deportivo Aldao,Ben Hur Rafaela,0.0,2.5,NO_COVER,1,3,1.25,-18,0.5,-3,N/A,N/A,NO CUBIERTO,1.25 → 0,0
2907240,Inter Moengo Tapoe,Voorwaarts T,0.0,3.25,PUSH,1,1,-0.25,1,-0.75,-30,CUBIERTO,-0.5 → 0,CUBIERTO,-0.5 → 0,0
2905793,Aguila,Luis Angel Firpo,0.0,2.75,NO_COVER,1,3,0.25,24,-0.5,-5,PUSH,0 → 0,PUSH,0 → 0,0
2905716,CD Achuapa,Deportivo Mixco,0.0,2,COVER,3,2,0.5,19,0.25,36,CUBIERTO,0.25 → 0,NO CUBIERTO,0.75 → 0,0
2722926,Nublense,Cobresal,0.0,2.5,COVER,5,0,0.25,41,0.25,-4,CUBIERTO,0.5 → 0,PUSH,0.5 → 0,0
2735077,Ceara,Palmeiras,0.0,2.25,NO_COVER,1,3,-0.25,-40,-0.25,36,NO CUBIERTO,-0.25 → 0,NO CUBIERTO,1.25 → 0,0
2810926,Erzgebirge Aue,Ingolstadt,0.0,3,PUSH,2,2,0,-27,0.5,7,CUBIERTO,0 → 0,CUBIERTO,0 → 0,0
2801030,Hapoel Haifa,Maccabi Netanya,0.0,3,NO_COVER,3,4,-1.5,0,1,24,PUSH,0.25 → 0,PUSH,0.25 → 0,0
2794769,Pardubice,Hradec Kralove,0.0,2.5,COVER,1,0,-0.25,-10,0.5,-3,CUBIERTO,-0.25 → 0,PUSH,1.25 → 0,0
2797210,UTA Arad,Petrolul Ploiesti,0.0,2.25,COVER,1,0,-0.25,23,1,33,PUSH,0.25 → 0,PUSH,0.25 → 0,0
2822195,Panserraikos,Panaitolikos Agrinio,0.0,2.25,NO_COVER,0,1,-1.25,-21,0.5,-41,PUSH,0.25 → 0,NO CUBIERTO,0.25 → 0,0
2837540,Athletic Carpi,Vis Pesaro,0.0,2.25,PUSH,1,1,0.5,-75,0.25,28,CUBIERTO,0 → 0,CUBIERTO,0 → 0,0
2840470,USD Virtus Verona,US Pergolettese 1932,0.0,2,PUSH,1,1,-0.25,-3,0,-20,NO CUBIERTO,0.5 → 0,CUBIERTO,0 → 0,0
2907457,Green Valley FC,United Chirang Duar FC,0.0,2.5,COVER,2,1,2,15,0,19,CUBIERTO,0 → 0,CUBIERTO,0 → 0,0
2907466,Al-Baqaa Reserves,Ramtha SC Reserves,0.0,3.25,NO_COVER,2,3,-1.5,-30,1.5,9,N/A,N/A,CUBIERTO,0.25 → 0,0
2856862,Siti Worley Garden J,Waterhouse FC,0.0,2.25,COVER,2,1,0.25,19,-0.75,-10,CUBIERTO,0.5 → 0,CUBIERTO,0.5 → 0,0
2906645,Dep.Independiente Medellin,Atletico Junior Barranquilla,0.0,2.5,COVER,2,1,0.75,32,1,38,PUSH,0.75 → 0,NO CUBIERTO,0.25 → 0,0
2814839,Vitoria Guimaraes,Gil Vicente,0.0,2,PUSH,0,0,0.75,4,-0.5,4,CUBIERTO,0.75 → 0,CUBIERTO,-0.25 → 0,0
2905799,Gimnasia La Plata,Estudiantes La Plata,0.0,1.75,NO_COVER,0,1,-0.25,-24,-0.25,29,PUSH,0 → 0,NO CUBIERTO,0.5 → 0,0
2797214,FC Botosani,Rapid Bucuresti,0.0,2.25,PUSH,0,0,-0.25,-7,0.25,0,NO CUBIERTO,-0.25 → 0,NO CUBIERTO,1 → 0,0
2795750,FK Spartak Zlatibor Voda,Backa Topola,0.0,2.25,NO_COVER,1,2,-0.25,-48,0.25,-21,PUSH,-0.5 → 0,NO CUBIERTO,1.25 → 0,0
2801034,Maccabi Bnei Raina,Hapoel Bnei Sakhnin FC,0.0,2.25,NO_COVER,0,1,0.25,16,1,42,CUBIERTO,0 → 0,CUBIERTO,0 → 0,0
2807388,SD Tarazona,CE Europa,0.0,2,PUSH,0,0,0.25,63,0.5,18,NO CUBIERTO,1 → 0,NO CUBIERTO,1 → 0,0
2906620,Valletta FC,Sliema Wanderers FC,0.0,2.5,COVER,3,1,1.5,23,-0.5,-23,PUSH,-0.25 → 0,PUSH,0 → 0,0
2795748,Radnicki Nis,Cukaricki Stankom,0.0,2.5,NO_COVER,1,2,0.25,-21,2.25,-7,PUSH,-0.25 → 0,PUSH,0.75 → 0,0
2907657,Inter Allies,WAFA,0.0,2,NO_COVER,1,2,0.25,-7,1.25,17,CUBIERTO,0 → 0,NO CUBIERTO,1 → 0,0
2881864,Posta Rangers,Nairobi United,0.0,1.75,COVER,2,0,0.25,-8,0.5,16,N/A,N/A,N/A,N/A,0
2907646,Shoban Moslemen Qena,Al Madina Al Monawara SC,0.0,1.75,NO_COVER,0,4,0.25,21,0,19,NO CUBIERTO,-0.5 → 0,NO CUBIERTO,0.5 → 0,0
2797671,Doncaster Rovers,Stockport County,0.0,2.5,NO_COVER,0,2,0.25,-34,-0.5,-28,NO CUBIERTO,-0.5 → 0,NO CUBIERTO,-0.5 → 0,0
2797672,Exeter City,AFC Wimbledon,0.0,2.25,COVER,1,0,0,21,0.75,58,NO CUBIERTO,0 → 0,NO CUBIERTO,0 → 0,0
2797673,Leyton Orient,Luton Town,0.0,2.5,PUSH,1,1,0.5,-11,-0.25,-14,NO CUBIERTO,-0.25 → 0,PUSH,2 → 0,0
2798236,Charlton Athletic,Middlesbrough,0.0,2.25,NO_COVER,1,2,0,-9,-0.25,-1,NO CUBIERTO,0 → 0,NO CUBIERTO,0 → 0,0
2798776,Barrow,Tranmere Rovers,0.0,2.5,NO_COVER,0,3,0,39,0.75,25,NO CUBIERTO,0 → 0,NO CUBIERTO,0 → 0,0
2798782,Notts County,Milton Keynes Dons,0.0,2.5,COVER,3,2,0.25,30,-0.25,-34,CUBIERTO,0.75 → 0,CUBIERTO,0.75 → 0,0
2798784,Shrewsbury Town,Grimsby Town,0.0,2.5,PUSH,1,1,0,-24,0.25,-7,CUBIERTO,0.5 → 0,NO CUBIERTO,0.25 → 0,0
2838969,Vizela U23,Academico Viseu U23,0.0,3,NO_COVER,1,2,0,-29,-0.25,-54,CUBIERTO,0.5 → 0,NO CUBIERTO,0.5 → 0,0
2844697,FC Chernigiv,Probiy Horodenka,0.0,2,COVER,3,0,-,0,1.25,0,N/A,N/A,NO CUBIERTO,0.5 → 0,0
2861072,Inter Milan,Liverpool,0.0,2.75,NO_COVER,0,1,2.75,49,-0.75,-41,NO CUBIERTO,-0.5 → 0,CUBIERTO,1 → 0,0
2874263,Zurrieq,Santa Lucia,0.0,2.75,COVER,4,0,-1.25,-27,0.25,-57,CUBIERTO,0 → 0,CUBIERTO,0 → 0,0
2895608,Esteghlal Khozestan,Kheybar Khorramabad,0.0,1.75,NO_COVER,0,1,-0.25,21,0,2,PUSH,0 → 0,PUSH,0 → 0,0
2904072,Forfar Athletic,Edinburgh City,0.0,2.75,PUSH,1,1,-0.5,-21,0.5,58,NO CUBIERTO,0.5 → 0,PUSH,0 → 0,0
2904267,Bahrain,Sudan,0.0,2,COVER,3,1,-1,-17,1,-29,CUBIERTO,0.75 → 0,CUBIERTO,0.75 → 0,0
2907651,Assam Police,Numaligarh Refinery,0.0,3.25,NO_COVER,0,2,-2.25,13,1,-10,N/A,N/A,N/A,N/A,0
2907692,Misr Insurance FC,Diamond SC,0.0,2,COVER,3,2,0.25,18,0.5,7,N/A,N/A,NO CUBIERTO,-0.25 → 0,0
2907695,Arka Alborz,Shahin Bandar Anzali,0.0,1.5,PUSH,0,0,0,19,0,5,N/A,N/A,N/A,N/A,0
2807365,UD Marbella,Atletico de Madrid B,0.0,2,NO_COVER,0,1,0.5,0,0,-20,CUBIERTO,-0.25 → 0,CUBIERTO,-0.25 → 0,0
2851124,Randers Freja U19,Aarhus AGF U19,0.0,3.25,NO_COVER,1,3,-,0,-,0,N/A,N/A,N/A,N/A,0
2872048,Canberra United (W),Sydney FC (W),0.0,2.5,COVER,2,0,0,-22,-0.25,0,NO CUBIERTO,-0.5 → 0,NO CUBIERTO,-0.5 → 0,0
2901771,MSK Zilina U19,Red Star Belgrade U19,0.0,3.25,COVER,2,0,1,24,-0.25,10,N/A,N/A,NO CUBIERTO,1 → 0,0
2904051,Potenza,Crotone,0.0,2.25,COVER,3,1,0.25,-16,-0.5,-43,PUSH,-0.25 → 0,PUSH,-0.25 → 0,0
2904053,Ternana,Brescia,0.0,2,COVER,4,1,1,-10,-0.25,-18,NO CUBIERTO,0.25 → 0,PUSH,0.25 → 0,0
2905736,Iraq U23,United Arab Emirates U23,0.0,2.5,COVER,1,0,1.25,0,-0.75,-4,CUBIERTO,0.25 → 0,N/A,N/A,0
2905737,Oman U23,Yemen U23,0.0,2.5,PUSH,1,1,-0.5,0,1.25,0,NO CUBIERTO,1.25 → 0,CUBIERTO,-1 → 0,0
2906217,Buhimba United Saints FC,defense forces,0.0,2.75,PUSH,2,2,0.75,33,1.5,-7,N/A,N/A,N/A,N/A,0
2906222,FC Iberia 1999 Tbilisi,Dila Gori,0.0,2.25,NO_COVER,1,3,0.75,-19,-0.75,-56,CUBIERTO,0 → 0,CUBIERTO,0 → 0,0
2907304,Buxoro FK,Xorazm Urganch,0.0,2.25,NO_COVER,1,2,-0.25,2,0,22,PUSH,0.25 → 0,PUSH,0.25 → 0,0
2907982,Freetown City,Freetonians SLIFA,0.0,1.75,NO_COVER,1,2,0,0,0.25,9,PUSH,-0.25 → 0,PUSH,-0.25 → 0,0
2907988,Unique Global FC,Tallinding United,0.0,2,NO_COVER,1,2,0.25,-1,0,15,NO CUBIERTO,0 → 0,NO CUBIERTO,0 → 0,0
2798246,Hull City,Wrexham,0.0,2.5,COVER,2,0,-0.25,-1,0.25,51,CUBIERTO,1 → 0,PUSH,0.5 → 0,0
2861145,Bayer Leverkusen,Newcastle United,0.0,2.75,PUSH,2,2,-0.75,-33,0,7,N/A,N/A,N/A,N/A,0
2907481,Universitario De Vinto,Independiente Petrolero,0.0,2.75,NO_COVER,2,3,-0.25,-14,1,10,CUBIERTO,0.75 → 0,CUBIERTO,0.25 → 0,0
2908031,Real Espana,CD Olimpia,0.0,2.5,NO_COVER,0,1,1.25,32,-0.25,-4,PUSH,0 → 0,NO CUBIERTO,0.5 → 0,0
2905739,Bahrain U23,Kuwait U23,0.0,2.25,NO_COVER,1,2,-1.25,-10,1,3,CUBIERTO,0.25 → 0,PUSH,-0.5 → 0,0
2908054,Pride East Mavericks,Sunrise AC,0.0,2.25,NO_COVER,1,4,0.25,-14,0.75,-37,N/A,N/A,N/A,N/A,0
2908278,Bnei Maghar,Bnei Mamba Golan,0.0,3,PUSH,3,3,0,-5,0.25,-4,N/A,N/A,N/A,N/A,0
2881878,Ulinzi Stars Nakuru,KCB SC,0.0,1.5,NO_COVER,1,2,0.25,3,0.75,0,NO CUBIERTO,0 → 0,NO CUBIERTO,0 → 0,0
2861930,Al-Jazeera,Shabab Al Ordon,0.0,2,COVER,2,1,-0.25,-33,-0.25,10,PUSH,0.25 → 0,PUSH,0.25 → 0,0
2884077,RC Kadiogo,Vitesse Delft,0.0,1.75,COVER,1,0,0.25,17,0.25,-14,PUSH,0 → 0,PUSH,0.25 → 0,0
2884079,Majestic FC,AS Douanes Ouagadougou,0.0,1.75,COVER,3,0,0.25,-2,0.25,15,NO CUBIERTO,0 → 0,NO CUBIERTO,0 → 0,0
2908023,Kanifing East FC,Serrekunda FC,0.0,1.75,PUSH,1,1,0.25,32,0.25,32,NO CUBIERTO,0.25 → 0,NO CUBIERTO,0.25 → 0,0
2908299,Gardnersville FC,LISCR FC,0.0,2.75,NO_COVER,2,3,0,0,0.25,0,PUSH,-2 → 0,PUSH,-2 → 0,0
2856870,Waterhouse FC,Portmore United,0.0,2.25,NO_COVER,1,2,0.75,-4,0,-10,CUBIERTO,-0.25 → 0,CUBIERTO,0.5 → 0,0
2907306,Velez Sarsfield Reserves,Boca Juniors Reserve,0.0,2.25,NO_COVER,0,2,-0.25,-15,-0.75,-18,CUBIERTO,0 → 0,CUBIERTO,0.5 → 0,0
2908402,Real Espana Reserves,CD Olimpia Reservas,0.0,2.75,PUSH,0,0,1.25,33,-0.5,-12,CUBIERTO,-1 → 0,NO CUBIERTO,0.75 → 0,0
2862140,Celta Vigo,Bologna,0.0,2.25,NO_COVER,1,2,0.25,83,-0.5,-24,N/A,N/A,N/A,N/A,0
2862255,Samsunspor,AEK Athens,0.0,2.25,NO_COVER,1,2,2,10,0.75,13,N/A,N/A,N/A,N/A,0
2862209,CS Universitatea Craiova,AC Sparta Prague,0.0,2,NO_COVER,1,2,-0.75,-18,0.25,-15,N/A,N/A,N/A,N/A,0
2862204,FC Noah,Legia Warszawa,0.0,2.5,COVER,2,1,0.5,-16,0.25,2,N/A,N/A,N/A,N/A,0
2862191,FK Shkendija 79,Slovan Bratislava,0.0,2.25,COVER,2,0,-0.25,-42,-0.25,29,N/A,N/A,N/A,N/A,0
2862076,Sturm Graz,Crvena Zvezda,0.0,2.75,NO_COVER,0,1,-0.75,-37,0.75,32,PUSH,-0.25 → 0,PUSH,-0.25 → 0,0
2862084,Ludogorets Razgrad,PAOK Saloniki,0.0,2.5,PUSH,3,3,-0.5,-62,1,38,N/A,N/A,N/A,N/A,0
2862072,Nice,Sporting Braga,0.0,2.5,NO_COVER,0,1,0,30,-0.25,9,N/A,N/A,NO CUBIERTO,0.25 → 0,0
2909201,Atletico Vega Real,Delfines Del Este,0.0,2.75,NO_COVER,0,2,0.75,15,1.75,22,PUSH,0.25 → 0,NO CUBIERTO,0.25 → 0,0
2908951,Tolka Rovers,St. Mochtas,0.0,2.75,COVER,3,2,0.75,22,-1,-24,PUSH,-1 → 0,PUSH,-1 → 0,0
2829107,Aveley,Billericay Town,0.0,2.75,PUSH,3,3,0,0,0,-10,PUSH,-0.5 → 0,PUSH,-0.5 → 0,0
2847408,Rodez Aveyron,Guingamp,0.0,2.5,COVER,2,1,0,26,-0.5,-16,NO CUBIERTO,0 → 0,NO CUBIERTO,0.5 → 0,0
2846272,Royal Olympic Club Charleroi U21,RS Waasland Beveren U21,0.0,3.25,PUSH,2,2,-0.5,-1,-0.75,-29,N/A,N/A,CUBIERTO,0.75 → 0,0
2847402,FC Annecy,Le Mans,0.0,2,NO_COVER,1,2,0.25,56,0,36,PUSH,0.5 → 0,PUSH,0 → 0,0
2847404,Stade Lavallois MFC,USL Dunkerque,0.0,2.25,NO_COVER,1,2,-0.25,-19,0,26,CUBIERTO,0.25 → 0,PUSH,0.75 → 0,0
2846271,Lommel SK U21,Westerlo U21,0.0,3.25,COVER,3,1,1.25,-1,-0.5,-46,NO CUBIERTO,-1.75 → 0,PUSH,0.25 → 0,0
2846270,Francs Borains U21,Patro Eisden U21,0.0,3.25,PUSH,2,2,-0.75,-29,0.5,1,CUBIERTO,-0.25 → 0,CUBIERTO,0.5 → 0,0
2847833,Villefranche,Bourg Peronnas,0.0,2.25,NO_COVER,0,1,-0.5,-18,0.75,14,PUSH,0 → 0,PUSH,0.25 → 0,0
2847829,Paris 13 Atletico,Concarneau,0.0,2.25,PUSH,0,0,0.5,-9,0.75,52,CUBIERTO,1 → 0,CUBIERTO,1 → 0,0
2847832,Valenciennes,Sochaux,0.0,2.25,NO_COVER,0,1,0.5,29,-0.25,5,CUBIERTO,0.25 → 0,CUBIERTO,0.25 → 0,0
2847831,Stade Briochin,Aubagne,0.0,2.25,NO_COVER,1,3,-0.5,-19,0.5,30,N/A,N/A,N/A,N/A,0
2831226,Chauray Fc,Angouleme,0.0,2,PUSH,0,0,-,0,-,0,N/A,N/A,N/A,N/A,0
2807391,Real Betis B,AD Alcorcon,0.0,2,COVER,2,1,-0.25,12,0.5,0,NO CUBIERTO,0.25 → 0,NO CUBIERTO,0.25 → 0,0
2909206,Oslo FA,AS Saloum,0.0,1.75,PUSH,0,0,0.5,-10,0,16,N/A,N/A,N/A,N/A,0
2795196,HNK Vukovar 91,NK Varteks Varazdin,0.0,2.25,COVER,2,0,-0.25,0,1,47,N/A,N/A,NO CUBIERTO,1 → 0,0
2908990,Discoveries SA,Paynesville,0.0,2.75,PUSH,2,2,0.75,15,0,0,N/A,N/A,PUSH,0.25 → 0,0
2888148,Al-Ittihad(BHR),East Riffa,0.0,2.25,NO_COVER,0,2,0,-2,-1,-25,NO CUBIERTO,-2 → 0,NO CUBIERTO,-2 → 0,0
2908391,Attram De Visser,Port City FC Ghana,0.0,2,NO_COVER,0,1,0.5,31,-0.5,0,N/A,N/A,N/A,N/A,0
2908044,Jordan,Iraq,0.0,2,COVER,1,0,-0.25,-5,0.75,47,NO CUBIERTO,0.25 → 0,NO CUBIERTO,0.25 → 0,0
2909207,AO Kavala U19,Panargiakos U19,0.0,2.75,NO_COVER,0,1,-2,-30,2,23,N/A,N/A,N/A,N/A,0
2908332,Kmka,Chipukizi FC,0.0,1.75,PUSH,2,2,-0.25,-3,0.75,0,CUBIERTO,0.75 → 0,CUBIERTO,0.25 → 0,0
2855937,Maccabi Kabilio Jaffa,Hapoel Kfar Shalem,0.0,3,NO_COVER,1,3,-0.25,11,0,20,CUBIERTO,-0.5 → 0,PUSH,1 → 0,0
2801269,Bologna U20,AC Milan U20,0.0,2.5,PUSH,1,1,0,-7,0.75,-44,CUBIERTO,-0.75 → 0,NO CUBIERTO,0.75 → 0,0
2908953,Muscat,Jalan,0.0,2.25,COVER,2,1,0.25,-8,0,12,PUSH,0 → 0,CUBIERTO,-0.25 → 0,0
2852475,Abha,Al Ula FC,0.0,2.5,COVER,2,0,0.5,28,-1.25,25,N/A,N/A,N/A,N/A,0
2908960,Kisumu All Stars,Naivas FC,0.0,1.5,COVER,1,0,0.25,41,0.25,13,CUBIERTO,0 → 0,CUBIERTO,0 → 0,0
2908331,ACS CIL Blaj,ACS Progresul Pecica,0.0,3,COVER,3,0,1.75,63,2,14,N/A,N/A,N/A,N/A,0
2821250,Yesil Yalova FK,Etimesgut Belediye Spor,0.0,2,NO_COVER,0,1,1,-2,0.25,0,N/A,N/A,N/A,N/A,0
2819258,Fethiyespor,Belediye Derincespor,0.0,2.5,PUSH,0,0,-0.5,-2,1,32,NO CUBIERTO,1 → 0,N/A,N/A,0
2795541,FK Usce Novi Beograd,Dinamo Jug,0.0,2.25,PUSH,0,0,-0.25,14,0,9,N/A,N/A,NO CUBIERTO,0.25 → 0,0
2902440,Havadar SC,Nassaji Mazandaran,0.0,1.75,PUSH,1,1,0.5,5,0,-40,NO CUBIERTO,0.25 → 0,PUSH,1 → 0,0
2838071,Kasetsart FC,Khonkaen United,0.0,2.75,PUSH,3,3,0,35,-0.75,-19,PUSH,-0.5 → 0,PUSH,-0.5 → 0,0
2908394,DBI SC,Oil India,0.0,2.75,NO_COVER,1,2,0.5,104,0.25,-14,N/A,N/A,N/A,N/A,0
2882259,Rahmatganj MFS,Fortis Limited,0.0,2.25,NO_COVER,0,1,1.25,22,-1.25,9,CUBIERTO,-0.25 → 0,NO CUBIERTO,-0.25 → 0,0
2793853,Carrick Rangers,Dungannon Swifts,0.0,2.5,PUSH,3,3,0.5,1,0,-11,NO CUBIERTO,-0.25 → 0,CUBIERTO,0.25 → 0,0
2793858,Portadown,Ballymena United,0.0,2.5,COVER,1,0,-0.5,0,-0.25,-11,NO CUBIERTO,0 → 0,NO CUBIERTO,0 → 0,0
2795542,FK Vrsac,Jedinstvo UB,0.0,2,PUSH,0,0,0.25,-10,0.5,-23,CUBIERTO,0.25 → 0,PUSH,0.75 → 0,0
2797683,AFC Wimbledon,Mansfield Town,0.0,2.25,PUSH,0,0,0,-9,0.75,16,CUBIERTO,0 → 0,CUBIERTO,0 → 0,0
2798253,Oxford United,Preston North End,0.0,2.25,NO_COVER,1,2,-0.75,-33,-0.25,9,CUBIERTO,0 → 0,PUSH,0.5 → 0,0
2798254,Portsmouth,Blackburn Rovers,0.0,2.25,COVER,2,1,-0.25,8,0.25,13,CUBIERTO,0 → 0,CUBIERTO,0 → 0,0
2798791,Crawley Town,Oldham Athletic,0.0,2.5,PUSH,2,2,0.25,23,0,-2,PUSH,0.25 → 0,PUSH,0 → 0,0
2798796,Tranmere Rovers,Crewe Alexandra,0.0,2.5,NO_COVER,1,4,-0.25,-34,0.25,44,CUBIERTO,0 → 0,CUBIERTO,0 → 0,0
2800854,FK Sloga Doboj,FK Velez Mostar,0.0,2,NO_COVER,1,2,0.5,14,1,-24,CUBIERTO,0 → 0,NO CUBIERTO,1 → 0,0
2803721,SV Austria Salzburg,First Wien 1894,0.0,2.5,PUSH,0,0,0.5,-2,-0.25,-10,N/A,N/A,NO CUBIERTO,1 → 0,0
2807013,Osasuna B,CD Lugo,0.0,2,PUSH,0,0,-0.25,8,0.25,8,NO CUBIERTO,-0.25 → 0,NO CUBIERTO,0.25 → 0,0
2810013,Kryvbas,Kolos Kovalyovka,0.0,2.25,PUSH,1,1,0.5,7,-0.25,-21,NO CUBIERTO,0.75 → 0,NO CUBIERTO,0 → 0,0
2810940,Saarbrucken,TSG Hoffenheim (Youth),0.0,3,PUSH,2,2,-0.25,22,0,12,PUSH,1.5 → 0,PUSH,1.5 → 0,0
2812984,Kayserispor,Alanyaspor,0.0,2.75,PUSH,0,0,0,34,0.75,-2,N/A,N/A,N/A,N/A,0
2818930,Altinordu,Beykozspor 1908,0.0,2.5,NO_COVER,0,4,-1.5,-15,1.75,6,PUSH,1 → 0,PUSH,1 → 0,0
2820978,Farnborough Town,Salisbury FC,0.0,2.5,COVER,1,0,0,-10,0.75,0,CUBIERTO,0.75 → 0,NO CUBIERTO,0.25 → 0,0
2825250,Uniao Leiria U19,Academico Viseu U19,0.0,2.75,NO_COVER,0,2,0.25,-46,0,-3,N/A,N/A,PUSH,0.5 → 0,0
2827147,Akritas Chloraka,Ethnikos Achnas FC,0.0,2.5,COVER,3,1,-1.5,-54,1.5,39,NO CUBIERTO,-1.25 → 0,PUSH,0.75 → 0,0
2828316,Prescot Cables,Guiseley,0.0,2.25,COVER,2,0,-0.25,18,0.25,0,CUBIERTO,0 → 0,CUBIERTO,0 → 0,0
2828317,Rushall Olympic,Warrington Town AFC,0.0,2.5,NO_COVER,2,3,0,0,-0.25,0,PUSH,0 → 0,PUSH,-0.25 → 0,0
2829114,Dartford,Folkestone,0.0,2.75,NO_COVER,1,2,0.5,0,-0.25,-27,PUSH,1.25 → 0,PUSH,1.25 → 0,0
2831466,Beauvais,ES Wasquehal,0.0,2.25,PUSH,0,0,0,17,0.25,42,NO CUBIERTO,0.75 → 0,NO CUBIERTO,0.75 → 0,0
2831468,Colmar,Bourges,0.0,2.25,NO_COVER,1,2,-,0,-,0,N/A,N/A,N/A,N/A,0
2832083,Evesham United,Taunton Town,0.0,2.75,COVER,3,0,0.25,0,-0.25,0,N/A,N/A,N/A,N/A,0
2832085,Hungerford Town,Chertsey Town,0.0,2.5,NO_COVER,0,1,0.5,5,0.25,13,CUBIERTO,0.75 → 0,CUBIERTO,0.75 → 0,0
2832090,Weymouth,Berkhamsted Town,0.0,2.75,NO_COVER,0,1,0,0,1.25,5,N/A,N/A,N/A,N/A,0
2835942,FCM Targu Mures,Scolar Resita,0.0,2.5,NO_COVER,0,2,0.25,2,-0.75,-45,N/A,N/A,N/A,N/A,0
2835944,ACS Viitorul Selimbar,CSM Politehnica Iasi,0.0,2.25,COVER,2,1,0,-34,0.75,31,PUSH,0 → 0,NO CUBIERTO,1 → 0,0
2840121,CD Marchamalo,Villarrubia CF,0.0,2.25,NO_COVER,0,2,-,0,-,0,NO CUBIERTO,0 → 0,CUBIERTO,0.75 → 0,0
2840476,Lumezzane,Lecco,0.0,2.25,PUSH,1,1,0,6,1,36,CUBIERTO,0.25 → 0,CUBIERTO,0.25 → 0,0
2840479,Renate AC,Trento,0.0,2,PUSH,1,1,0.25,44,0,-62,PUSH,-0.25 → 0,PUSH,0.25 → 0,0
2843218,Banbury United,Needham Market,0.0,2.75,PUSH,0,0,1,0,0,0,PUSH,0.75 → 0,N/A,N/A,0
2843225,Royston Town,Stourbridge,0.0,2.5,NO_COVER,2,3,0.5,-1,0.75,0,PUSH,0.25 → 0,PUSH,0.25 → 0,0
2845409,Kaohsiung Sunny Bank (W),Taichung Blue Whale (W),0.0,2.75,PUSH,0,0,1.75,41,0.75,27,CUBIERTO,0.25 → 0,NO CUBIERTO,0.25 → 0,0
2848299,Pamplona,CD Izarra,0.0,2.25,COVER,2,1,0,-23,-,0,N/A,N/A,NO CUBIERTO,1.25 → 0,0
2852477,Al-Baten,Al-Adalh,0.0,2.5,PUSH,1,1,-1,-37,0.5,30,CUBIERTO,-0.25 → 0,CUBIERTO,-0.25 → 0,0
2854155,Eastern District SA,Southern District,0.0,2.5,NO_COVER,0,1,-0.75,-24,1.25,-17,N/A,N/A,PUSH,0.25 → 0,0
2858964,Uthai Thani FC,Prachuap Khiri Khan,0.0,2.75,COVER,4,0,0.5,17,0.75,-8,CUBIERTO,0.25 → 0,CUBIERTO,0.25 → 0,0
2861705,Al Khor SC,Al-Khuraitiat,0.0,3.25,NO_COVER,1,2,0.25,13,-0.25,-14,NO CUBIERTO,0 → 0,NO CUBIERTO,0 → 0,0
2863455,Unionistas de Salamanca CF B,Colegios Diocesanos,0.0,2.25,NO_COVER,1,2,0,43,-,0,N/A,N/A,N/A,N/A,0
2863754,Aurrera de Vitoria,CD Derio,0.0,2.25,PUSH,1,1,-,0,-0.25,16,N/A,N/A,N/A,N/A,0
2865197,RCD Espanyol B,CD Alcoyano,0.0,1.75,NO_COVER,1,2,0.25,33,0.25,65,NO CUBIERTO,0.5 → 0,NO CUBIERTO,0.5 → 0,0
2869762,Vicenza U20,Cittadella Youth,0.0,2.75,COVER,2,1,-,0,-,0,NO CUBIERTO,1 → 0,NO CUBIERTO,1 → 0,0
2869997,Bari U19,Ternana u20,0.0,2.75,COVER,2,1,0,0,0,-8,NO CUBIERTO,0 → 0,NO CUBIERTO,0.75 → 0,0
2869998,Crotone U19,Cosenza Calcio Youth,0.0,2.5,NO_COVER,2,3,-,0,1.5,27,CUBIERTO,0 → 0,NO CUBIERTO,0.25 → 0,0
2871694,Melbourne Victory,Adelaide United,0.0,3,COVER,2,1,-0.25,31,-0.5,20,CUBIERTO,0.5 → 0,CUBIERTO,0.5 → 0,0
2874272,Gudja United,Zurrieq,0.0,2.5,COVER,1,0,0.5,-18,-0.25,4,NO CUBIERTO,0 → 0,NO CUBIERTO,0 → 0,0
2874371,Chebba,Croissant Msaken,0.0,1.75,PUSH,0,0,0.25,0,0.25,0,NO CUBIERTO,0 → 0,NO CUBIERTO,0 → 0,0
2878159,Yeclano B,Santomera,0.0,2.25,NO_COVER,0,1,-1.25,-1,0.5,-24,N/A,N/A,N/A,N/A,0
2879547,Atletico Arteixo,CD Boiro,0.0,2.25,NO_COVER,0,1,-0.5,6,0.5,-29,PUSH,0.25 → 0,PUSH,0.25 → 0,0
2879550,CF Noia,Cambados,0.0,2.25,COVER,2,1,0.25,27,-0.25,-4,N/A,N/A,N/A,N/A,0
2881874,Mara Sugar FC,Kariobangi Sharks,0.0,1.75,COVER,2,0,0,13,0.25,15,CUBIERTO,0.25 → 0,NO CUBIERTO,0.25 → 0,0
2889218,Olympiakos Piraeus B,Kallithea,0.0,2,PUSH,0,0,0.5,21,0,0,NO CUBIERTO,-0.25 → 0,CUBIERTO,0.5 → 0,0
2906686,Al-Safa,Al-Ahed,0.0,2.5,NO_COVER,0,1,1.25,30,-1.25,2,PUSH,0.25 → 0,PUSH,-0.25 → 0,0
2907013,Dover Athletic,Hornchurch,0.0,3,NO_COVER,1,4,1.25,14,-0.75,0,N/A,N/A,PUSH,1 → 0,0
2908197,Panaitolikos U19,Atromitos U19,0.0,2.75,NO_COVER,2,4,-0.75,-37,1.25,52,CUBIERTO,0.5 → 0,CUBIERTO,0.5 → 0,0
2908213,AS Dakar Sacre Coeur,Generation Foot,0.0,1.75,PUSH,1,1,0.25,-2,0.25,-15,NO CUBIERTO,0 → 0,NO CUBIERTO,0 → 0,0
2908388,Burayu FC,Nekemte Ketema,0.0,2,PUSH,0,0,-0.5,-1,0.5,-17,N/A,N/A,N/A,N/A,0
2908984,Hapoel Petah Tikva Nahum Stelmah U19,Maccabi Petach Tikva U19,0.0,3,NO_COVER,3,4,0.5,-46,-,0,NO CUBIERTO,1 → 0,NO CUBIERTO,1 → 0,0
2909045,US Bougouni,AS Korofina,0.0,1.75,COVER,2,1,0.25,-2,0.25,-5,PUSH,0.25 → 0,NO CUBIERTO,-0.25 → 0,0
2909194,Football Club Nave Yosef U19,Beitar Nes Tubruk U19,0.0,3,COVER,3,2,1.25,38,0.5,-17,NO CUBIERTO,-1.5 → 0,NO CUBIERTO,-1.5 → 0,0
2909215,Real Betis (W),CE Europa (W),0.0,2.5,COVER,3,1,-1.25,-72,1.75,35,N/A,N/A,N/A,N/A,0
2909216,Shepshed Dynamo,Coleshill Town,0.0,2.5,NO_COVER,0,1,0.25,17,0,-3,CUBIERTO,0 → 0,NO CUBIERTO,0.25 → 0,0
2909222,Fundacion Albacete (W),Villarreal (W),0.0,2,COVER,1,0,0.25,-7,0.25,6,NO CUBIERTO,0 → 0,NO CUBIERTO,0.5 → 0,0
2909238,CD Indautxu,Amorebieta B,0.0,2.5,COVER,3,0,-0.25,2,0,-1,N/A,N/A,N/A,N/A,0
2909245,Hapoel Hod Hasharon U19,Hapoel Jerusalem Malka U19,0.0,3.25,PUSH,1,1,0.5,18,-2,-10,NO CUBIERTO,-1 → 0,NO CUBIERTO,-1 → 0,0
2909249,Iris Club de Croix,Drancy,0.0,2.5,COVER,2,0,0.5,-4,0.25,-18,N/A,N/A,CUBIERTO,0 → 0,0
2909253,Vointa 2024 Crevedia,Progresul Mogosoaia,0.0,2.75,PUSH,0,0,0,8,0,0,N/A,N/A,NO CUBIERTO,0.75 → 0,0
2909273,Seyssinet,Stade Beaucairois,0.0,2.75,NO_COVER,2,3,-0.75,7,0.25,10,N/A,N/A,N/A,N/A,0
2909285,Racing Zaragoza U19,Huesca U19,0.0,2.75,COVER,1,0,-0.75,-8,-1.25,30,PUSH,-0.5 → 0,PUSH,-0.5 → 0,0
2909290,Amitie FC,Kaffrine,0.0,1.75,NO_COVER,1,3,0,-43,0.25,-3,N/A,N/A,N/A,N/A,0
2909302,Torcy,ASM Belfortaine,0.0,2.25,NO_COVER,0,2,-0.75,-5,0,13,N/A,N/A,N/A,N/A,0
2909306,Guingamp B,Pontivy,0.0,2.25,NO_COVER,0,1,-0.25,-22,0.25,1,PUSH,1 → 0,PUSH,1 → 0,0
2909338,Mighty Blackpool,Ports Authority FC,0.0,2,NO_COVER,1,3,0,17,0,0,CUBIERTO,0.25 → 0,CUBIERTO,0.25 → 0,0
2909373,Nib FC,Batu Ketema,0.0,2,PUSH,0,0,0.5,0,0.5,-6,N/A,N/A,N/A,N/A,0
2909400,Cambridge City,Brightlingsea Regent,0.0,2.5,PUSH,0,0,-0.25,-2,0.25,-23,NO CUBIERTO,0 → 0,NO CUBIERTO,0.5 → 0,0
2909402,Cesena (W),Bologna W,0.0,2,COVER,2,1,0.5,-16,-0.75,-10,CUBIERTO,-0.75 → 0,CUBIERTO,-0.75 → 0,0
2909437,Alicante,Benidorm,0.0,2.25,NO_COVER,1,2,0.75,4,-0.75,-11,N/A,N/A,N/A,N/A,0
2909519,Inyemera WFC (W),Bugesera (W),0.0,1.5,COVER,2,0,-0.25,-4,1.5,22,PUSH,0 → 0,PUSH,0 → 0,0
2909528,Zimamoto SC,KVZSC,0.0,2,COVER,2,1,0.5,26,-0.25,11,PUSH,0.25 → 0,NO CUBIERTO,0.25 → 0,0
2909540,Raj Pracha FC,VRN Muangnont,0.0,3,NO_COVER,0,1,1,-40,1.75,11,CUBIERTO,0.25 → 0,NO CUBIERTO,-0.25 → 0,0
2871696,Wellington Phoenix,Newcastle Jets,0.0,3,NO_COVER,1,3,-0.5,20,1.25,27,CUBIERTO,0.75 → 0,CUBIERTO,0.75 → 0,0
2909421,Circle Newtown United,Bath United,0.0,3.25,COVER,3,1,-2.25,-32,2,28,NO CUBIERTO,0.25 → 0,NO CUBIERTO,0.25 → 0,0
2907328,Sporting Braga II,Vitoria Guimaraes B,0.0,1.75,PUSH,0,0,0,-7,0,35,CUBIERTO,0.5 → 0,PUSH,0.25 → 0,0
2909251,Hapoel Kiryat Ono,Beitar Ramat Gan,0.0,2.75,PUSH,1,1,0.75,-5,0,-1,CUBIERTO,0.25 → 0,CUBIERTO,0.25 → 0,0
2830491,Hoogstraten VV,Dessel Sport,0.0,3,COVER,2,0,0,1,-0.25,8,NO CUBIERTO,-0.25 → 0,CUBIERTO,0.75 → 0,0
2866834,Moadon Sport Tira,Maccabi Ata Bialik,0.0,2.75,COVER,1,0,1,31,-0.5,-31,CUBIERTO,0.25 → 0,NO CUBIERTO,0 → 0,0
2909055,AS Bakaridjan,Binga,0.0,1.75,NO_COVER,0,2,0,-4,0,14,PUSH,0.5 → 0,PUSH,0 → 0,0
2814847,Rio Ave,Vitoria Guimaraes,0.0,2.25,NO_COVER,0,1,-0.25,-15,-0.25,-14,PUSH,-0.5 → 0,NO CUBIERTO,0.75 → 0,0
2909656,US Castanet,Colomiers,0.0,2.25,COVER,2,1,0.25,4,0,-16,NO CUBIERTO,0 → 0,NO CUBIERTO,0 → 0,0
2909272,Vierzon,Macon,0.0,2.5,COVER,3,1,-0.25,7,-0.25,3,N/A,N/A,N/A,N/A,0
2789018,MTK Hungaria,Ujpesti,0.0,3,NO_COVER,3,4,0.25,-30,0,-5,NO CUBIERTO,0.25 → 0,CUBIERTO,0.5 → 0,0
2807014,Ourense CF,Barakaldo CF,0.0,2,PUSH,2,2,0.25,-9,0.5,0,NO CUBIERTO,-0.25 → 0,PUSH,1 → 0,0
2908318,VV Sint Bavo,FC Rijnvogels,0.0,3,COVER,3,1,0.5,28,-0.5,5,N/A,N/A,N/A,N/A,0
2909297,Bo Rangers,FC Kallon,0.0,2,PUSH,1,1,1.5,19,0.25,0,PUSH,0 → 0,PUSH,0 → 0,0
2869996,AS Avellino Youth,Pisa U19,0.0,3,COVER,2,1,0,-18,-0.25,-23,NO CUBIERTO,0 → 0,PUSH,0.5 → 0,0
2908986,Maccabi Herzliya U19,Hapoel Nir Ramat Hasharon U19,0.0,3,NO_COVER,0,3,-0.5,-14,0.5,12,PUSH,-1 → 0,NO CUBIERTO,2 → 0,0
2909570,Inter Taoyuan FC,FuJen University FC,0.0,3,PUSH,1,1,2.25,0,-1.5,8,N/A,N/A,N/A,N/A,0
2908992,Onze Createurs,Afrique Football Elite,0.0,1.75,NO_COVER,0,1,-0.25,-13,0.25,-37,NO CUBIERTO,0 → 0,CUBIERTO,0.25 → 0,0
2869051,Wong Tai Sin,Wing Yee FT,0.0,3,PUSH,1,1,0,32,0.25,-27,NO CUBIERTO,-0.5 → 0,NO CUBIERTO,-0.5 → 0,0
2869052,Wan Chai,Yau Tsim Mong,0.0,3.5,COVER,2,0,-2.75,-78,-1.5,-40,NO CUBIERTO,-1.25 → 0,NO CUBIERTO,2.25 → 0,0
2872061,WS Wanderers (W),Central Coast Mariners (W),0.0,2.75,NO_COVER,1,2,-0.25,0,0.25,5,NO CUBIERTO,0 → 0,CUBIERTO,1 → 0,0
2909826,ACDC FC,Pluakdaeng United,0.0,2.5,COVER,3,0,-,0,1,18,NO CUBIERTO,0 → 0,NO CUBIERTO,0 → 0,0
2909336,Volos NFC (W),AO Rea (W),0.0,2.75,PUSH,1,1,0.5,27,0.5,3,N/A,N/A,N/A,N/A,0
2909658,Gazisehir Gaziantep FK U19,Goztepe U19,0.0,2.5,NO_COVER,0,1,0.25,-1,0.75,33,CUBIERTO,-0.5 → 0,CUBIERTO,0.5 → 0,0
2908371,UDI 19,RBC Roosendaal,0.0,3,COVER,5,3,-0.5,5,0.5,-2,N/A,N/A,N/A,N/A,0
2909320,Akrites Sykeon,AEP Kozani,0.0,2.25,COVER,4,0,-1,0,-0.25,-8,N/A,N/A,N/A,N/A,0
2909315,Diagoras,AO Neas Ionias,0.0,2,COVER,3,0,0.25,-4,-0.25,-13,N/A,N/A,PUSH,0.75 → 0,0
2909325,Thyella Rafinas,Kyanos Astir Varis,0.0,2,COVER,2,1,1.25,28,0.25,28,NO CUBIERTO,0 → 0,NO CUBIERTO,0.5 → 0,0
2909337,Agia Paraskevi (W),AE Kifisias (W),0.0,2.75,COVER,3,0,-2.25,-11,3.25,40,N/A,N/A,CUBIERTO,-1 → 0,0
2790839,AFC Ajax,Feyenoord,0.0,3.25,COVER,2,0,1.25,5,-1.5,-7,CUBIERTO,0.5 → 0,CUBIERTO,0.5 → 0,0
2797223,Petrolul Ploiesti,Universitaea Cluj,0.0,2,NO_COVER,0,1,0.75,9,-0.25,23,PUSH,-0.25 → 0,PUSH,0.75 → 0,0
2837554,Pontedera,Sambenedettese,0.0,2.25,PUSH,1,1,0,16,1,10,N/A,N/A,N/A,N/A,0
2830490,Diegem Sport,Cercle Brugge II,0.0,3.25,PUSH,1,1,0.25,-16,2,6,N/A,N/A,CUBIERTO,0.5 → 0,0
2907508,Budoni,ASD Flaminia Civita Castellana,0.0,2.5,PUSH,0,0,-,0,0.5,-45,N/A,N/A,N/A,N/A,0
2907509,Montespaccato,Ischia Isolaverde,0.0,2.5,COVER,2,0,-0.25,0,-,0,N/A,N/A,N/A,N/A,0
2907511,Real Monterotondo,Atletico Lodigiani,0.0,2.25,PUSH,1,1,-,0,1.25,0,N/A,N/A,N/A,N/A,0
2907576,SCD Progresso Calcio,ACD SantAngelo,0.0,2.25,COVER,1,0,-0.5,-8,0.75,0,PUSH,0 → 0,PUSH,0 → 0,0
2907599,ACSD Saluzzo,ASD Citta Di Varese,0.0,2.25,PUSH,1,1,0.5,-17,-,0,N/A,N/A,N/A,N/A,0
2907594,Club Milano,Sanremese,0.0,2,PUSH,0,0,0.25,17,0.5,-13,N/A,N/A,N/A,N/A,0
2907604,US Breno,Varesina Calcio,0.0,2.5,COVER,2,0,-,0,1,0,N/A,N/A,N/A,N/A,0
2908375,Meerssen,UNA,0.0,2.75,PUSH,1,1,-0.75,14,0,20,NO CUBIERTO,0 → 0,NO CUBIERTO,0 → 0,0
2907636,ASD Victor San Marino,San Nicolo,0.0,2.25,NO_COVER,0,1,0.25,-26,-,0,N/A,N/A,N/A,N/A,0
2830281,Schaerbeek Evere,Stockay-Warfusee,0.0,2.75,NO_COVER,1,2,-1.25,26,0,0,N/A,N/A,NO CUBIERTO,0.25 → 0,0
2839550,Carrarese,ACD Virtus Entella,0.0,2.25,COVER,3,1,0.5,23,0,-7,CUBIERTO,0.5 → 0,PUSH,-1 → 0,0
2907549,Messina,Igea Virtus,0.0,2.25,COVER,1,0,-,0,0,25,CUBIERTO,0.5 → 0,CUBIERTO,0.5 → 0,0
2861707,Lusail Russell City,Umm Salal,0.0,3,PUSH,3,3,0.25,-11,-0.5,0,N/A,N/A,N/A,N/A,0
2808549,CD Ebro,Utebo FC,0.0,2,COVER,3,1,0,12,0.75,8,CUBIERTO,0.75 → 0,NO CUBIERTO,-0.5 → 0,0
2863449,CD Becerril,CD La Virgen Del Camino,0.0,2,NO_COVER,1,2,-0.75,-13,0,-14,NO CUBIERTO,0.5 → 0,PUSH,0.75 → 0,0
2879827,Bell Bridget,Epila CF,0.0,2,NO_COVER,0,2,0.25,1,-0.25,-4,NO CUBIERTO,0.25 → 0,NO CUBIERTO,0.25 → 0,0
2905473,Leafield Athletic LFC (W),Swindon (W),0.0,3.5,NO_COVER,2,3,1,31,-,0,N/A,N/A,N/A,N/A,0
2907519,Sintrense,Atletico Malveira,0.0,2,PUSH,2,2,0.25,43,-,0,N/A,N/A,CUBIERTO,-0.75 → 0,0
2907524,Dezembro,FC Caldas,0.0,2.25,COVER,2,0,0.25,22,-0.25,-19,PUSH,0.25 → 0,PUSH,0.25 → 0,0
2907529,Peniche,Uniao Da Serra,0.0,2.25,COVER,3,2,1.25,43,0.25,-20,N/A,N/A,N/A,N/A,0
2907526,Mortagua,GD Vitoria Sernache,0.0,2,NO_COVER,0,1,0,-2,-0.5,-34,PUSH,0.5 → 0,PUSH,0.25 → 0,0
2907541,U. Lamas,Beira Mar,0.0,2,COVER,2,1,1.5,14,0,-4,NO CUBIERTO,1 → 0,NO CUBIERTO,1 → 0,0
2852482,Al-Wehda,Al Anwar SA,0.0,2.25,COVER,3,1,0,-26,1,51,N/A,N/A,N/A,N/A,0
2804447,Celta Vigo,Athletic Bilbao,0.0,2.25,COVER,2,0,0.75,0,-0.5,-22,NO CUBIERTO,0 → 0,NO CUBIERTO,0 → 0,0
2809469,Quintanar Del Rey,UD San Sebastian Reyes,0.0,1.75,NO_COVER,0,2,-0.25,0,-0.25,-25,N/A,N/A,N/A,N/A,0
2810939,Jahn Regensburg,SV Waldhof Mannheim,0.0,3,COVER,3,0,-0.25,-30,-0.5,22,CUBIERTO,0.25 → 0,NO CUBIERTO,-0.25 → 0,0
2908368,FC Mouna,CO Korhogo,0.0,2,PUSH,0,0,-,0,-0.5,-14,N/A,N/A,N/A,N/A,0
2800429,Austria Wien,Sturm Graz,0.0,2.5,COVER,3,1,0.75,-3,-0.5,-3,CUBIERTO,0 → 0,CUBIERTO,0.5 → 0,0
2809162,Real Jaen CF,UCAM Murcia,0.0,2,NO_COVER,0,3,0,-12,0.25,46,NO CUBIERTO,0 → 0,NO CUBIERTO,0 → 0,0
2809165,Lorca Deportiva FC,Aguilas CF,0.0,1.75,NO_COVER,0,1,0.5,22,0.25,7,PUSH,-0.75 → 0,PUSH,0.75 → 0,0
2909664,UD La Cruz Villanovense U19,Badazous U19,0.0,2.5,NO_COVER,0,2,-0.5,-33,0.75,3,NO CUBIERTO,0.25 → 0,CUBIERTO,0 → 0,0
2840477,A.C. Ospitaletto,Pro Vercelli,0.0,2,COVER,2,0,0.25,18,0.25,29,N/A,N/A,N/A,N/A,0
2908217,AS Camberene,Mbour,0.0,1.25,COVER,2,1,0,-58,0.75,4,N/A,N/A,N/A,N/A,0
2908220,Guediawaye,ASC Jaraaf,0.0,1.25,NO_COVER,1,2,0,-9,0,-5,PUSH,0 → 0,N/A,N/A,0
2909195,Club Aurora,Antigua GFC,0.0,2.25,NO_COVER,0,1,0.25,16,0.25,-11,CUBIERTO,0 → 0,CUBIERTO,1.25 → 0,0
2807396,Atletico Sanluqueno,Hercules,0.0,2,PUSH,1,1,0.25,16,0.5,-11,PUSH,0 → 0,CUBIERTO,0 → 0,0
2900792,Valletta FC,Sliema Wanderers FC,0.0,2.25,NO_COVER,1,2,1,0,-0.25,-10,CUBIERTO,0 → 0,CUBIERTO,0 → 0,0
2789017,Kisvarda FC,ZalaegerzsegTE,0.0,2.75,PUSH,3,3,-1,-8,0.5,6,CUBIERTO,0.25 → 0,CUBIERTO,0.5 → 0,0
2807811,AD Ceuta,Las Palmas,0.0,2,PUSH,1,1,0.25,14,0.25,1,N/A,N/A,N/A,N/A,0
2784623,Bologna,Juventus,0.0,2.25,NO_COVER,0,1,1.25,56,0.25,24,PUSH,0 → 0,PUSH,0 → 0,0
2909188,Club Atletico Acassuso,Deportivo Armenio,0.0,1.75,COVER,1,0,-0.5,27,0,22,NO CUBIERTO,-0.25 → 0,NO CUBIERTO,-0.25 → 0,0
2883261,Corinthians Paulista (SP),Cruzeiro,0.0,2.25,NO_COVER,1,2,0.75,-7,0.25,0,PUSH,0 → 0,CUBIERTO,0.5 → 0,0
2909743,Academia Mascherano,Rivadavia Lincoln,0.0,2.25,PUSH,2,2,0.25,0,-0.5,-20,NO CUBIERTO,-0.25 → 0,NO CUBIERTO,0.25 → 0,0
2814840,FC Arouca,Alverca,0.0,2.25,COVER,1,0,-1,-73,0.25,-2,N/A,N/A,N/A,N/A,0
2856871,Arnett Gardens,Montego Bay Utd,0.0,2.75,NO_COVER,0,1,0.5,19,-0.25,-1,CUBIERTO,0 → 0,CUBIERTO,0 → 0,0
2804451,Rayo Vallecano,Real Betis,0.0,2.5,PUSH,0,0,0.5,-3,0,17,PUSH,-0.25 → 0,PUSH,-0.25 → 0,0
2855934,Hapoel Acre FC,Hapoel Kfar Saba,0.0,2.25,COVER,2,1,0,-19,0.25,-19,PUSH,0.25 → 0,PUSH,0.25 → 0,0
2909888,East End Lions,Old Edwardians,0.0,2,COVER,2,1,0.25,0,-0.25,0,PUSH,0.25 → 0,NO CUBIERTO,-0.25 → 0,0
2866950,Hapoel Bnei Musmus,Hapoel Ironi Baka El Garbiya,0.0,2.5,PUSH,1,1,-,0,-0.5,0,N/A,N/A,PUSH,0 → 0,0
2909652,Sporting Atletico U19,Malaga U19,0.0,3,COVER,3,1,0.5,0,0.25,6,N/A,N/A,NO CUBIERTO,1 → 0,0
2839041,Uniao Leiria U23,Farense U23,0.0,2.75,NO_COVER,0,1,0,-19,1,45,N/A,N/A,CUBIERTO,0.5 → 0,0
2909896,Shabab Al Ahli Dubai U19,Al Wehda(UAE) U19,0.0,3,NO_COVER,0,2,0.5,25,-1.75,-33,CUBIERTO,1.5 → 0,CUBIERTO,1.5 → 0,0
2909894,Al Ittihad Kalba U19,Dabba Al-Fujairah U19,0.0,3.5,NO_COVER,2,3,-1,-11,1.25,29,N/A,N/A,NO CUBIERTO,0.25 → 0,0
2909914,Al Faisaly Amman Reserves,Al-Hussein SC Reserve,0.0,2.5,PUSH,1,1,-0.75,-1,-1.75,-53,N/A,N/A,N/A,N/A,0
2909895,Tanjong Pagar United U23,Tampines Rovers FC U23,0.0,3.25,COVER,4,3,1.25,26,0,-3,N/A,N/A,N/A,N/A,0
2909868,Momoyama Gakuin University,Hiroshima University of Economics,0.0,3,NO_COVER,1,2,-,0,1.75,36,N/A,N/A,N/A,N/A,0
2910014,Steve Biko,Fortune FC,0.0,1.75,NO_COVER,1,2,-0.25,-7,0.5,-10,NO CUBIERTO,0 → 0,PUSH,0.5 → 0,0
2910466,Polisi SC,Kipanga FC,0.0,1.75,NO_COVER,0,1,0.5,29,0.75,-9,N/A,N/A,N/A,N/A,0
2910461,Mlandege FC,KVZSC,0.0,1.75,COVER,1,0,0.75,0,0,-37,PUSH,0.25 → 0,PUSH,0.25 → 0,0
2908257,BUL FC,Uganda Police FC,0.0,2,NO_COVER,1,3,0,-3,-0.25,-54,PUSH,1.25 → 0,PUSH,1.25 → 0,0
2842203,Barnsley U21,Huddersfield Town U21,0.0,3.5,NO_COVER,2,3,0.25,0,-0.75,-1,NO CUBIERTO,-0.5 → 0,NO CUBIERTO,-0.5 → 0,0
2801277,AC Milan U20,Parma U20,0.0,2.5,COVER,2,0,0.5,26,-0.5,-6,N/A,N/A,N/A,N/A,0
2910433,Hapoel Umm al-Fahm U19,Maccabi Ironi Kiryat Ata U19,0.0,3,COVER,2,0,0.25,-1,0.5,0,NO CUBIERTO,-0.5 → 0,NO CUBIERTO,1.25 → 0,0
2909988,Ironi Tiberias U19,SC Kiryat Yam U19,0.0,3.25,NO_COVER,0,2,-0.5,10,0.5,-15,N/A,N/A,N/A,N/A,0
2858967,Rayong FC,Ratchaburi FC,0.0,2.75,NO_COVER,2,4,0.5,64,1.25,14,NO CUBIERTO,-0.25 → 0,NO CUBIERTO,-0.25 → 0,0
2838972,Leixoes U23,Braga U23,0.0,2.5,COVER,1,0,0.5,11,0.5,21,PUSH,-0.25 → 0,PUSH,1 → 0,0
2801282,Lazio U20,Torino U20,0.0,2.5,PUSH,2,2,-,0,0.5,-2,CUBIERTO,0.25 → 0,CUBIERTO,0.25 → 0,0
2818943,Kastamonuspor,S.Urfaspor,0.0,2.25,NO_COVER,2,4,0.5,0,-0.25,-2,N/A,N/A,N/A,N/A,0
2821492,Diyarbakirspor,Kilis Bld.Spor,0.0,2.25,COVER,2,0,0.25,-19,-,0,N/A,N/A,PUSH,0.75 → 0,0
2910039,Konan University,Hiroshima University of Economics,0.0,2.75,NO_COVER,0,1,0.25,9,0,6,N/A,N/A,N/A,N/A,0
2910481,SC Internacional U20 (W),Flamengo RJ U20 (W),0.0,2.75,NO_COVER,1,2,2.75,72,-0.25,11,NO CUBIERTO,0.75 → 0,NO CUBIERTO,0.75 → 0,0
2906138,Blooming,Bolivar,0.0,3,PUSH,1,1,1.25,43,0,-18,NO CUBIERTO,-0.25 → 0,NO CUBIERTO,-0.25 → 0,0
2904070,Elgin City,East Fife,0.0,3.25,NO_COVER,2,3,1.5,20,-0.25,-29,CUBIERTO,0 → 0,NO CUBIERTO,0.5 → 0,0
2820234,Scarborough,Radcliffe Borough,0.0,2.75,NO_COVER,0,3,0.5,14,-0.5,-17,CUBIERTO,0.5 → 0,CUBIERTO,0.5 → 0,0
2820271,Alfreton Town,Southport FC,0.0,2.25,PUSH,1,1,-0.5,9,0.5,-6,NO CUBIERTO,0.5 → 0,NO CUBIERTO,0.5 → 0,0
2818091,Truro City,Wealdstone FC,0.0,2.5,COVER,2,0,0.25,25,0.25,-7,NO CUBIERTO,0 → 0,NO CUBIERTO,0.25 → 0,0
2854088,Leeds United U21,Borussia Dortmund (Youth),0.0,2.75,NO_COVER,0,3,-0.75,-46,,0,N/A,N/A,N/A,N/A,0
2846029,Halifax Town,Newcastle U21,0.0,3.25,PUSH,0,0,0.25,-17,0,-6,N/A,N/A,N/A,N/A,0
2908256,Egypt,Nigeria,0.0,2.25,COVER,2,1,0.5,18,-,0,CUBIERTO,0.5 → 0,NO CUBIERTO,-0.25 → 0,0
2908056,Deportivo La Coruna,Mallorca,0.0,2.25,COVER,1,0,,0,-0.75,16,CUBIERTO,0.5 → 0,NO CUBIERTO,0.25 → 0,0
2908065,Alaves,Sevilla,0.0,2.25,COVER,1,0,,0,-2.25,-15,NO CUBIERTO,0 → 0,NO CUBIERTO,0 → 0,0
2907846,Dep.Independiente Medellin,Atletico Nacional Medellin,0.0,2.25,NO_COVER,0,1,1.5,23,0.25,34,PUSH,0.5 → 0,PUSH,0.5 → 0,0
2884807,Juventus (W),Manchester United (W),0.0,2.75,NO_COVER,0,1,-1.25,-59,0.25,-20,N/A,N/A,N/A,N/A,0
2910454,Richelle United,RCS Onhaye,0.0,2.75,NO_COVER,1,2,0.25,18,-0.25,2,N/A,N/A,N/A,N/A,0
2793265,FC Zurich,Lugano,0.0,2.75,NO_COVER,0,1,1,35,0.25,19,PUSH,0.25 → 0,NO CUBIERTO,0.5 → 0,0
2814356,Anderlecht II,Francs Borains,0.0,2.75,COVER,2,0,-0.25,13,1.25,37,NO CUBIERTO,0 → 0,PUSH,0.5 → 0,0
2908063,SD Huesca,Osasuna,0.0,2.25,PUSH,1,1,,0,-1.5,-54,PUSH,0 → 0,CUBIERTO,1 → 0,0
2908062,Cultural Leonesa,Levante,0.0,2.25,COVER,1,0,0.25,-38,-1.75,-1,N/A,N/A,N/A,N/A,0
2801285,Sassuolo U20,Bologna U20,0.0,2.25,NO_COVER,0,1,-,0,-,0,CUBIERTO,1.25 → 0,CUBIERTO,1.25 → 0,0
2910571,Hapoel Marmorek U19,Beitar Shimshon Tel Aviv U19,0.0,2.5,NO_COVER,1,2,0.25,-2,0.25,-23,N/A,N/A,NO CUBIERTO,-0.5 → 0,0
2905741,Al-Qadsia SC,Al-Arabi Club (KUW),0.0,2.75,NO_COVER,1,2,1.25,15,-1.75,-61,NO CUBIERTO,-0.25 → 0,NO CUBIERTO,0.75 → 0,0
2910568,Naija Ratels (W),Heartland Queens (W),0.0,2.25,PUSH,2,2,-0.5,0,0.25,-16,PUSH,0.25 → 0,NO CUBIERTO,1.5 → 0,0
2821976,Eskisehirspor,Balikesirspor,0.0,2.25,NO_COVER,0,3,-0.25,-7,-,0,NO CUBIERTO,-1 → 0,NO CUBIERTO,-1 → 0,0
2910455,Po Elassonas,Trikala,0.0,2.25,PUSH,1,1,0.5,0,-1.25,-4,N/A,N/A,N/A,N/A,0
2866663,Egaleo Athens,Olympiakos Piraeus B,0.0,2,NO_COVER,0,3,-1.5,0,2,27,PUSH,1 → 0,N/A,N/A,0
2909139,Karagumruk,Istanbulspor,0.0,2.5,PUSH,0,0,,0,,0,CUBIERTO,0.25 → 0,NO CUBIERTO,0.25 → 0,0
2881883,Mathare United,Sofapaka FC,0.0,1.75,COVER,1,0,0.25,17,0.5,17,PUSH,0 → 0,PUSH,0.5 → 0,0
2910507,FC Bombay Gymkhana,India On Track,0.0,2,NO_COVER,1,7,,0,,0,PUSH,0 → 0,PUSH,0 → 0,0
2821255,Etimesgut Belediye Spor,Kucukcekmece,0.0,2,COVER,2,0,1.5,19,-0.5,8,N/A,N/A,N/A,N/A,0
2821494,Turk Metal Kirikkale,Silifke Belediyespor,0.0,2.25,NO_COVER,0,1,0.25,0,-,0,N/A,N/A,N/A,N/A,0
2821251,1926 Polatli Belediye,Bulvarspor,0.0,2.25,PUSH,1,1,-0.75,-2,1.25,0,N/A,N/A,N/A,N/A,0
2910510,Phuket Andaman,Yala United F.C,0.0,2.25,COVER,3,2,0.25,0,,0,N/A,N/A,N/A,N/A,0
2910589,Costa Rica U20,Canada U20,0.0,2.75,PUSH,0,0,-0.75,0,-,0,CUBIERTO,0.5 → 0,CUBIERTO,0.5 → 0,0
2906041,Nacional Potosi,The Strongest,0.0,3,COVER,1,0,0.5,1,0.25,3,NO CUBIERTO,0.5 → 0,CUBIERTO,1 → 0,0
2910595,Serra Branca EC,America FC Natal RN,0.0,2.5,COVER,2,1,1.25,22,,0,N/A,N/A,N/A,N/A,0
2797701,Reading,Luton Town,0.0,2.5,COVER,3,2,0.25,8,0,-13,PUSH,-0.5 → 0,PUSH,-0.5 → 0,0
2910537,FC Wagadou,Wallidan FC,0.0,1.75,COVER,3,1,0,19,0,19,CUBIERTO,0 → 0,CUBIERTO,0 → 0,0
2884085,Vitesse Delft,Majestic FC,0.0,1.75,NO_COVER,0,1,0,10,0,-19,NO CUBIERTO,0.5 → 0,NO CUBIERTO,0.5 → 0,0
2910516,Gicumbi FC,Marines FC,0.0,2,COVER,1,0,-0.25,11,0.5,-15,NO CUBIERTO,0 → 0,NO CUBIERTO,0.5 → 0,0
2910604,Sunrise AC,Green Valley FC,0.0,2.75,COVER,1,0,-1.5,-5,0,-2,N/A,N/A,N/A,N/A,0
2900797,Mosta FC,Naxxar Lions,0.0,2.75,NO_COVER,2,3,-0.5,-22,0.25,-13,CUBIERTO,-0.25 → 0,CUBIERTO,-0.25 → 0,0
2839561,Bari,Catanzaro,0.0,2.25,NO_COVER,1,2,0.75,38,0.75,29,PUSH,0.5 → 0,PUSH,0.25 → 0,0
2871403,FC Eindhoven,AZ Alkmaar (Youth),0.0,2.75,COVER,3,2,0,-1,0.75,13,NO CUBIERTO,0.25 → 0,CUBIERTO,0.75 → 0,0
2857407,Leicester City U21,Preston North End U21,0.0,3.5,COVER,3,0,0,-24,1.25,-18,N/A,N/A,NO CUBIERTO,-1 → 0,0
2830497,Ninove,zelzate,0.0,3,NO_COVER,4,8,0.25,12,0,-2,N/A,N/A,NO CUBIERTO,0.25 → 0,0
2797231,FC Botosani,CFR Cluj,0.0,2.5,NO_COVER,0,1,0,-8,0.25,42,PUSH,-0.5 → 0,PUSH,1 → 0,0
2911060,Gorilla FC,Rayon Sports FC,0.0,1.75,NO_COVER,1,2,-0.75,5,-0.5,-51,NO CUBIERTO,-0.25 → 0,NO CUBIERTO,-0.25 → 0,0
2842474,ES Setif,JS kabylie,0.0,1.75,COVER,1,0,0.75,7,0,-18,PUSH,0.5 → 0,NO CUBIERTO,1 → 0,0
2911020,Renaissance CB,AS Douanes de Niamey,0.0,2,PUSH,0,0,0.5,43,-0.5,-23,NO CUBIERTO,-0.25 → 0,PUSH,1 → 0,0
2890612,Mekelle 70 Enderta FC,Hadiya Hossana,0.0,1.75,NO_COVER,1,2,-0.25,-3,0.25,-13,N/A,N/A,CUBIERTO,0.5 → 0,0
2911056,Al Duhail U23,Umm Salal U23,0.0,2.5,PUSH,2,2,0,0,-0.75,-3,CUBIERTO,-0.5 → 0,CUBIERTO,-0.5 → 0,0
2902935,WA Tlemcen,JS El Biar,0.0,1.75,NO_COVER,0,1,0.25,12,0.25,31,N/A,N/A,N/A,N/A,0
2902934,RC Arba,CRB Temouchent,0.0,1.75,COVER,1,0,0.75,0,-0.25,1,PUSH,0.25 → 0,NO CUBIERTO,0.75 → 0,0
2902929,ESM Kolea,USM EL HARRACH,0.0,1.75,PUSH,1,1,1,-6,-0.25,7,N/A,N/A,N/A,N/A,0
2911869,New King,Mlandege FC,0.0,2,NO_COVER,1,3,0,-23,0.25,-8,N/A,N/A,N/A,N/A,0
2842471,El Bayadh,USM Khenchela,0.0,1.75,NO_COVER,1,2,-0.5,-31,0.25,-23,NO CUBIERTO,0.5 → 0,NO CUBIERTO,1 → 0,0
2855947,Hapoel Nof HaGalil,Ironi Modiin,0.0,2.5,COVER,3,0,0.5,7,0.25,-16,N/A,N/A,NO CUBIERTO,0.25 → 0,0
2855945,Maccabi Kabilio Jaffa,Hapoel Kfar Saba,0.0,2.75,NO_COVER,1,2,0,-1,0,-20,NO CUBIERTO,0 → 0,NO CUBIERTO,0.5 → 0,0
2855941,Bnei Yehuda Tel Aviv,Hapoel Rishon Lezion,0.0,2.5,PUSH,1,1,-0.25,17,1.25,38,NO CUBIERTO,0.75 → 0,PUSH,0.25 → 0,0
2911043,Nizwa Club,Salalah,0.0,1.75,COVER,2,0,-0.25,-25,0.25,-8,PUSH,0.25 → 0,PUSH,0.25 → 0,0
2910584,Bishoftu Ketema,Boditi Ketema,0.0,2,NO_COVER,0,1,-0.25,14,0.25,0,N/A,N/A,N/A,N/A,0
2852484,Al-Arabi(KSA),Al-Baten,0.0,2.75,COVER,1,0,-0.75,8,0.75,-10,PUSH,0.75 → 0,NO CUBIERTO,-0.25 → 0,0
2852483,Al Anwar SA,Al Bukayriyah,0.0,2,NO_COVER,1,2,-0.25,-16,0.5,28,N/A,N/A,N/A,N/A,0
2906690,Tadamon Sour,Al-Hikma,0.0,2.25,PUSH,0,0,-1.5,-65,-0.5,-3,NO CUBIERTO,0.25 → 0,NO CUBIERTO,0.25 → 0,0
2911023,Cote d＇Or,ANSE Reunion,0.0,2.75,COVER,2,1,,0,-0.25,-2,N/A,N/A,N/A,N/A,0
2911061,Beitar Tel Aviv Ramla,Hapoel Hod HaSharon,0.0,2.75,NO_COVER,0,3,1.25,22,-0.5,7,NO CUBIERTO,0 → 0,NO CUBIERTO,0 → 0,0
2909056,Nib FC,Batu Ketema,0.0,2,NO_COVER,0,1,0,0,0,0,PUSH,0 → 0,PUSH,0 → 0,0
2910585,Nifas Silk Lafto Sub City,Debre Birhan Ketema,0.0,2,PUSH,1,1,-0.5,0,0.5,0,N/A,N/A,N/A,N/A,0
2856423,FC Beitar Yavne,Shimshon Tel Aviv,0.0,2.5,COVER,1,0,-0.5,-17,0,5,N/A,N/A,N/A,N/A,0
2910603,NRB Beni Oulbene U20,US Chaouia U20,0.0,2.75,NO_COVER,0,1,,0,,0,N/A,N/A,N/A,N/A,0
2871697,Western Sydney,Auckland FC,0.0,2.75,NO_COVER,0,2,0.5,26,-0.75,-7,NO CUBIERTO,-0.25 → 0,NO CUBIERTO,0.5 → 0,0
2911036,Dao Ha U19,Hoai Duc U19,0.0,3.25,COVER,7,4,-2.5,-29,3.25,32,N/A,N/A,N/A,N/A,0
2892677,Club Sando,Trinidad Tobago Police FC,0.0,2.75,NO_COVER,1,2,0.75,-15,-,0,NO CUBIERTO,-0.75 → 0,NO CUBIERTO,0.75 → 0,0
2911007,Luis Angel Firpo,Alianza San Salvador,0.0,2.25,PUSH,0,0,0.5,-9,-0.5,13,NO CUBIERTO,0.25 → 0,NO CUBIERTO,0.25 → 0,0
2814851,Estrela da Amadora,Moreirense,0.0,2.25,PUSH,0,0,0.25,7,0.5,-7,CUBIERTO,0 → 0,PUSH,0.5 → 0,0
2849768,Lens (W),Le Havre (W),0.0,2.75,COVER,2,1,0.25,-27,1.5,59,N/A,N/A,N/A,N/A,0
2807402,Antequera CF,Gimnastic Tarragona,0.0,2,COVER,4,2,0.5,0,0,9,N/A,N/A,N/A,N/A,0
2912533,Potiguar RN,Sousa PB,0.0,2.25,PUSH,3,3,0.5,29,,0,NO CUBIERTO,-0.25 → 0,NO CUBIERTO,-0.25 → 0,0
2829902,KAA Gent Ladies (W),Racing Genk (W),0.0,2.5,NO_COVER,1,6,-0.5,15,0.75,34,PUSH,-1.5 → 0,CUBIERTO,0.75 → 0,0
2912009,Villalonga FC,CD Choco,0.0,3.25,PUSH,0,0,,0,0.25,0,N/A,N/A,CUBIERTO,0.5 → 0,0
2790854,NEC Nijmegen,AFC Ajax,0.0,3.25,PUSH,2,2,0.75,2,-0.75,1,NO CUBIERTO,-0.75 → 0,CUBIERTO,1.5 → 0,0
2911947,Amorebieta B,SD Erandio Club,0.0,2.25,NO_COVER,0,1,0.5,7,0.25,10,N/A,N/A,N/A,N/A,0
2911952,Tzeirey Kafr Kana U19,Ironi Nesher U19,0.0,3,NO_COVER,0,1,0.25,-13,0.5,-22,NO CUBIERTO,-0.5 → 0,NO CUBIERTO,-0.5 → 0,0
2839569,Pescara,A.C. Reggiana 1919,0.0,2.25,COVER,2,1,-0.5,17,0.5,48,NO CUBIERTO,0.25 → 0,NO CUBIERTO,0.5 → 0,0
2912034,ASC Wally Daan,US Ouakam Dakar,0.0,1.25,PUSH,0,0,0.5,32,0,-7,N/A,N/A,NO CUBIERTO,0 → 0,0
2807409,SD Tarazona,Teruel,0.0,1.75,COVER,3,2,0,-1,0.5,-7,PUSH,0.25 → 0,PUSH,0 → 0,0
2900793,Floriana F.C.,Sliema Wanderers FC,0.0,2.25,COVER,2,1,0.25,0,0,-47,PUSH,-0.25 → 0,PUSH,-0.25 → 0,0
2854865,Creil U19,Orleans US 45 U19,0.0,2.5,COVER,2,0,-,0,1,74,N/A,N/A,N/A,N/A,0
2809169,CA Antoniano,Deportiva Minera,0.0,2,COVER,1,0,0,-10,0,40,CUBIERTO,0 → 0,CUBIERTO,0 → 0,0
2912033,Teunhueth FC,AS Camberene,0.0,1.25,COVER,1,0,0,-6,0.5,32,N/A,N/A,N/A,N/A,0
2793153,Bellinzona,FC Wil 1900,0.0,2.75,NO_COVER,0,2,0.5,-10,0,25,NO CUBIERTO,0.25 → 0,PUSH,0.25 → 0,0
2911950,Dakar Universite Club,AS Douanes Dakar,0.0,1.5,PUSH,1,1,-0.25,-26,-0.25,-19,NO CUBIERTO,-0.25 → 0,NO CUBIERTO,0.5 → 0,0
2840490,USD Virtus Verona,Lumezzane,0.0,2.25,PUSH,0,0,0,-42,1.25,7,NO CUBIERTO,0.25 → 0,CUBIERTO,0.25 → 0,0
2837564,Asd Pineto Calcio,Gubbio,0.0,2.25,COVER,1,0,-0.25,6,0,12,NO CUBIERTO,0 → 0,NO CUBIERTO,0.25 → 0,0
2911938,BAI Bureh Warriors,Bo Rangers,0.0,1.75,PUSH,0,0,0.25,-2,0.25,0,PUSH,-0.25 → 0,PUSH,-0.25 → 0,0
2801049,Hapoel Bnei Sakhnin FC,Ashdod MS,0.0,2.25,COVER,3,0,-0.25,-13,0.5,-33,PUSH,0 → 0,CUBIERTO,0.25 → 0,0
2911933,Nouakchott Academie,King Nouakchott,0.0,2.25,COVER,2,0,-0.75,10,0.25,6,N/A,N/A,N/A,N/A,0
2864375,Jove Espanol,CD Utiel,0.0,2,PUSH,0,0,0.25,36,-,0,PUSH,0.25 → 0,NO CUBIERTO,0.5 → 0,0
2884088,Etoile Filante de Ouagadougou,Sally Tas,0.0,1.75,NO_COVER,0,2,-0.5,-15,0.5,38,NO CUBIERTO,0.5 → 0,CUBIERTO,0.5 → 0,0
2884087,RC Bobo Dioulasso,RC Kadiogo,0.0,1.5,COVER,1,0,0.25,-14,0.5,4,PUSH,0.75 → 0,CUBIERTO,0 → 0,0
2878164,Mazarron CF,UCAM Murcia CF B,0.0,2,PUSH,1,1,0.75,0,0,17,N/A,N/A,N/A,N/A,0
2825259,Belenenses U19,Uniao Leiria U19,0.0,2.5,COVER,1,0,-1.5,-63,1,27,PUSH,0.75 → 0,NO CUBIERTO,-0.25 → 0,0
2863457,CA Bembibre,Arandina,0.0,2,PUSH,1,1,-0.25,-17,0.25,22,CUBIERTO,-0.75 → 0,CUBIERTO,-0.75 → 0,0
2863763,Pasaia KE,Cultural de Durango,0.0,2,NO_COVER,0,2,0.5,-21,0.25,-14,N/A,N/A,N/A,N/A,0
2810951,TSV 1860 Munchen,SC Verl,0.0,2.75,NO_COVER,0,2,1.25,17,-1,-13,NO CUBIERTO,0 → 0,PUSH,0.25 → 0,0
2879562,Viveiro CF,CD Estradense,0.0,2,NO_COVER,0,3,-,0,-,0,NO CUBIERTO,-0.25 → 0,NO CUBIERTO,1 → 0,0
2801043,Hapoel Jerusalem,Hapoel Haifa,0.0,2.75,NO_COVER,0,1,0.5,56,1.5,18,CUBIERTO,0 → 0,NO CUBIERTO,0.25 → 0,0
2911945,Clitheroe,Shifnal Town,0.0,3,PUSH,2,2,0,7,0.25,-1,N/A,N/A,N/A,N/A,0
2911943,Brighouse Town,Newton Aycliffe,0.0,2.75,PUSH,1,1,0.25,0,0.5,15,N/A,N/A,N/A,N/A,0
2911913,CF Benfica (W),Benfica B (W),0.0,2.75,COVER,2,1,1.5,5,-1.75,-60,PUSH,-2.5 → 0,NO CUBIERTO,0.5 → 0,0
2909512,Foolad Khozestan,Chadormalou Ardakan,0.0,2,COVER,2,0,,0,,0,CUBIERTO,0.25 → 0,NO CUBIERTO,-0.5 → 0,0
2909758,Dezembro,Atletico Clube Purtugal,0.0,1.75,NO_COVER,0,1,0,-20,0.25,3,NO CUBIERTO,0 → 0,NO CUBIERTO,0.5 → 0,0
2909760,Sanjoanense,Sporting Braga II,0.0,2.25,NO_COVER,0,2,0,13,0.5,18,PUSH,-0.5 → 0,PUSH,0.25 → 0,0
2890615,Hawassa City FC,Ethiopian Insurance FC,0.0,1.75,COVER,2,1,-0.25,-18,0,-12,NO CUBIERTO,-0.5 → 0,NO CUBIERTO,-0.5 → 0,0
2876418,Enppi,Talaea EI-Gaish,0.0,1.75,COVER,2,1,-0.5,-12,,0,NO CUBIERTO,0.25 → 0,PUSH,0 → 0,0
2864377,Recambios Colon CD,Soneja,0.0,2,NO_COVER,0,1,-,0,0.75,34,N/A,N/A,N/A,N/A,0
2832102,Yate Town,Taunton Town,0.0,2.75,NO_COVER,1,2,0.25,0,0,-5,N/A,N/A,NO CUBIERTO,0.5 → 0,0
2832093,Berkhamsted Town,Chertsey Town,0.0,2.5,NO_COVER,1,2,-0.5,0,0,0,N/A,N/A,CUBIERTO,0.25 → 0,0
2832096,Havant Waterlooville,Wimborne Town,0.0,2.75,COVER,4,0,0,0,-0.25,0,CUBIERTO,1.25 → 0,NO CUBIERTO,0 → 0,0
2828898,Burgess Hill Town,Aveley,0.0,3,NO_COVER,2,5,0.25,0,0.25,18,N/A,N/A,PUSH,0.5 → 0,0
2828326,Rushall Olympic,leek Town,0.0,2.5,COVER,5,1,0,0,0.25,19,N/A,N/A,CUBIERTO,-0.5 → 0,0
2828320,Bamber Bridge,Warrington Rylands,0.0,2.5,COVER,3,1,0.25,20,0.5,-5,NO CUBIERTO,0 → 0,NO CUBIERTO,0 → 0,0
2820852,Hemel Hempstead Town,Maidenhead United,0.0,2.5,PUSH,0,0,0.25,26,-0.75,-1,NO CUBIERTO,-0.25 → 0,PUSH,0.5 → 0,0
2820849,Chelmsford City,Ebbsfleet United,0.0,2.5,NO_COVER,0,1,-0.25,20,-0.25,-17,NO CUBIERTO,-0.75 → 0,NO CUBIERTO,0.25 → 0,0
2820301,Kidderminster Harriers,AFC Fylde,0.0,2.5,COVER,1,0,0.25,-16,-0.5,0,PUSH,0.25 → 0,NO CUBIERTO,0 → 0,0
2820300,Darlington,Kings Lynn,0.0,2.75,PUSH,1,1,0,24,-0.25,-29,CUBIERTO,0.25 → 0,PUSH,0.75 → 0,0
2820298,Chester FC,South Shields,0.0,2.75,NO_COVER,1,3,0.75,3,-0.75,-4,CUBIERTO,0.5 → 0,NO CUBIERTO,0 → 0,0
2808247,Burgos Promesas,Marino luanco,0.0,2.25,COVER,1,0,0,8,0.75,26,PUSH,0.5 → 0,NO CUBIERTO,0.75 → 0,0
2798808,Shrewsbury Town,Chesterfield,0.0,2.5,NO_COVER,0,1,0,-17,0.25,17,CUBIERTO,0.25 → 0,PUSH,0 → 0,0
2798266,Queens Park Rangers (QPR),Leicester City,0.0,2.5,COVER,4,1,-0.25,8,0,38,NO CUBIERTO,-1 → 0,NO CUBIERTO,1.25 → 0,0
2797706,Lincoln City,Cardiff City,0.0,2.5,COVER,2,1,0.5,-13,-0.25,6,N/A,N/A,N/A,N/A,0
2798260,Bristol City,Middlesbrough,0.0,2.5,COVER,2,0,0,38,0,-3,CUBIERTO,0.25 → 0,CUBIERTO,0.25 → 0,0
2797705,Wycombe Wanderers,Bolton Wanderers,0.0,2.25,COVER,2,1,0.75,47,-0.5,-43,PUSH,0.25 → 0,CUBIERTO,0.25 → 0,0
2797697,Leyton Orient,Bradford City,0.0,2.5,COVER,2,1,0,-13,-0.25,-9,CUBIERTO,0.5 → 0,PUSH,0.25 → 0,0
2794419,Dundela,Ards FC,0.0,2.75,NO_COVER,1,4,0.75,0,1,0,CUBIERTO,0 → 0,NO CUBIERTO,0.5 → 0,0
2792406,Forfar Athletic,Edinburgh City,0.0,2.75,NO_COVER,2,3,-0.5,-25,1,18,PUSH,0 → 0,PUSH,0 → 0,0
2792051,Dunfermline Athletic,Ayr United,0.0,2,NO_COVER,2,3,0.5,-15,-0.5,0,NO CUBIERTO,0 → 0,CUBIERTO,0.5 → 0,0
2791602,Kilmarnock,Falkirk,0.0,2.5,NO_COVER,0,1,-1.25,12,1,10,CUBIERTO,0.75 → 0,NO CUBIERTO,0.5 → 0,0
2879275,Sporting de Gijon B,CD Covadonga,0.0,2.25,PUSH,1,1,0,23,-1.25,-29,CUBIERTO,0.25 → 0,CUBIERTO,0.25 → 0,0
2869769,Udinese U20,Reggiana U20,0.0,2.75,COVER,2,0,-,0,-,0,CUBIERTO,0.5 → 0,NO CUBIERTO,-0.25 → 0,0
2852489,Al-Adalh,Al-Wehda,0.0,2.25,NO_COVER,1,4,-1.25,0,0.75,-3,NO CUBIERTO,0.25 → 0,NO CUBIERTO,0.25 → 0,0
2799541,VfL Wolfsburg,SC Freiburg,0.0,2.75,NO_COVER,3,4,0.25,-64,-0.5,-29,NO CUBIERTO,0.25 → 0,NO CUBIERTO,0.25 → 0,0
2799536,Hamburger SV,Eintracht Frankfurt,0.0,3,PUSH,1,1,0.25,17,0.5,7,NO CUBIERTO,0 → 0,NO CUBIERTO,1 → 0,0
2912529,Gateway Utd FC,Crown FC,0.0,1.75,COVER,2,1,,0,0.75,9,N/A,N/A,N/A,N/A,0
2869767,Sampdoria U20,Modena U19,0.0,3,COVER,5,1,0.5,33,0,11,PUSH,1.25 → 0,CUBIERTO,-1 → 0,0
2839568,Padova,Sampdoria,0.0,2,PUSH,1,1,-0.25,-21,0.75,-13,NO CUBIERTO,0.25 → 0,NO CUBIERTO,1.25 → 0,0
2822207,Asteras Tripolis,Aris Thessaloniki,0.0,2.25,NO_COVER,0,1,-0.25,-40,1,43,NO CUBIERTO,-0.25 → 0,PUSH,0.75 → 0,0
2869766,Renate U19,Pro Vercelli U20,0.0,2.5,NO_COVER,0,2,-0.5,-9,-0.25,-11,NO CUBIERTO,0.5 → 0,NO CUBIERTO,0.5 → 0,0
2911930,Amagaju,Mukura Victory Sports,0.0,1.75,NO_COVER,0,1,0.25,40,1.25,-30,CUBIERTO,0.25 → 0,CUBIERTO,0.25 → 0,0
2902778,JS Bordj Menaiel,CA Batna,0.0,1.75,PUSH,1,1,0.25,19,0.5,0,PUSH,0.5 → 0,CUBIERTO,1 → 0,0
2902776,AS Khroub,MO Bejaia,0.0,2,PUSH,0,0,1.25,28,0.75,0,CUBIERTO,-0.5 → 0,NO CUBIERTO,-0.5 → 0,0
2889177,Kambaniakos,Pas Giannina,0.0,2,COVER,2,0,-1.25,-5,1.25,4,PUSH,-0.25 → 0,NO CUBIERTO,0.75 → 0,0
2854075,Newcastle U21,Dinamo Zagreb B,0.0,3,NO_COVER,0,3,-0.25,-5,1.25,25,N/A,N/A,N/A,N/A,0
2815886,Boluspor,Pendikspor,0.0,2.5,NO_COVER,1,2,-0.25,13,0.25,-3,NO CUBIERTO,-0.5 → 0,NO CUBIERTO,0.5 → 0,0
2807819,Andorra FC,Deportivo La Coruna,0.0,2.5,COVER,1,0,-0.25,3,0,-17,N/A,N/A,N/A,N/A,0
2909029,El Entag Al Harby,Raviena,0.0,1.75,PUSH,1,1,0.25,-44,0,4,N/A,N/A,N/A,N/A,0
2909030,Maleyat Kafr El Zayat,Baladiyet El Mahallah,0.0,1.75,COVER,2,0,-,0,-,0,NO CUBIERTO,0.25 → 0,NO CUBIERTO,0.25 → 0,0
2874129,Halkanoras Idaliou,Agia Napa,0.0,2.25,NO_COVER,1,2,0.75,18,0,0,N/A,N/A,N/A,N/A,0
2852487,Al-Tai,Al-Faisaly Harmah,0.0,2.25,NO_COVER,0,4,0,-5,-0.5,-39,NO CUBIERTO,0.75 → 0,NO CUBIERTO,0.75 → 0,0
2797227,Metaloglobus,FC Unirea 2004 Slobozia,0.0,2.25,NO_COVER,2,3,-0.75,-40,0.75,-11,N/A,N/A,NO CUBIERTO,0.75 → 0,0
2911954,Arenas de Armilla (W),Almeria (W),0.0,2,NO_COVER,0,2,2.25,3,-1,18,NO CUBIERTO,-2 → 0,NO CUBIERTO,-2 → 0,0
2890613,Wolaita Dicha,Sheger Ketema,0.0,1.75,COVER,3,1,0.25,21,0,-17,N/A,N/A,CUBIERTO,-0.25 → 0,0
2911233,KF Ferizaj,KF Llapi,0.0,2.25,COVER,2,1,0,33,0,106,CUBIERTO,0.25 → 0,PUSH,0.5 → 0,0
2912047,Al Shabab Seeb U21,Al Khaburah U21,0.0,2.25,NO_COVER,0,2,,0,,0,N/A,N/A,N/A,N/A,0
2795764,Radnicki Nis,FK Zeleznicar Pancevo,0.0,2.25,COVER,1,0,0,-15,-0.5,-34,CUBIERTO,0.25 → 0,NO CUBIERTO,0.25 → 0,0
2911900,Lightstars,Bel Air FC,0.0,2.75,NO_COVER,0,1,-0.5,2,1.25,0,N/A,N/A,N/A,N/A,0
2911871,Mallorca U19,CF Damm U19,0.0,2.75,COVER,4,3,-0.25,-18,-1,22,PUSH,0.25 → 0,PUSH,0.25 → 0,0
2909495,Sevilla FC (W),UD Granadilla Tenerife Sur (W),0.0,2.5,NO_COVER,1,2,,0,,0,NO CUBIERTO,-0.25 → 0,NO CUBIERTO,-0.25 → 0,0
2909508,Havadar SC,Saipa,0.0,2,PUSH,2,2,1,4,,0,PUSH,0.25 → 0,PUSH,0.25 → 0,0
2909461,Mes krman,Sanat-Naft,0.0,1.5,PUSH,1,1,0.5,18,0,3,N/A,N/A,N/A,N/A,0
2815884,Bandirmaspor,Erzurum BB,0.0,2.25,NO_COVER,0,2,-0.5,-21,-0.25,13,CUBIERTO,0 → 0,CUBIERTO,0 → 0,0
2870010,Ternana u20,Spezia U20,0.0,3,COVER,1,0,0,-56,-,0,NO CUBIERTO,0 → 0,CUBIERTO,-0.25 → 0,0
2821740,Bulancak,Artvin Hopaspor,0.0,2.25,PUSH,1,1,-1.25,-6,0.25,1,PUSH,0.25 → 0,PUSH,0.25 → 0,0
2821261,Cankaya FK,Galata,0.0,2.5,NO_COVER,0,2,1,48,0.25,28,N/A,N/A,N/A,N/A,0
2821506,Turk Metal 1963,Mazidagi Fosfatspo,0.0,2,NO_COVER,0,1,-1,-11,-0.25,-15,NO CUBIERTO,1.25 → 0,N/A,N/A,0
2818954,S.Urfaspor,Muglaspor,0.0,2.25,PUSH,0,0,1.5,13,-0.5,-16,N/A,N/A,N/A,N/A,0
2909777,Malaysia Universiteti,Bunga Raya,0.0,2.5,NO_COVER,1,2,1.75,25,0.5,36,N/A,N/A,N/A,N/A,0
2783581,Vegalta Sendai (W),RB Omiya Ardija (W),0.0,2.25,PUSH,0,0,-0.25,6,-0.5,-27,PUSH,0 → 0,PUSH,0.25 → 0,0
2783583,AS Elfen Sayama (W),JEF United Ichihara Chiba (W),0.0,2.25,NO_COVER,0,1,-1.75,-26,1,12,CUBIERTO,-0.5 → 0,NO CUBIERTO,-0.25 → 0,0
2912620,CD Benavent,Zamora II,0.0,2.5,COVER,4,1,-0.25,0,0.25,-22,N/A,N/A,N/A,N/A,0
2912619,Motilla,Manzanares CF,0.0,2.5,NO_COVER,0,1,0.75,19,0.75,-1,N/A,N/A,N/A,N/A,0
2790849,Volendam,Sparta Rotterdam,0.0,3,NO_COVER,0,1,-0.5,-24,0.75,2,NO CUBIERTO,0 → 0,NO CUBIERTO,1.5 → 0,0
2822206,AEL Larisa,Atromitos Athens,0.0,2.25,PUSH,0,0,-1.25,-32,1.5,44,NO CUBIERTO,0 → 0,NO CUBIERTO,0 → 0,0
2793269,Lugano,Young Boys,0.0,3,COVER,3,0,0.25,-40,0,-14,PUSH,0 → 0,NO CUBIERTO,0.5 → 0,0
2807829,Real Sociedad B,AD Ceuta,0.0,2.25,NO_COVER,1,3,-0.25,-9,0.5,18,N/A,N/A,N/A,N/A,0
2913992,Cadiz U19,Malaga U19,0.0,2.75,PUSH,1,1,1,18,0,0,NO CUBIERTO,0.25 → 0,CUBIERTO,1.25 → 0,0
2911129,Anadia,Vila Mea,0.0,2.25,COVER,2,1,0,31,1,-3,N/A,N/A,N/A,N/A,0
2911127,Mirandela,Brito SC,0.0,2,COVER,1,0,0,-8,0.75,35,CUBIERTO,0 → 0,NO CUBIERTO,0.25 → 0,0
2825262,Tondela U19,SC Uniao Torreense U19,0.0,2.25,COVER,1,0,-0.5,-19,0.75,37,PUSH,0 → 0,NO CUBIERTO,0.25 → 0,0
2823783,RB Leipzig (W),Koln (W),0.0,3,NO_COVER,0,1,-0.5,-15,-0.5,43,CUBIERTO,0.5 → 0,CUBIERTO,0 → 0,0
2807024,CD Guadalajara,Zamora CF,0.0,2.25,NO_COVER,2,3,0.5,-5,-0.25,24,N/A,N/A,N/A,N/A,0
2911071,Al Waab SC,Al Mesaimeer Club,0.0,2.5,NO_COVER,2,4,0.25,3,0.25,11,PUSH,-0.25 → 0,PUSH,-0.25 → 0,0
2911072,Al Bidda SC,Al Khor SC,0.0,2.75,NO_COVER,0,2,0.25,11,-0.25,8,NO CUBIERTO,-1 → 0,NO CUBIERTO,0 → 0,0
2911227,Julinho Sporting,Rundu Chiefs,0.0,2,PUSH,0,0,-,0,0.5,8,N/A,N/A,N/A,N/A,0
2906694,Al-Safa,Jwayya,0.0,2,NO_COVER,0,1,0,-37,-,0,N/A,N/A,N/A,N/A,0
2835587,Charlton (W),Nottingham Forest (W),0.0,2.25,COVER,2,1,0,0,-0.5,-39,N/A,N/A,N/A,N/A,0
2818097,Gateshead,Eastleigh,0.0,2.75,NO_COVER,1,3,-1,30,1.5,51,CUBIERTO,1 → 0,CUBIERTO,0 → 0,0
2912540,Kentavros Vrilission,Doxa Vyrona,0.0,2.25,COVER,2,1,-1.5,35,1.75,16,N/A,N/A,NO CUBIERTO,0.5 → 0,0
2911216,Acireale,Vibonese,0.0,2.25,PUSH,2,2,-,0,0.5,0,N/A,N/A,PUSH,1.25 → 0,0
2911204,San Nicolo,Ancona,0.0,2.25,PUSH,1,1,0.25,17,-,0,NO CUBIERTO,-0.25 → 0,N/A,N/A,0
2911173,Cittadella Vis Modena,Pistoiese,0.0,2.25,PUSH,0,0,0.25,-18,-,0,NO CUBIERTO,-0.5 → 0,NO CUBIERTO,-0.5 → 0,0
2911163,Varesina Calcio,ASD Caldiero Terme,0.0,2.25,NO_COVER,1,2,0,0,0.25,37,NO CUBIERTO,0.25 → 0,NO CUBIERTO,0.25 → 0,0
2911149,Asti,Club Milano,0.0,2,NO_COVER,1,2,-0.25,-15,-,0,N/A,N/A,N/A,N/A,0
2871399,Helmond Sport,Willem II,0.0,2.75,PUSH,2,2,0.75,26,0,-16,NO CUBIERTO,-0.75 → 0,NO CUBIERTO,0.5 → 0,0
2912556,Marines FC,Al Hilal Omdurman,0.0,2,PUSH,2,2,0.25,-17,0.25,-24,N/A,N/A,N/A,N/A,0
2912545,AO Chaidari FC,Atsalenios,0.0,2,NO_COVER,0,2,1.25,29,1,20,CUBIERTO,0.25 → 0,CUBIERTO,0.25 → 0,0
2874282,Mgarr United FC,Sirens,0.0,3.25,NO_COVER,2,3,-0.25,-55,0,5,N/A,N/A,PUSH,0 → 0,0
2823781,SC Freiburg (W),Werder Bremen (W),0.0,2.75,COVER,3,0,0.75,22,-1,-32,CUBIERTO,0.75 → 0,PUSH,0 → 0,0
2806074,Partick Thistle (W),Motherwell (W),0.0,2.5,COVER,2,1,0,-13,-2,-41,PUSH,0.5 → 0,PUSH,0.75 → 0,0
2806073,Hibernian (W),Celtic (W),0.0,2.75,NO_COVER,1,2,1,27,0.5,1,CUBIERTO,0.5 → 0,PUSH,0.5 → 0,0
2911049,Dibba Al Hisn U23,Ajman SCC U23,0.0,3,COVER,2,1,0.25,42,0.5,36,NO CUBIERTO,-0.25 → 0,CUBIERTO,0.5 → 0,0
2911048,Khor Fakkan U23,Baniyas SC U23,0.0,3,NO_COVER,2,3,0,16,0.25,42,CUBIERTO,0 → 0,CUBIERTO,0 → 0,0
2912600,Ntopwa FC (W),MDF Lioness (W),0.0,2.25,COVER,2,0,1.5,42,0.5,-12,N/A,N/A,NO CUBIERTO,0 → 0,0
2912630,Academico Murcia U19,Albacete U19,0.0,2.75,COVER,4,1,0.5,-27,-0.25,34,NO CUBIERTO,0 → 0,NO CUBIERTO,0 → 0,0
2912573,Kabati Youth,3K FC,0.0,1.75,NO_COVER,0,2,0.25,-1,0,-55,N/A,N/A,N/A,N/A,0
2911236,Malisheva,KF Drita Gjilan,0.0,2.5,PUSH,1,1,-,0,0,-16,CUBIERTO,0 → 0,NO CUBIERTO,0.5 → 0,0
2911234,Gjilani,KF Prishtina e Re,0.0,2.25,COVER,3,2,0,106,1.25,-3,N/A,N/A,CUBIERTO,0.25 → 0,0
2911139,SC Lusitania,Peniche,0.0,2.25,PUSH,1,1,0.25,-43,0.25,-9,CUBIERTO,0.5 → 0,CUBIERTO,-0.5 → 0,0
2821264,Kucukcekmece,Corluspor,0.0,2.25,COVER,4,0,1.25,24,-,0,PUSH,0 → 0,PUSH,0 → 0,0
2819274,Belediye Derincespor,Ankarademirspor,0.0,2.25,COVER,2,0,-0.5,0,1.25,-13,PUSH,-0.75 → 0,PUSH,-0.75 → 0,0
2818947,Altinordu,Kepez Belediyespor,0.0,2.5,PUSH,2,2,0,6,2,-6,PUSH,1 → 0,PUSH,1 → 0,0
2912684,CF Villanovense (W),Sport Extremadura B (W),0.0,3.5,PUSH,2,2,,0,,0,N/A,N/A,N/A,N/A,0
2912696,Dudulluspor (W),Bakirkoy Kadin (W),0.0,3.25,PUSH,1,1,0.75,46,,0,N/A,N/A,N/A,N/A,0
2912638,Trival Valderas U19,Burgos U19,0.0,2.5,COVER,2,1,-0.5,-1,1,20,N/A,N/A,NO CUBIERTO,0.75 → 0,0
2912552,Peshmerga Sulaymaniya SC,Masafi Al Janoob,0.0,2,COVER,1,0,-0.5,20,-0.25,10,CUBIERTO,0 → 0,CUBIERTO,0 → 0,0
2840129,AD San Clemente,La Solana,0.0,2,COVER,4,1,-,0,0,38,N/A,N/A,N/A,N/A,0
2912634,Valladolid U19,Leganes U19,0.0,2.75,PUSH,0,0,0.75,3,-0.25,5,NO CUBIERTO,0.5 → 0,NO CUBIERTO,0.5 → 0,0
2912625,Getafe U19,Rayo Vallecano U19,0.0,2.75,NO_COVER,2,3,-1,12,-0.25,-1,PUSH,0.5 → 0,PUSH,0.5 → 0,0
2912538,Victoria FC Santiago (W),Tomino W,0.0,3,COVER,1,0,-0.25,10,0,11,N/A,N/A,N/A,N/A,0
2879002,CDF Tres Cantos,CF Trival Valderas,0.0,2.25,COVER,2,0,0,25,0.75,1,CUBIERTO,0 → 0,CUBIERTO,0 → 0,0
2872892,Trabzonspor (W),Galatasaray SK (W),0.0,2.75,COVER,1,0,3,77,0.5,15,PUSH,-1 → 0,PUSH,1.25 → 0,0
2867139,CP San Cristobal,Fundacio Esportiva Grama,0.0,2.25,PUSH,1,1,0.75,3,0.75,15,NO CUBIERTO,0.25 → 0,PUSH,0.75 → 0,0
2865206,Baleares,Barcelona B,0.0,2.25,PUSH,4,4,1.25,10,-0.25,33,CUBIERTO,0 → 0,PUSH,0.5 → 0,0
2844262,Tiffy Army FC,Nagaworld FC,0.0,2.75,NO_COVER,0,2,-0.5,12,0.25,-5,NO CUBIERTO,-0.75 → 0,PUSH,0.5 → 0,0
2809173,UD Melilla,Recreativo Huelva,0.0,2,PUSH,0,0,0.5,0,0,3,PUSH,0 → 0,NO CUBIERTO,0.75 → 0,0
2808564,Real Zaragoza B,SD Beasain,0.0,2.25,NO_COVER,1,2,-0.5,-20,0.75,-11,N/A,N/A,N/A,N/A,0
2808252,Real Oviedo B,G. Segoviana,0.0,2,COVER,3,0,1,41,0,-3,N/A,N/A,N/A,N/A,0
2807400,AD Alcorcon,Ibiza Eivissa,0.0,2,PUSH,2,2,0.25,9,0.25,-14,NO CUBIERTO,0.25 → 0,NO CUBIERTO,0.75 → 0,0
2912653,FC Cartagena (W),UCAM Murcia CF (W),0.0,3.25,NO_COVER,0,4,0.5,18,,0,N/A,N/A,N/A,N/A,0
2878168,Santomera,Murcia B,0.0,2.25,NO_COVER,0,4,0.25,25,0.75,-3,CUBIERTO,-0.25 → 0,N/A,N/A,0
2821505,Silifke Belediyespor,12 Bingol Bld,0.0,2.25,COVER,4,0,1.25,8,-1,-11,N/A,N/A,N/A,N/A,0
2826276,PSM Makassar,Malut United,0.0,2.75,NO_COVER,0,1,0.5,20,-0.25,6,CUBIERTO,0.25 → 0,CUBIERTO,0.25 → 0,0
2912607,Alanyaspor U19,Fatih Karagumruk U19,0.0,2.75,NO_COVER,2,3,-0.75,0,0.25,20,CUBIERTO,0.75 → 0,NO CUBIERTO,-1 → 0,0
2826275,Persita Tangerang,Persik Kediri,0.0,2.25,COVER,3,0,-0.25,6,1,59,CUBIERTO,0 → 0,CUBIERTO,0 → 0,0
2869060,Kwai Tsing District FA,Sui Tung,0.0,3.25,NO_COVER,0,1,2,13,-1.25,-14,N/A,N/A,N/A,N/A,0
2866749,Tung Sing FC,Shatin SA,0.0,3,PUSH,0,0,-1.5,-24,-2.75,-9,NO CUBIERTO,-0.75 → 0,NO CUBIERTO,1.75 → 0,0
2913995,San Martin de Perez Millan,Regatas de San Nicolas,0.0,2.5,COVER,2,0,0.25,0,0.5,26,N/A,N/A,NO CUBIERTO,0.25 → 0,0
2912061,Costa Rica U20,Canada U20,0.0,2.5,PUSH,0,0,0,-29,0,-29,PUSH,0 → 0,PUSH,0 → 0,0
2856879,Dunbeholden FC,Tivoli Gardens FC,0.0,2,COVER,1,0,0.25,4,1,14,NO CUBIERTO,-0.25 → 0,NO CUBIERTO,-0.25 → 0,0
2911860,Campinense,ABC RN,0.0,2.5,COVER,1,0,0,0,0.25,24,NO CUBIERTO,0.25 → 0,NO CUBIERTO,0.25 → 0,0
2791862,Oud-Heverlee Leuven,Cercle Brugge,0.0,2.75,NO_COVER,0,2,0.25,-8,0,-30,PUSH,0 → 0,CUBIERTO,0.5 → 0,0
2813589,Penafiel,SCU Torreense,0.0,2.25,COVER,1,0,-0.25,-39,0.5,46,NO CUBIERTO,0 → 0,NO CUBIERTO,0 → 0,0
2804456,Elche,Rayo Vallecano,0.0,2.25,COVER,4,0,0.25,-6,0.25,6,CUBIERTO,-0.75 → 0,CUBIERTO,-0.75 → 0,0
2807027,Real Aviles,Racing de Ferrol,0.0,2,COVER,2,1,-0.25,-2,-0.25,-16,N/A,N/A,N/A,N/A,0
2912037,Guediawaye,Casamance,0.0,2,COVER,2,0,0,9,-,0,NO CUBIERTO,0.5 → 0,N/A,N/A,0
2880115,CD Gevora,CD Montijo,0.0,2.25,NO_COVER,1,3,0.25,6,-,0,N/A,N/A,N/A,N/A,0
2840483,Giana,Cittadella,0.0,1.75,NO_COVER,0,2,0.25,5,0,28,NO CUBIERTO,-0.5 → 0,NO CUBIERTO,-0.5 → 0,0
2912562,Old Edwardians,Bhantal FC,0.0,1.75,PUSH,1,1,0.5,0,0.25,-3,N/A,N/A,NO CUBIERTO,0.25 → 0,0
2912627,UCD Canada Atletico U19,Calavera CF U19,0.0,2.75,NO_COVER,1,2,-0.5,32,0.25,7,NO CUBIERTO,0.25 → 0,NO CUBIERTO,0.25 → 0,0
2839565,Mantova,Empoli,0.0,2.25,NO_COVER,0,1,0.5,48,0.25,3,PUSH,0 → 0,NO CUBIERTO,0.5 → 0,0
2912598,CD San Francisco U19,Gimnastic Tarragona U19,0.0,2.5,COVER,3,2,0.25,-3,1.5,26,PUSH,0.5 → 0,PUSH,0 → 0,0
2912558,Chemal FC,ASC Police,0.0,2,PUSH,1,1,1,2,-0.25,0,CUBIERTO,1 → 0,CUBIERTO,1 → 0,0
2879554,CD Barco,Montaneros CF,0.0,2,NO_COVER,0,1,0.25,-13,-,-2,N/A,N/A,N/A,N/A,0
2840128,CS Puertollano,Toledo,0.0,2,NO_COVER,1,2,1,21,-,0,PUSH,-0.25 → 0,PUSH,-0.25 → 0,0
2863158,CF Vimenor,U.M. Escobedo,0.0,2.5,COVER,1,0,-,0,-0.5,-13,CUBIERTO,0.25 → 0,N/A,N/A,0
2808556,Alfaro,CD Ebro,0.0,1.75,NO_COVER,0,4,-0.5,-19,0.5,11,N/A,N/A,PUSH,0.5 → 0,0
2808562,SD Logrones,UD Logrones,0.0,2,NO_COVER,0,4,0.5,11,-0.5,-20,PUSH,0 → 0,PUSH,0 → 0,0
2879555,CD Boiro,Arosa SC,0.0,2,COVER,3,0,0.75,17,0.75,-14,N/A,N/A,N/A,N/A,0
2795765,Radnik Surdulica,Novi Pazar,0.0,2.25,COVER,1,0,0.5,11,0,26,NO CUBIERTO,-0.5 → 0,NO CUBIERTO,0.5 → 0,0
2849948,Excelsior Barendrecht (W),ADO Den Haag (W),0.0,2.75,PUSH,1,1,-3.75,-51,0.5,28,NO CUBIERTO,-0.5 → 0,NO CUBIERTO,-0.5 → 0,0
2914025,Coleraine Reserves,Portadown Reserves,0.0,3.75,PUSH,0,0,-0.75,33,1.25,14,N/A,N/A,N/A,N/A,0
2855943,Hapoel Hadera,Kafr Qasim,0.0,2.5,PUSH,0,0,-0.25,51,0.25,10,CUBIERTO,1.25 → 0,PUSH,0.25 → 0,0
2855942,Hapoel Acre FC,Hapoel Ramat Gan,0.0,2.5,PUSH,1,1,0,-20,-0.25,51,PUSH,-0.5 → 0,PUSH,0.5 → 0,0
2788679,South Africa,Angola,0.0,2,COVER,2,1,,0,,0,PUSH,0.25 → 0,NO CUBIERTO,-0.25 → 0,0
2914020,Team Rhino FC,Steve Biko,0.0,1.75,PUSH,0,0,0.25,-26,0.25,0,CUBIERTO,0.25 → 0,PUSH,0.25 → 0,0
2912066,Newroz SC(IRQ),Baghdad,0.0,2.25,NO_COVER,0,1,-0.25,4,0.25,14,CUBIERTO,1 → 0,CUBIERTO,1 → 0,0
2912065,Dyala,Arbil,0.0,2.25,PUSH,1,1,0.5,0,-0.25,4,CUBIERTO,0 → 0,CUBIERTO,0 → 0,0
2914018,Inter Allies,Accra Lions,0.0,1.75,PUSH,2,2,0,0,-,0,N/A,N/A,N/A,N/A,0
2912063,Al Karkh,Al Gharraf,0.0,2,COVER,1,0,0.5,-14,0.25,27,N/A,N/A,N/A,N/A,0
2881892,Ulinzi Stars Nakuru,Posta Rangers,0.0,1.75,COVER,3,0,0,-3,0.25,3,PUSH,0.25 → 0,PUSH,0.25 → 0,0
2912648,Qus,Edfu Center,0.0,2,COVER,4,3,-1.5,-28,0.25,16,N/A,N/A,N/A,N/A,0
2911922,Al-Dhafra U23,Al Jazira SC U23,0.0,3,COVER,4,3,0.25,2,-,0,N/A,N/A,N/A,N/A,0
2912698,Southern District U22,Kowloon City U22,0.0,3.25,PUSH,1,1,2.25,10,0.75,21,N/A,N/A,N/A,N/A,0
2889176,Asteras Tripoli B,Anagenisi Karditsa,0.0,1.75,NO_COVER,0,1,0.25,0,-1.25,-5,N/A,N/A,NO CUBIERTO,0.25 → 0,0
2881898,Kakamega Homeboyz,Kenya Police FC,0.0,1.75,PUSH,2,2,0.25,-29,-0.5,-37,CUBIERTO,-0.25 → 0,CUBIERTO,-0.25 → 0,0
2881891,Sofapaka FC,Kariobangi Sharks,0.0,1.75,PUSH,0,0,0,10,0,-4,N/A,N/A,N/A,N/A,0
2839048,Portimonense U23,Farense U23,0.0,2.5,NO_COVER,0,1,0,9,0,6,PUSH,-0.25 → 0,CUBIERTO,0.75 → 0,0
2801296,Torino U20,Lecce U20,0.0,2.75,PUSH,3,3,0.25,2,-0.25,29,NO CUBIERTO,0.5 → 0,NO CUBIERTO,0.5 → 0,0
2914011,First Bank FC,Akwa United,0.0,2,NO_COVER,1,3,0.25,17,0.75,12,N/A,N/A,N/A,N/A,0
2911862,Perak,Selangor U23,0.0,2.75,PUSH,1,1,0.5,-8,-1,21,CUBIERTO,-0.5 → 0,CUBIERTO,0.5 → 0,0
2912718,Tay Ninh U19,Dong Nai U19,0.0,2.75,COVER,2,1,-,0,0.75,37,CUBIERTO,0.5 → 0,CUBIERTO,0 → 0,0
2846013,Aldershot Town,West Ham U21,0.0,3.25,NO_COVER,1,5,0,14,0,0,N/A,N/A,N/A,N/A,0
2914758,Cece United,Shaita FC,0.0,2.75,PUSH,2,2,0.75,-32,0,7,N/A,N/A,N/A,N/A,0
2838811,Partizani Tirana,KS Dinamo Tirana,0.0,2,NO_COVER,1,3,0.5,3,-0.25,21,PUSH,0.25 → 0,NO CUBIERTO,0.5 → 0,0
2860677,Al-Sadd,Shabab Al Ahli,0.0,3,COVER,4,2,-0.75,4,0,24,PUSH,1.25 → 0,PUSH,0.25 → 0,0
2914459,Bench Maji Buna FC,Shashemene Kenema FC,0.0,2.25,COVER,1,0,0.25,20,0,-38,N/A,N/A,N/A,N/A,0
2822361,DPMM FC,Penang,0.0,3.25,COVER,2,0,-0.5,-17,0.25,-3,PUSH,0.75 → 0,PUSH,0.75 → 0,0
2826281,Persijap Jepara,PSIM Yogyakarta,0.0,2.25,PUSH,1,1,0.5,-26,1,58,PUSH,0.25 → 0,PUSH,0.25 → 0,0
2914446,Perseden Denpasar,Persekabpas Pasuruan,0.0,2.25,COVER,1,0,0.25,13,-0.5,-3,N/A,N/A,NO CUBIERTO,0.25 → 0,0
2914480,Chandigarh Football Academy,Uttar Pradesh,0.0,2.25,COVER,1,0,-2.75,-29,2.25,25,N/A,N/A,N/A,N/A,0
2914479,PSGC Ciamis,Persitara Jakarta Utara,0.0,2,NO_COVER,1,2,0.25,-8,-0.25,20,N/A,N/A,PUSH,0.25 → 0,0
2914787,Millat FC,Mumbai Port Trust,0.0,2.25,NO_COVER,2,4,0.5,16,0.25,18,N/A,N/A,N/A,N/A,0
2914840,Kickstart Karnataka FC (W),Garhwal (W),0.0,2.5,NO_COVER,0,1,1.75,76,-2.5,-104,N/A,N/A,N/A,N/A,0
2914837,Gorilla FC,Al Hilal Omdurman,0.0,2,NO_COVER,0,3,0,-36,0,-35,N/A,N/A,N/A,N/A,0
2914507,Colley Stars,Gambia Armed Force,0.0,1.75,PUSH,1,1,0.5,-17,0.75,-6,N/A,N/A,N/A,N/A,0
2860716,Arkadag FK,Al Khaldiya,0.0,2.25,COVER,1,0,-0.5,17,0,18,N/A,N/A,NO CUBIERTO,0.75 → 0,0
2860703,Al-Muharraq,Esteghlal Tehran,0.0,2,NO_COVER,0,3,-0.5,1,-0.25,-35,N/A,N/A,CUBIERTO,0.5 → 0,0
2890622,Hadiya Hossana,Wolaita Dicha,0.0,1.75,COVER,2,1,0,24,0,-8,NO CUBIERTO,0.5 → 0,CUBIERTO,0 → 0,0
2876420,Pharco,Enppi,0.0,1.5,COVER,2,1,0,-6,0.25,40,PUSH,0 → 0,PUSH,0 → 0,0
2914926,Forever WFC（W）,Bugesera (W),0.0,2,NO_COVER,1,2,-0.25,-8,0,-22,N/A,N/A,N/A,N/A,0
2914927,Kamonyi FC (W),Macuba WFC (W),0.0,2.25,COVER,1,0,0.5,39,-0.75,-34,N/A,N/A,N/A,N/A,0
2914822,Kipanga FC,Mlandege FC,0.0,1.75,COVER,3,1,-0.25,-19,0,-32,NO CUBIERTO,-0.5 → 0,NO CUBIERTO,-0.5 → 0,0
2890625,Bahir Dar Kenema FC,Fasil Kenema,0.0,1.75,PUSH,0,0,0,-12,-0.25,-3,CUBIERTO,0.25 → 0,PUSH,-0.25 → 0,0
2822366,Melaka FC,Imigresen FC,0.0,3.25,NO_COVER,0,2,-1,-34,-0.5,-17,NO CUBIERTO,-1 → 0,PUSH,0 → 0,0
2822364,Kuala Lumpur City F.C.,Kuching FA,0.0,2.75,PUSH,1,1,-2.5,-26,0,11,PUSH,0.75 → 0,NO CUBIERTO,-0.25 → 0,0
2598719,Burton Albion,Lincoln City,0.0,2.25,NO_COVER,2,3,-0.25,-51,-0.25,-17,NO CUBIERTO,0 → 0,NO CUBIERTO,0 → 0,0
2598726,Wigan Athletic,Charlton Athletic,0.0,2.5,NO_COVER,0,1,0.25,6,0.25,-13,NO CUBIERTO,0 → 0,PUSH,0.5 → 0,0
2598735,Northampton Town,Exeter City,0.0,2.25,COVER,2,1,0,41,0,41,NO CUBIERTO,0 → 0,NO CUBIERTO,0 → 0,0
2598741,Burton Albion,Stevenage Borough,0.0,2.25,PUSH,0,0,0,-9,0.75,-5,NO CUBIERTO,-0.25 → 0,CUBIERTO,1 → 0,0
2598747,Lincoln City,Mansfield Town,0.0,2.5,COVER,4,1,0.25,14,0.5,1,PUSH,0.5 → 0,CUBIERTO,-0.25 → 0,0
2598761,Rotherham United,Huddersfield Town,0.0,2.5,COVER,2,1,0.5,62,0.5,-31,PUSH,-0.5 → 0,PUSH,-0.5 → 0,0
2598762,Shrewsbury Town,Leyton Orient,0.0,2.25,COVER,3,0,-0.25,-6,0.5,23,NO CUBIERTO,0 → 0,NO CUBIERTO,0 → 0,0
2598757,Mansfield Town,Stockport County,0.0,2.5,PUSH,1,1,0.5,23,0.25,17,CUBIERTO,0.25 → 0,CUBIERTO,0.25 → 0,0
2598770,Leyton Orient,Peterborough United,0.0,2.75,PUSH,2,2,-0.5,3,-0.25,40,NO CUBIERTO,-0.25 → 0,NO CUBIERTO,-0.25 → 0,0
2598782,Northampton Town,Wycombe Wanderers,0.0,2.5,NO_COVER,1,2,0.25,22,0.5,32,NO CUBIERTO,0.25 → 0,NO CUBIERTO,0.25 → 0,0
2598787,Stevenage Borough,Barnsley,0.0,2.5,COVER,3,0,0.25,16,-0.25,-2,CUBIERTO,0.25 → 0,CUBIERTO,0.25 → 0,0
2598791,Exeter City,Stevenage Borough,0.0,2.25,COVER,2,0,-0.25,40,0,-19,CUBIERTO,-0.5 → 0,CUBIERTO,-0.5 → 0,0
2598808,Reading,Huddersfield Town,0.0,2.5,COVER,2,1,0.25,-12,0.25,-3,CUBIERTO,0.25 → 0,NO CUBIERTO,0.25 → 0,0
2598806,Leyton Orient,Wrexham,0.0,2.5,PUSH,0,0,0,22,0.5,42,CUBIERTO,0.5 → 0,CUBIERTO,0.5 → 0,0
2598803,Bristol Rovers,Wycombe Wanderers,0.0,2.5,NO_COVER,1,2,0.25,-2,0,-16,NO CUBIERTO,0.25 → 0,NO CUBIERTO,0.25 → 0,0
2598821,Stevenage Borough,Wrexham,0.0,2.25,COVER,1,0,0.25,-16,0,7,PUSH,0.75 → 0,CUBIERTO,-0.25 → 0,0
2598817,Crawley Town,Mansfield Town,0.0,2.75,NO_COVER,0,2,-0.75,6,-0.25,23,NO CUBIERTO,-0.5 → 0,CUBIERTO,1.25 → 0,0
2598822,Wigan Athletic,Peterborough United,0.0,2.75,COVER,3,0,0.25,7,1,33,CUBIERTO,-0.25 → 0,CUBIERTO,1 → 0,0
2598830,Mansfield Town,Blackpool,0.0,2.75,COVER,2,0,0.75,-7,0.5,17,CUBIERTO,0 → 0,PUSH,0.25 → 0,0
2598844,Stevenage Borough,Bolton Wanderers,0.0,2.25,NO_COVER,1,4,0.75,-40,0.5,50,PUSH,0 → 0,PUSH,0 → 0,0
2598851,Charlton Athletic,Stockport County,0.0,2.5,PUSH,1,1,-0.5,13,-0.5,8,PUSH,0.5 → 0,NO CUBIERTO,0.25 → 0,0
2598855,Northampton Town,Leyton Orient,0.0,2.25,COVER,1,0,-0.75,-4,0.25,0,PUSH,0.25 → 0,NO CUBIERTO,0.75 → 0,0
2598866,Leyton Orient,Rotherham United,0.0,2.25,COVER,1,0,0.5,24,0.25,26,PUSH,-0.25 → 0,PUSH,-0.25 → 0,0
2598867,Peterborough United,Blackpool,0.0,2.75,COVER,5,1,0.25,26,0,-6,NO CUBIERTO,0.25 → 0,CUBIERTO,0 → 0,0
2598871,Wrexham,Huddersfield Town,0.0,2.5,PUSH,0,0,1,29,0.5,22,NO CUBIERTO,-0.5 → 0,NO CUBIERTO,-0.5 → 0,0
2598875,Charlton Athletic,Wrexham,0.0,2.5,PUSH,2,2,0,33,0.25,40,N/A,N/A,N/A,N/A,0
2598877,Lincoln City,Stockport County,0.0,2.5,COVER,2,1,-0.5,-11,0,33,PUSH,0 → 0,PUSH,0.25 → 0,0
2598889,Exeter City,Charlton Athletic,0.0,2.25,COVER,1,0,0.25,7,0.25,4,PUSH,0 → 0,PUSH,0 → 0,0
2598894,Wigan Athletic,Wycombe Wanderers,0.0,2.5,NO_COVER,0,1,0.25,37,0.25,-4,CUBIERTO,0 → 0,NO CUBIERTO,0.5 → 0,0
2598901,Exeter City,Lincoln City,0.0,2.5,PUSH,0,0,0,19,-0.25,7,PUSH,0.25 → 0,NO CUBIERTO,0.25 → 0,0
2598904,Rotherham United,Bolton Wanderers,0.0,2.5,COVER,3,1,-0.25,-17,-0.25,-15,CUBIERTO,1 → 0,CUBIERTO,1 → 0,0
2598913,Lincoln City,Wycombe Wanderers,0.0,2.5,NO_COVER,2,3,0.5,17,0,8,CUBIERTO,0 → 0,PUSH,0.25 → 0,0
2598951,Reading,Blackpool,0.0,2.75,NO_COVER,0,3,0.75,6,-0.25,11,CUBIERTO,0 → 0,CUBIERTO,0 → 0,0
2598986,Peterborough United,Barnsley,0.0,3,NO_COVER,1,3,0.5,-50,0.5,-6,PUSH,0.75 → 0,PUSH,0.75 → 0,0
2598982,Charlton Athletic,Wycombe Wanderers,0.0,2.5,COVER,2,1,0.75,-6,-0.25,-36,CUBIERTO,0.25 → 0,NO CUBIERTO,0.25 → 0,0
2598996,Cambridge United,Reading,0.0,2.75,NO_COVER,1,3,-0.5,18,0.5,46,CUBIERTO,0.25 → 0,NO CUBIERTO,0.75 → 0,0
2598995,Burton Albion,Peterborough United,0.0,2.75,PUSH,2,2,-0.25,-13,0.75,10,NO CUBIERTO,-0.75 → 0,CUBIERTO,1 → 0,0
2598999,Mansfield Town,Bolton Wanderers,0.0,2.5,COVER,2,1,0.25,-12,0.25,15,NO CUBIERTO,0.25 → 0,NO CUBIERTO,0.75 → 0,0
2599005,Burton Albion,Northampton Town,0.0,2.5,NO_COVER,0,1,0,-44,0.25,22,NO CUBIERTO,0 → 0,CUBIERTO,0.25 → 0,0
2599020,Crawley Town,Wigan Athletic,0.0,2.25,PUSH,1,1,-0.5,-23,0.25,-3,N/A,N/A,NO CUBIERTO,0.5 → 0,0
2599035,Peterborough United,Leyton Orient,0.0,2.75,PUSH,0,0,0,-37,-0.25,0,PUSH,0.75 → 0,PUSH,0 → 0,0
2599029,Blackpool,Huddersfield Town,0.0,2.5,PUSH,2,2,1,16,0.25,30,PUSH,0.25 → 0,CUBIERTO,0.5 → 0,0
2599036,Reading,Stockport County,0.0,2.5,NO_COVER,1,3,0.25,-56,-0.25,-17,N/A,N/A,NO CUBIERTO,0.5 → 0,0
2599033,Mansfield Town,Wycombe Wanderers,0.0,2.5,NO_COVER,1,2,0,-24,0,-5,PUSH,0.75 → 0,NO CUBIERTO,0.75 → 0,0
2599044,Exeter City,Blackpool,0.0,2.5,NO_COVER,1,3,-0.25,-15,0.75,-9,PUSH,0 → 0,NO CUBIERTO,1 → 0,0
2599056,Huddersfield Town,Birmingham City,0.0,2.25,NO_COVER,0,1,0.5,39,-0.25,20,PUSH,0.25 → 0,NO CUBIERTO,0.5 → 0,0
2599075,Wigan Athletic,Lincoln City,0.0,2.25,PUSH,1,1,0.75,4,-0.5,31,PUSH,0 → 0,PUSH,0.5 → 0,0
2599067,Bristol Rovers,Peterborough United,0.0,2.75,COVER,3,1,-0.5,-36,0.5,20,NO CUBIERTO,-0.75 → 0,NO CUBIERTO,0.75 → 0,0
2852495,Al-Jndal,Al-Adalh,0.0,2.25,NO_COVER,0,3,0.25,36,0,1,NO CUBIERTO,-0.25 → 0,NO CUBIERTO,-0.25 → 0,0
2914972,SC Ramla,SC Shicun Hamizrah,0.0,2.75,NO_COVER,0,2,-0.25,-5,-2.5,-50,CUBIERTO,0 → 0,NO CUBIERTO,0.5 → 0,0
2914807,NA Hussein Dey U20,ES Ben Aknoun U20,0.0,2.5,NO_COVER,3,4,0.25,8,1,55,N/A,N/A,N/A,N/A,0
2850514,Hantharwady United,Dagon FC,0.0,2.75,NO_COVER,1,3,-1.25,-3,1,51,CUBIERTO,0.5 → 0,PUSH,0.25 → 0,0
2798282,Wrexham,Sheffield United,0.0,2.25,COVER,5,3,0.25,28,0.25,9,PUSH,-0.5 → 0,NO CUBIERTO,1 → 0,0
2791871,Standard Liege,Sint-Truidense,0.0,2.5,NO_COVER,1,2,0.25,-7,0.75,11,CUBIERTO,0.25 → 0,NO CUBIERTO,0.25 → 0,0
2839575,Modena,Monza,0.0,2,NO_COVER,1,2,0.25,-4,0.25,-7,PUSH,1.5 → 0,PUSH,1.5 → 0,0
2884099,AJEB,Real du Faso,0.0,1.75,PUSH,0,0,0,-4,0,0,N/A,N/A,N/A,N/A,0
2884098,RC Kadiogo,Sporting Football des Cascades,0.0,1.5,COVER,1,0,0,11,0.5,-8,CUBIERTO,0.25 → 0,CUBIERTO,0.25 → 0,0
2885991,Al Ali CSC,Al Hidd,0.0,2.25,COVER,2,1,-1,-25,1.25,33,N/A,N/A,NO CUBIERTO,0.5 → 0,0
2914933,Loughborough University,Shepshed Dynamo,0.0,2.5,NO_COVER,0,3,0.25,8,0.75,5,CUBIERTO,0 → 0,CUBIERTO,0 → 0,0
2828332,Guiseley,Gainsborough Trinity,0.0,2.25,COVER,3,2,0.25,19,-0.25,-24,NO CUBIERTO,0.75 → 0,NO CUBIERTO,0.75 → 0,0
2820869,Salisbury FC,AFC Totton,0.0,2.5,COVER,3,1,-0.25,-24,0,-10,NO CUBIERTO,0 → 0,PUSH,0.75 → 0,0
2820308,AFC Telford United,Chester FC,0.0,2.75,COVER,3,1,0.5,-6,0.25,9,PUSH,-0.5 → 0,PUSH,1.25 → 0,0
2818106,Eastleigh,Woking,0.0,2.25,PUSH,1,1,0,30,1.25,33,PUSH,0.25 → 0,PUSH,0 → 0,0
2798816,Gillingham,Cambridge United,0.0,2,PUSH,1,1,0.5,6,0.5,-11,N/A,N/A,N/A,N/A,0
2798813,Cheltenham Town,Shrewsbury Town,0.0,2.25,COVER,3,1,0.5,3,0.5,10,CUBIERTO,0.25 → 0,CUBIERTO,0.25 → 0,0
2797716,Plymouth Argyle,Reading,0.0,2.5,NO_COVER,1,4,0.25,-17,0.5,28,NO CUBIERTO,-0.5 → 0,NO CUBIERTO,-0.5 → 0,0
2797707,AFC Wimbledon,Stevenage Borough,0.0,2,PUSH,0,0,0,2,0.25,50,NO CUBIERTO,0 → 0,NO CUBIERTO,0 → 0,0
2794424,Ards FC,Warrenpoint Town,0.0,2.75,PUSH,0,0,-0.25,10,0.25,0,N/A,N/A,N/A,N/A,0
2805899,Carmarthen,Ammanford,0.0,2.5,NO_COVER,0,1,0,-36,-0.25,0,CUBIERTO,0.25 → 0,PUSH,0 → 0,0
2915049,Hapoel Bnei Arrara Ara,Maccabi Ahi Iksal,0.0,3.5,COVER,3,0,0.25,-9,1.25,94,NO CUBIERTO,0.25 → 0,CUBIERTO,0.25 → 0,0
2915138,Malindi,Uhamiaji FC,0.0,1.75,NO_COVER,0,3,-0.5,7,-0.25,-16,PUSH,0.25 → 0,PUSH,0.25 → 0,0
2914966,Gasogi Utd,AS Kigali,0.0,2,PUSH,1,1,0.25,1,-0.25,16,NO CUBIERTO,-0.25 → 0,PUSH,0.5 → 0,0
2890628,Ethiopian Insurance FC,Sidama Bunna,0.0,1.75,PUSH,1,1,0,-18,-0.5,-14,CUBIERTO,0.5 → 0,CUBIERTO,0.5 → 0,0
2908176,Fajr Sepasi,Foolad Khozestan,0.0,1.5,NO_COVER,1,2,-0.25,0,0,0,PUSH,-0.5 → 0,NO CUBIERTO,0.5 → 0,0
2820861,Dagenham Redbridge,Hornchurch,0.0,2.5,NO_COVER,2,3,0.75,-5,0.25,-9,N/A,N/A,N/A,N/A,0
2867458,Al-Jazira Al-Hamra,Al-Thaid,0.0,2.25,NO_COVER,0,4,0.5,-21,-0.5,-14,NO CUBIERTO,0.25 → 0,NO CUBIERTO,0.25 → 0,0
2852497,Al Raed,Al-Draih,0.0,2.5,NO_COVER,2,3,0.75,69,-0.5,-22,N/A,N/A,N/A,N/A,0
2890623,Adama City,Mekelakeya,0.0,1.75,NO_COVER,1,3,-0.25,-17,-0.25,-18,NO CUBIERTO,-0.75 → 0,NO CUBIERTO,-0.75 → 0,0
2914953,Tzeirey Haifa,Hapoel Daliyat Al Karmel,0.0,3.5,NO_COVER,0,1,1.25,17,1.75,19,N/A,N/A,NO CUBIERTO,0.25 → 0,0
2915036,Shahid Ghandi,Shahrdari Mahshahr,0.0,2,PUSH,1,1,0,1,0.25,13,N/A,N/A,PUSH,0.5 → 0,0
2915053,Maccabi Beer Sheva,Maccabi Beer Yaakov,0.0,3.5,PUSH,4,4,-1.25,-26,2.5,43,N/A,N/A,N/A,N/A,0
2784651,Udinese,Lazio,0.0,2.25,PUSH,1,1,-0.5,-12,-0.5,23,CUBIERTO,-0.25 → 0,PUSH,1 → 0,0
2915178,Mighty Blackpool,Wusum Stars,0.0,1.75,PUSH,1,1,0,-3,0.25,16,CUBIERTO,0.25 → 0,CUBIERTO,0.25 → 0,0
2915095,Greater Tomorrow FC,Steve Biko,0.0,1.75,PUSH,0,0,-0.75,4,0,13,PUSH,0 → 0,PUSH,0 → 0,0
2915469,AS GNN,Gendarmerie,0.0,2,PUSH,0,0,0.25,23,0.25,20,N/A,N/A,N/A,N/A,0
2915185,Egham Town,South Park,0.0,3,COVER,3,1,0,6,0,-7,N/A,N/A,N/A,N/A,0
2912071,Al Karma SC,Zakho,0.0,1.75,PUSH,0,0,0.5,-17,0,-4,PUSH,-0.25 → 0,PUSH,-0.25 → 0,0
2843250,Sudbury,Bury Town,0.0,2.75,NO_COVER,0,3,-0.5,0,0.75,0,CUBIERTO,0.25 → 0,CUBIERTO,0.25 → 0,0
2843242,Bromsgrove Sporting FC,Redditch United,0.0,2.75,PUSH,1,1,0.25,0,0.75,7,NO CUBIERTO,0 → 0,NO CUBIERTO,0.25 → 0,0
2843244,Leiston FC,Needham Market,0.0,2.75,NO_COVER,0,1,0,0,0,0,PUSH,0.75 → 0,CUBIERTO,0.25 → 0,0
2832113,Wimborne Town,Poole Town,0.0,2.75,NO_COVER,0,2,0.5,0,0,0,CUBIERTO,0 → 0,CUBIERTO,0 → 0,0
2829129,Burgess Hill Town,Chichester City,0.0,3,NO_COVER,1,2,0,0,0.5,34,N/A,N/A,NO CUBIERTO,0 → 0,0
2792413,Forfar Athletic,Elgin City,0.0,2.5,COVER,4,2,0,-6,0.5,35,PUSH,0 → 0,NO CUBIERTO,0.25 → 0,0
2792412,Edinburgh City,Spartans,0.0,2.75,NO_COVER,1,3,0.25,-3,-0.75,-9,CUBIERTO,-0.25 → 0,CUBIERTO,0.5 → 0,0
2792235,Queen of South,Hamilton Academical,0.0,2.5,COVER,4,1,0.5,20,0.75,23,NO CUBIERTO,0.25 → 0,CUBIERTO,0.5 → 0,0
2791872,LaLouviere,Oud-Heverlee Leuven,0.0,2,PUSH,0,0,0.25,27,0.25,-7,N/A,N/A,CUBIERTO,0.5 → 0,0
2839573,Empoli,Frosinone,0.0,2.5,PUSH,1,1,-0.25,10,-0.5,17,PUSH,0.25 → 0,PUSH,0.25 → 0,0
2839572,Catanzaro,Cesena,0.0,2.25,COVER,2,0,0.5,21,-0.25,-21,CUBIERTO,0.25 → 0,CUBIERTO,0.25 → 0,0
2842479,Olympique Akbou,USM Alger,0.0,2,PUSH,1,1,0.75,-1,0.5,27,PUSH,0.25 → 0,PUSH,0.75 → 0,0
2791605,Hibernian,Heart of Midlothian,0.0,2.5,COVER,3,2,1,10,-0.5,-27,CUBIERTO,0.25 → 0,NO CUBIERTO,0.5 → 0,0
2914833,Nakhon Pathom FC,Uthai Thani FC,0.0,2.25,NO_COVER,0,2,0,-4,1.25,5,CUBIERTO,-0.25 → 0,CUBIERTO,-0.25 → 0,0
2908177,Peykan,Kheybar Khorramabad,0.0,1.75,PUSH,0,0,-0.75,0,0,8,CUBIERTO,0.5 → 0,N/A,N/A,0
2903859,PSPS Pekanbaru,Persikad Depok,0.0,2,NO_COVER,2,3,-1.5,-1,-0.75,2,N/A,N/A,NO CUBIERTO,-0.25 → 0,0
2911996,Imigresen FC II,Darul Takzim II,0.0,2.5,NO_COVER,1,2,1.75,27,-1.25,-73,N/A,N/A,N/A,N/A,0
2915160,Pekanbaru FC,Persikota Tangerang,0.0,2,COVER,2,1,0.75,-3,0.25,-1,N/A,N/A,CUBIERTO,0 → 0,0
2915523,Inter Moengo Tapoe,SV Leo Victor,0.0,3.5,NO_COVER,0,3,1.25,22,0,0,N/A,N/A,N/A,N/A,0
2914903,Egnatia,KS Dinamo Tirana,0.0,2,NO_COVER,1,3,0.75,6,0,-32,PUSH,0.75 → 0,CUBIERTO,0.25 → 0,0
2915143,Teranga SC,AS Saloum,0.0,1.75,PUSH,1,1,0.25,2,0,1,N/A,N/A,N/A,N/A,0
2914908,AS Camberene,Guediawaye,0.0,1.75,NO_COVER,0,2,0,-42,0.25,1,N/A,N/A,N/A,N/A,0
2885992,Al-Ahli(BHR),Sitra,0.0,2.25,NO_COVER,1,2,0.5,-8,0.75,-7,NO CUBIERTO,-0.75 → 0,NO CUBIERTO,-0.75 → 0,0
2915208,Harts,Fortune FC,0.0,1.75,PUSH,0,0,0.25,0,0,-15,NO CUBIERTO,0 → 0,NO CUBIERTO,0 → 0,0
2789307,Sunderland A.F.C,Leeds United,0.0,2.25,PUSH,1,1,-0.5,12,0.5,-10,PUSH,-0.25 → 0,NO CUBIERTO,0.75 → 0,0
2903862,Persiba Balikpapan,Beigan Baru Tornado,0.0,2.25,NO_COVER,1,3,1.25,58,0.75,48,N/A,N/A,NO CUBIERTO,0.25 → 0,0
2915188,AL Jaish (Irq),Ghaz Al Shamal,0.0,2,PUSH,2,2,-0.5,0,0.25,-2,N/A,N/A,N/A,N/A,0
2915510,Naft Alwasat,Naft Al Junoob,0.0,2,NO_COVER,0,4,-0.5,40,-0.25,1,N/A,N/A,N/A,N/A,0
2903861,Persiku Kudus,Deltras Sidoarjo,0.0,2.25,NO_COVER,2,4,-0.5,-15,0.75,3,N/A,N/A,NO CUBIERTO,0.25 → 0,0
2826215,Malut United,Borneo FC Samarinda,0.0,2.5,COVER,3,2,-0.25,21,-0.25,-8,CUBIERTO,0 → 0,CUBIERTO,0 → 0,0
2916098,Lagarto,Centro Sportivo Alagoano,0.0,2.25,COVER,1,0,0.25,13,0.5,13,N/A,N/A,N/A,N/A,0
2798827,Chesterfield,Cambridge United,0.0,2.25,NO_COVER,0,1,0.25,26,0,21,NO CUBIERTO,0 → 0,PUSH,0.25 → 0,0
2798829,Gillingham,Colchester United,0.0,2.25,PUSH,1,1,0,21,-0.25,-11,PUSH,0 → 0,PUSH,0.5 → 0,0
2798291,Stoke City,Sheffield United,0.0,2.5,NO_COVER,1,2,0.5,1,0,18,NO CUBIERTO,-0.25 → 0,NO CUBIERTO,0.5 → 0,0
2798293,Oxford United,Swansea City,0.0,2.25,NO_COVER,0,1,-0.5,-11,1,23,NO CUBIERTO,0 → 0,NO CUBIERTO,0.5 → 0,0
2798288,Norwich City,Watford,0.0,2.75,NO_COVER,0,1,0.25,18,0.25,16,CUBIERTO,0.25 → 0,NO CUBIERTO,0.5 → 0,0
2797724,Burton Albion,Wigan Athletic,0.0,2.25,NO_COVER,0,2,0.25,-13,0.5,54,PUSH,0.25 → 0,NO CUBIERTO,0.5 → 0,0
2797720,Barnsley,Lincoln City,0.0,2.75,NO_COVER,0,2,0.5,18,0.25,-25,NO CUBIERTO,0.75 → 0,NO CUBIERTO,0.5 → 0,0
2915556,Longuera Toscal U19,AD Huracan U19,0.0,3.25,PUSH,1,1,1,11,0,-1,N/A,N/A,N/A,N/A,0
2852159,Al-Riyadh,Al-Hazm,0.0,2.5,NO_COVER,1,2,-0.25,-48,0.5,-6,PUSH,0.75 → 0,PUSH,0 → 0,0
2914914,US Ouakam Dakar,Mbour,0.0,1.5,PUSH,1,1,0.25,-5,0,-42,PUSH,0 → 0,PUSH,0 → 0,0
2915565,Police National FC,Sekondi Eleven Wise FC,0.0,2,COVER,3,0,0.25,9,0.75,0,N/A,N/A,N/A,N/A,0
2915528,Nifas Silk Lafto Sub City,Sululta Ketema,0.0,2,NO_COVER,1,3,0,-14,-0.25,0,N/A,N/A,N/A,N/A,0
2915531,Fayoum,Telephonaat Bani Suweif FC,0.0,1.75,NO_COVER,0,1,0.75,30,-0.25,-18,NO CUBIERTO,0.5 → 0,PUSH,0.25 → 0,0
2890631,Fasil Kenema,Ethio Electric FC,0.0,1.5,COVER,1,0,0.25,-9,0.25,17,NO CUBIERTO,0.75 → 0,CUBIERTO,0 → 0,0
2915529,Kitchee U22,HK Rangers FC U22,0.0,3,PUSH,2,2,2,-20,-2,-22,NO CUBIERTO,0 → 0,CUBIERTO,0.75 → 0,0
2915525,Glory Goal FC,Myanmar Universitet,0.0,3.25,NO_COVER,0,1,-1.75,-42,1.25,11,PUSH,-1.25 → 0,NO CUBIERTO,1 → 0,0
2826211,Bali United,Dewa United FC,0.0,2.75,PUSH,0,0,0.75,29,0.75,-4,PUSH,-0.25 → 0,PUSH,-0.25 → 0,0
2906206,Hapoel Mahane Yehuda,Hapoel Kiryat Ono,1.25,3,NO_COVER,1,4,0.75,15,0.75,4,NO CUBIERTO,1.25 → 1.25,NO CUBIERTO,1.25 → 1.25,0.5
2735062,Santos,Sport Club do Recife,1.5,2.5,COVER,3,0,0.25,10,1.5,37,N/A,N/A,N/A,N/A,1.25
2904159,Estudiantes de Queretaro,CD San Juan del Rio,1.25,2.75,COVER,3,2,0.5,0,0.75,22,N/A,N/A,N/A,N/A,0.75
2824029,The New Saints,Caernarfon,1.75,3.5,COVER,2,0,2.25,90,-1.75,-9,N/A,N/A,N/A,N/A,-0.5
2857373,Queens Park R U21,Stockport U21,1.25,3.75,COVER,2,1,-0.75,20,1.75,5,N/A,N/A,N/A,N/A,2.0
2790361,Dordrecht,FC Utrecht (Youth),1.0,3,PUSH,1,2,0.25,-2,0.5,-7,N/A,N/A,N/A,N/A,0.75
2797207,Rapid Bucuresti,FK Csikszereda Miercurea Ciuc,1.5,2.75,COVER,4,1,0.75,-29,1.25,39,N/A,N/A,N/A,N/A,0.75
2813300,Hallescher FC,Eilenburg,1.5,2.75,COVER,3,0,0.75,0,0.75,0,N/A,N/A,N/A,N/A,0.75
2902661,Siarka Tarnobrzeg,Swidniczanka Swidnik,1.0,3,COVER,6,1,-,0,0.25,-3,N/A,N/A,N/A,N/A,0
2882252,Bashundhara Kings,Rahmatganj MFS,1.0,2.75,COVER,5,0,0.5,-13,-1.25,18,N/A,N/A,N/A,N/A,0.5
2869982,Empoli U20,Cosenza Calcio Youth,1.75,3.5,COVER,2,0,0.75,-7,0.25,34,N/A,N/A,N/A,N/A,1.0
2842025,Pelister Bitola,FK Makedonija Gjorce Petrov,1.0,2.5,COVER,1,1,0.25,43,1.5,71,N/A,N/A,N/A,N/A,0.75
2904664,Hapoel Bnei Ein Mahel,Hapoel Bnei Biina,1.75,3.25,COVER,2,0,-0.5,0,0.25,-9,N/A,N/A,N/A,N/A,2.25
2902672,MKS Notec Czarnkow,Rewal,1.25,3,COVER,2,0,-,0,1,36,N/A,N/A,N/A,N/A,0
2865749,CSKA 1948 Sofia,Beroe Stara Zagora,1.5,2.75,COVER,2,1,0.25,27,0.5,22,N/A,N/A,N/A,N/A,1.25
2844712,FC Bukovyna chernivtsi,Probiy Horodenka,1.5,2.5,COVER,3,1,-,0,-,0,N/A,N/A,N/A,N/A,0
2806422,Norway (W) U19,Croatia (W) U19,1.0,2.75,COVER,4,0,1.5,26,1,38,N/A,N/A,N/A,N/A,-0.5
2904665,Maccabi Bnei Jadida,Maccabi Bnei Abu Snan,1.0,2.75,COVER,4,0,0.75,24,1,-4,N/A,N/A,N/A,N/A,0.25
2815857,Erzurum BB,Istanbulspor,1.0,2.5,COVER,4,0,0.5,1,1.25,1,N/A,N/A,N/A,N/A,0.5
2869740,Virtus Entella U20,Vicenza U20,1.0,2.75,COVER,1,1,0.75,-8,0,2,N/A,N/A,N/A,N/A,0.25
2835921,FC Bihor Oradea,CS Dinamo Bucuresti,1.5,2.75,COVER,5,0,1.25,28,0.75,36,N/A,N/A,N/A,N/A,0.25
2897986,MTK Budapest U19,Ferencvarosi U19,1.25,3.5,COVER,3,1,0.25,-18,-0.5,-25,N/A,N/A,N/A,N/A,1.0
2835924,CSA Steaua Bucuresti,Ceahlaul Piatra Neamt,1.5,2.75,COVER,2,0,1.75,57,0,-6,N/A,N/A,N/A,N/A,-0.25
2835915,Chindia Targoviste,Tunari,1.25,2.75,COVER,3,0,0.75,-16,1.25,28,N/A,N/A,N/A,N/A,0.5
2905037,USM Alger U20,JS El Biar U20,1.0,2.25,COVER,3,0,1,55,0.25,8,N/A,N/A,N/A,N/A,0.0
2826269,Dewa United FC,Persita Tangerang,1.0,2.75,COVER,1,0,0.75,12,-0.75,35,N/A,N/A,N/A,N/A,0.25
2904377,Mamelodi Sundowns Reserves,Orbit College Reserves,1.75,3.25,COVER,1,0,1.25,57,1,4,N/A,N/A,N/A,N/A,0.5
2840835,Crotone,Giugliano,1.0,2.5,COVER,1,0,1.25,13,1,1,PUSH,0.75 → 1,PUSH,0.75 → 1,-0.25
2796625,NK Olimpija Ljubljana,Radomlje,1.0,2.75,COVER,2,1,1.25,-39,0.75,18,CUBIERTO,1.75 → 1,NO CUBIERTO,-1 → 1,-0.25
2903939,Mexico (W) U20,China (W) U20,1.0,3,COVER,1,1,-,0,1.75,10,N/A,N/A,NO CUBIERTO,0.25 → 1,0
2888139,Um Alhassam,Al-Tadhmon,1.25,2.5,COVER,2,1,1.25,29,0,-20,NO CUBIERTO,1 → 1.25,NO CUBIERTO,-1 → 1.25,0.0
2870252,Accra Hearts of Oak,Vision FC,1.0,2,COVER,1,0,0.25,2,0.75,31,PUSH,0.5 → 1,NO CUBIERTO,0.25 → 1,0.75
2815860,Sakaryaspor,Umraniyespor,1.25,2.75,COVER,1,1,0.5,13,1.25,26,NO CUBIERTO,0.25 → 1.25,NO CUBIERTO,0.25 → 1.25,0.75
2904171,CD Roces U19,Racing Ferrol U19,1.5,3,COVER,4,0,0.5,7,2.75,37,N/A,N/A,N/A,N/A,1.0
2874256,Birzebbuga,Gudja United,1.0,3.25,COVER,2,1,2,31,1,44,NO CUBIERTO,-1.5 → 1,NO CUBIERTO,-1.5 → 1,-1.0
2801018,Hapoel Tel Aviv,Hapoel Bnei Sakhnin FC,1.0,2.5,COVER,2,0,1.25,-5,0.5,34,NO CUBIERTO,0.5 → 1,NO CUBIERTO,0.5 → 1,-0.25
2795741,Vojvodina Novi Sad,FK Spartak Zlatibor Voda,1.25,2.5,COVER,2,0,1.25,76,0.5,5,NO CUBIERTO,1 → 1.25,CUBIERTO,-0.25 → 1.25,0.0
2903966,Tigres UANL U21,Unam Pumas U21,1.25,3.5,NO_COVER,0,2,0.75,35,0.75,-12,N/A,N/A,NO CUBIERTO,-0.5 → 1.25,0.5
2904145,Levante U19,Real Murcia U19,1.5,3.25,COVER,4,1,0,7,-0.75,7,CUBIERTO,2 → 1.5,CUBIERTO,2 → 1.5,1.5
2902735,Peniche,Electrico FC,1.5,2.5,NO_COVER,0,3,0.25,14,0.25,21,N/A,N/A,N/A,N/A,1.25
2902724,Rebordosa,Vila Mea,1.0,2.25,COVER,1,1,1.5,-20,0.25,-16,NO CUBIERTO,0.75 → 1,PUSH,-0.25 → 1,-0.5
2902723,Leca,GD Resende,1.0,2.25,COVER,3,1,0.5,50,1.5,-20,NO CUBIERTO,1 → 1,NO CUBIERTO,1 → 1,0.5
2902716,Chaves B,Moncao,1.0,2.75,COVER,4,2,0.5,25,0.75,-2,N/A,N/A,N/A,N/A,0.5
2898815,Elgin City,Stirling Albion,1.0,2.75,COVER,2,2,0.75,-6,-0.25,2,CUBIERTO,0.25 → 1,NO CUBIERTO,-0.25 → 1,0.25
2820831,Maidenhead United,Chippenham Town,1.25,2.75,COVER,3,0,0.25,0,0.75,2,NO CUBIERTO,1 → 1.25,NO CUBIERTO,1 → 1.25,1.0
2800838,Sarajevo,NK Siroki Brijeg,1.5,2.5,COVER,0,0,0,-7,0,37,NO CUBIERTO,0.75 → 1.5,NO CUBIERTO,-0.25 → 1.5,1.5
2800837,Borac Banja Luka,FK Zeljeznicar,1.5,2.25,COVER,2,1,2,39,1.25,18,NO CUBIERTO,1.25 → 1.5,NO CUBIERTO,0 → 1.5,-0.5
2798768,Colchester United,Cheltenham Town,1.0,2.5,COVER,2,0,0.25,2,0.75,-16,NO CUBIERTO,0.5 → 1,PUSH,0 → 1,0.75
2798764,Barnet,Harrogate Town,1.5,2.75,COVER,1,1,0,20,1,61,NO CUBIERTO,0 → 1.5,NO CUBIERTO,0.25 → 1.5,1.5
2797663,Huddersfield Town,AFC Wimbledon,1.0,2.5,COVER,3,3,0.5,43,0.25,-21,N/A,N/A,N/A,N/A,0.5
2794402,Loughgall FC,Dundela,1.0,3,COVER,2,1,-0.25,0,1.25,26,N/A,N/A,N/A,N/A,1.25
2794401,Limavady United,Ballinamallard United,1.25,2.75,COVER,4,2,1,9,0.5,-7,NO CUBIERTO,1 → 1.25,N/A,N/A,0.25
2794399,Annagh United,Ards FC,1.0,2.75,COVER,3,1,1.5,25,1,9,PUSH,1.75 → 1,N/A,N/A,-0.5
2793845,Linfield FC,Carrick Rangers,1.25,2.75,COVER,3,1,1.25,37,1,0,CUBIERTO,2 → 1.25,CUBIERTO,2 → 1.25,0.0
2904364,CR Belouizdad (W),ASE Alger Centre (W),1.5,3.25,COVER,4,0,2.25,44,3,43,CUBIERTO,-0.25 → 1.5,CUBIERTO,-0.25 → 1.5,-0.75
2794060,Spartak Trnava,KFC Komarno,1.75,2.75,COVER,2,0,1.25,1,1.75,7,NO CUBIERTO,1.5 → 1.75,CUBIERTO,-0.75 → 1.75,0.5
2869745,Sampdoria U20,Renate U19,1.0,3,PUSH,1,2,1,-11,0.75,9,N/A,N/A,N/A,N/A,0.0
2839539,Venezia,Mantova,1.25,2.75,COVER,3,0,0.75,-11,0.5,21,CUBIERTO,1 → 1.25,CUBIERTO,1 → 1.25,0.5
2805881,Llantwit Major,Afan Lido,1.25,3,COVER,1,0,-0.5,23,0.75,14,NO CUBIERTO,1 → 1.25,NO CUBIERTO,1 → 1.25,1.75
2869742,Modena U19,AlbinoLeffe Youth,1.0,3.25,COVER,3,0,0.75,9,0.75,9,NO CUBIERTO,0.5 → 1,NO CUBIERTO,0.5 → 1,0.25
2855043,AuxerreU19,Saint Priest U19,1.5,3.25,COVER,0,1,0.5,-2,1.75,4,N/A,N/A,NO CUBIERTO,-0.75 → 1.5,1.0
2816226,HSV Hoek,Barendrecht,1.0,3.25,COVER,1,1,0.5,-13,0.75,29,N/A,N/A,N/A,N/A,0.5
2816225,HHC Hardenberg,IJsselmeervogels,1.25,3.25,COVER,4,0,1.25,21,0.5,19,CUBIERTO,0.75 → 1.25,N/A,N/A,0.0
2809998,LNZ Cherkasy,Kudrivka,1.5,2.5,COVER,1,0,0.75,67,0.5,-28,N/A,N/A,N/A,N/A,0.75
2851123,Nordsjaelland U19,Sonderjyske U19,1.75,4,COVER,2,0,-,0,-,0,CUBIERTO,2.5 → 1.75,NO CUBIERTO,-0.5 → 1.75,0
2904524,Kabwe Warriors,Mines United FC,1.0,2,COVER,1,0,0.5,12,1,0,N/A,N/A,N/A,N/A,0.5
2904427,Dinamo Zagreb U19,Rijeka U19,1.75,3.5,COVER,0,1,3.25,10,0,57,NO CUBIERTO,1.5 → 1.75,CUBIERTO,-0.5 → 1.75,-1.5
2904388,Orlando Pirates Reserves,Magesi FC Reserves,1.0,2.75,COVER,4,0,0.75,-1,0,11,NO CUBIERTO,0.5 → 1,CUBIERTO,-0.25 → 1,0.25
2902923,RC Kouba,JSM Tiaret,1.25,2,COVER,1,1,0.75,40,0.5,9,NO CUBIERTO,0.5 → 1.25,NO CUBIERTO,0 → 1.25,0.5
2902921,JS El Biar,ESM Kolea,1.0,2,COVER,3,1,2,0,0,57,NO CUBIERTO,1 → 1,NO CUBIERTO,1 → 1,-1.0
2902775,Biskra,MSP Batna,1.5,2.25,COVER,2,0,0.75,39,0.25,24,N/A,N/A,N/A,N/A,0.75
2905396,SV Britannia,SV Deportivo Nacional,1.0,3.25,COVER,1,0,1.5,22,1.75,0,CUBIERTO,1 → 1,PUSH,-0.75 → 1,-0.5
2892664,Trinidad Tobago Police FC,Point Fortin FC,1.75,3.5,COVER,2,0,-,0,3.5,5,N/A,N/A,N/A,N/A,0
2850167,Deportivo Saprissa,Municipal Liberia,1.0,2.5,COVER,3,1,1,-4,0.25,-2,NO CUBIERTO,1.25 → 1,NO CUBIERTO,0 → 1,0.0
2904516,Club Calor II,Real Apodaca FC II,1.0,3.5,COVER,5,0,1,16,3.25,59,N/A,N/A,N/A,N/A,0.0
2837892,Guarani CA,Sportivo Luqueno,1.0,2.75,COVER,2,1,0.25,13,0.25,-28,PUSH,0.25 → 1,PUSH,0 → 1,0.75
2803084,Coban Imperial,Deportivo Mictlan,1.0,2.25,COVER,0,0,0.75,45,0.5,7,CUBIERTO,0.5 → 1,NO CUBIERTO,0.5 → 1,0.25
2803082,Antigua GFC,Malacateco,1.0,2.75,COVER,2,0,0.5,-24,0.75,45,NO CUBIERTO,0.75 → 1,NO CUBIERTO,0 → 1,0.5
2884479,Macara,CD El Nacional,1.25,2.5,COVER,2,0,1.25,50,0.75,0,NO CUBIERTO,0.25 → 1.25,NO CUBIERTO,0 → 1.25,0.0
2903702,G.San Martin Formosa,CA 9 de Julio Rafaela,1.25,2.75,COVER,4,1,0.75,-14,0.5,47,CUBIERTO,0.75 → 1.25,NO CUBIERTO,0.25 → 1.25,0.5
2800139,Lyon,Nantes,1.25,2.75,COVER,3,0,-0.75,4,0.5,67,CUBIERTO,0.75 → 1.25,NO CUBIERTO,-0.25 → 1.25,2.0
2905166,Real Potosi,Integracion Del Norte San Juan,1.0,2.75,COVER,4,0,0.75,45,1,64,N/A,N/A,N/A,N/A,0.25
2810922,VfB Stuttgart II,Havelse,1.0,3.25,COVER,2,1,0.25,21,1.25,4,N/A,N/A,N/A,N/A,0.75
2801015,Beitar Jerusalem,Maccabi Netanya,1.0,3.25,COVER,4,2,-0.75,10,0,52,NO CUBIERTO,1 → 1,NO CUBIERTO,1 → 1,1.75
2815074,Atletic Club D Escaldes,FC Ordino,1.5,3,COVER,1,0,3.75,90,1.5,57,CUBIERTO,1.25 → 1.5,NO CUBIERTO,-1.5 → 1.5,-2.25
2905350,Lonsdaleita FC,Milenarios de Oaxaca,1.25,3.5,NO_COVER,2,4,-0.5,6,3.25,73,N/A,N/A,N/A,N/A,1.75
2796622,NK Publikum Celje,FC Koper,1.0,3.25,COVER,1,1,1.25,65,-0.25,-3,NO CUBIERTO,0.75 → 1,NO CUBIERTO,-0.25 → 1,-0.25
2811353,Kecskemeti TE,SOROKSAR,1.0,2.75,COVER,2,1,0.75,59,0.25,35,CUBIERTO,0 → 1,PUSH,-0.75 → 1,0.25
2811351,Budapest Honved,BVSC Zuglo,1.0,2.5,COVER,3,0,0.75,0,0.75,26,NO CUBIERTO,0.25 → 1,PUSH,0.25 → 1,0.25
2808223,CF Salmantino,Burgos Promesas,1.0,2.5,COVER,3,1,0.25,46,0.5,-8,CUBIERTO,1 → 1,PUSH,-0.5 → 1,0.75
2808219,G. Segoviana,Atletico Astorga,1.25,2,COVER,1,1,0.75,29,1,28,N/A,N/A,NO CUBIERTO,-0.25 → 1.25,0.5
2711615,Viking,Valerenga,1.75,3.75,COVER,5,1,1.5,27,0.5,45,NO CUBIERTO,0.25 → 1.75,NO CUBIERTO,0.25 → 1.75,0.25
2711612,Rosenborg BK,Stromsgodset,1.0,3.25,COVER,6,0,0.5,45,0.5,-29,PUSH,1 → 1,PUSH,-0.5 → 1,0.5
2711609,Brann,Ham-Kam,1.75,3.25,COVER,3,1,0.75,16,1.5,27,NO CUBIERTO,1.5 → 1.75,NO CUBIERTO,-0.5 → 1.75,1.0
2790366,De Graafschap,FC Eindhoven,1.5,3.5,COVER,2,0,0.75,-11,0.25,17,CUBIERTO,0.5 → 1.5,NO CUBIERTO,-0.25 → 1.5,0.75
2859817,Bayelsa United,Katsina United,1.0,2,COVER,1,1,0.5,17,0.75,16,NO CUBIERTO,1 → 1,N/A,N/A,0.5
2793242,Basel,St. Gallen,1.0,3.25,COVER,0,0,0.75,27,0.5,0,PUSH,0.25 → 1,NO CUBIERTO,-0.25 → 1,0.25
2901795,CD Motagua,Platense,1.0,2.75,NO_COVER,0,4,0.5,-2,-1.25,-7,CUBIERTO,1.75 → 1,PUSH,0 → 1,0.5
2905900,ZNK Krim (W),ZNK Cerklje (W),1.75,3.75,COVER,4,1,-3.75,-17,1,11,CUBIERTO,-0.75 → 1.75,CUBIERTO,-0.25 → 1.75,5.5
2800152,Paris Saint Germain (PSG),Rennes,1.75,3.5,COVER,5,0,2.25,22,-0.5,10,CUBIERTO,1.25 → 1.75,CUBIERTO,-1 → 1.75,-0.5
2884517,Independiente del Valle,Libertad FC,1.5,2.75,COVER,1,1,1.5,39,1.25,12,NO CUBIERTO,1 → 1.5,CUBIERTO,-0.75 → 1.5,0.0
2893708,Club Guabira,Jorge Wilstermann,1.25,3.25,COVER,6,3,1,-18,0.5,46,CUBIERTO,0.5 → 1.25,NO CUBIERTO,0.5 → 1.25,0.25
2905297,Colo Colo (W),Universidad de Chile (W),1.75,3.25,COVER,1,0,2.5,108,-0.75,-48,NO CUBIERTO,2.25 → 1.75,NO CUBIERTO,2.25 → 1.75,-0.75
2735081,Mirassol,Flamengo,1.0,2.5,COVER,3,3,0.75,-42,-0.5,-50,N/A,N/A,NO CUBIERTO,1.25 → 1,0.25
2896999,Ravenna,Arzignano Valchiampo,1.25,2.75,COVER,3,0,1.5,8,0.5,13,NO CUBIERTO,0.75 → 1.25,NO CUBIERTO,0.75 → 1.25,-0.25
2874367,Croissant Msaken,AS Agareb,1.0,2,COVER,0,0,1,24,-,0,N/A,N/A,N/A,N/A,0.0
2906596,Caballeros de Cordoba,Atletico Boca del Rio,1.0,2.75,COVER,4,0,2,61,0.75,0,PUSH,0.5 → 1,PUSH,0.5 → 1,-1.0
2905809,Diriangen,HYH Export Sebaco FC,1.25,3,COVER,5,0,0.5,15,1.5,37,CUBIERTO,1.25 → 1.25,NO CUBIERTO,-0.5 → 1.25,0.75
2866742,3 Sing FC,Citizen,1.0,3.5,COVER,3,1,-1,8,0.5,5,NO CUBIERTO,-0.5 → 1,NO CUBIERTO,0.75 → 1,2.0
2905717,Malacateco,Club Aurora,1.0,2.5,COVER,1,0,0.5,10,0.5,7,PUSH,0.75 → 1,PUSH,0.75 → 1,0.5
2796628,Maribor,NK Aluminij,1.5,3.25,COVER,2,3,0.5,20,1.25,17,NO CUBIERTO,0.75 → 1.5,NO CUBIERTO,-0.75 → 1.5,1.0
2906556,Deportivo Yautepec FC,Selva Canera,1.5,3.25,COVER,8,0,0.5,35,-0.25,-1,N/A,N/A,N/A,N/A,1.0
2901802,CD Olimpia,CD Victoria,1.5,3,COVER,3,0,0.75,-6,0.25,17,NO CUBIERTO,1 → 1.5,NO CUBIERTO,-1.75 → 1.5,0.75
2907169,Delta Tehuacan,Reales de Puebla FC,1.25,2.5,COVER,1,2,-,0,0.25,21,N/A,N/A,N/A,N/A,0
2906606,Pabellon FC,Jaral del Progreso,1.25,3,COVER,1,1,0.25,0,0.75,7,NO CUBIERTO,0.75 → 1.25,NO CUBIERTO,0.75 → 1.25,1.0
2906605,PDLA FC,Liga de Futbol de Tehuacan,1.75,3.25,COVER,2,3,0.25,30,0,21,N/A,N/A,N/A,N/A,1.5
2722929,Univ Catolica,Union La Calera,1.25,2.5,COVER,2,1,0.25,-12,1.25,19,NO CUBIERTO,0.5 → 1.25,NO CUBIERTO,0 → 1.25,1.0
2722923,Coquimbo Unido,Union Espanola,1.0,2.5,COVER,4,2,1,46,0,-17,NO CUBIERTO,0.25 → 1,CUBIERTO,-0.25 → 1,0.0
2893706,Oriente Petrolero,San Jose de Oruro,1.0,3.25,NO_COVER,0,2,0.25,13,1,-18,CUBIERTO,1 → 1,NO CUBIERTO,0.75 → 1,0.75
2830272,Excelsior Virton,Standard Liege II,1.25,3,COVER,5,1,0.75,7,0.25,16,CUBIERTO,1.25 → 1.25,NO CUBIERTO,-0.25 → 1.25,0.5
2814341,Red Star Waasland,Francs Borains,1.25,2.75,COVER,1,0,1,92,0.5,12,CUBIERTO,0.75 → 1.25,NO CUBIERTO,0 → 1.25,0.25
2856411,Hapoel Holon Yaniv,Ironi Nir Ramat HaSharon,1.5,3,COVER,1,0,0,15,1.25,19,N/A,N/A,NO CUBIERTO,1 → 1.5,1.5
2906385,UE Cornella (W),Igualada (W),1.25,3.5,COVER,1,1,0,-19,-0.25,3,N/A,N/A,N/A,N/A,1.25
2906767,Sao Paulo U20 (W),America MG U20 (W),1.75,3.25,COVER,3,2,4.5,90,0.25,60,NO CUBIERTO,2.25 → 1.75,NO CUBIERTO,2.25 → 1.75,-2.75
2906315,Elche U19,CF Talavera U19,1.25,3.25,COVER,2,2,-0.25,34,0.5,69,N/A,N/A,N/A,N/A,1.5
2809748,Real Madrid (W),Real Sociedad (W),1.25,3.25,COVER,1,0,2.5,18,-1.25,-27,CUBIERTO,2 → 1.25,CUBIERTO,2 → 1.25,-1.25
2879263,L Entregu CF,Aviles Stadium CF,1.0,2.5,COVER,1,0,1,21,1.25,0,NO CUBIERTO,0.5 → 1,NO CUBIERTO,0 → 1,0.0
2791846,Saint Gilloise,KAA Gent,1.25,3,COVER,1,1,1.25,-6,0.25,39,CUBIERTO,1.75 → 1.25,NO CUBIERTO,-0.75 → 1.25,0.0
2906547,Cimarrones de Sonora FC II,Cachanillas FC,1.25,3.25,COVER,2,2,0.5,15,1,2,N/A,N/A,N/A,N/A,0.75
2854872,Quevilly US U19,Creil U19,1.25,3,COVER,3,1,0.25,8,0.25,58,N/A,N/A,NO CUBIERTO,-0.25 → 1.25,1.0
2831219,Bordeaux,Dinan Lehon FC,1.5,2.75,COVER,2,0,1.25,56,1.25,21,CUBIERTO,1 → 1.5,CUBIERTO,1 → 1.5,0.25
2827137,AEK Larnaca,Ethnikos Achnas FC,1.5,3,COVER,2,1,1.25,30,0,9,NO CUBIERTO,1.25 → 1.5,NO CUBIERTO,-1.25 → 1.5,0.25
2795189,Rijeka,HNK Vukovar 91,1.25,2.75,COVER,3,1,0,1,0.75,-2,CUBIERTO,1.75 → 1.25,NO CUBIERTO,-0.75 → 1.25,1.25
2793145,Stade Ouchy,FC Rapperswil-Jona,1.25,3,NO_COVER,0,2,1.5,34,0.25,6,N/A,N/A,NO CUBIERTO,-0.25 → 1.25,-0.25
2784614,Inter Milan,Como,1.0,2.75,COVER,4,0,0.5,43,-0.25,-19,CUBIERTO,1.75 → 1,CUBIERTO,-1 → 1,0.5
2907149,Girona U19,UD Cornella U19,1.5,3,COVER,0,0,0.5,30,0.5,3,CUBIERTO,0.5 → 1.5,NO CUBIERTO,0.25 → 1.5,1.0
2855232,Rennes U19,Avranches U19,1.25,3,COVER,5,0,1.25,-24,-0.25,35,CUBIERTO,0.5 → 1.25,NO CUBIERTO,-0.25 → 1.25,0.0
2790830,AZ Alkmaar,Go Ahead Eagles,1.25,3.25,COVER,2,2,-0.25,-20,0,7,NO CUBIERTO,0.5 → 1.25,CUBIERTO,0 → 1.25,1.5
2809742,Athletic Club Bibao (W),Levante UD (W),1.5,2.5,COVER,1,0,1,1,0.25,29,NO CUBIERTO,0.75 → 1.5,NO CUBIERTO,0.75 → 1.5,0.5
2813308,Carl Zeiss Jena,SV Babelsberg 03,1.25,3,COVER,1,1,0.5,0,0.25,0,NO CUBIERTO,0.75 → 1.25,CUBIERTO,-0.75 → 1.25,0.75
2819245,Aliaga FUTBOL AS,Kirklarelispor,1.75,2.75,COVER,3,0,-,48,0.75,-21,N/A,N/A,N/A,N/A,0
2828710,Bremer SV,Altona 93,1.5,3.25,COVER,1,0,0.75,0,2.25,0,N/A,N/A,NO CUBIERTO,0.25 → 1.5,0.75
2835043,SP Domagnano,Faetano,1.25,2.75,COVER,4,1,-1,-8,0.75,22,N/A,N/A,N/A,N/A,2.25
2835044,Fiorentino,San Marino Academy U22,1.25,2.75,COVER,1,0,0.75,26,1.75,21,NO CUBIERTO,1.5 → 1.25,NO CUBIERTO,1.5 → 1.25,0.5
2835435,Fiorentina (W),Ternana W,1.5,3,COVER,1,0,-0.75,15,1.5,21,N/A,N/A,NO CUBIERTO,-2.5 → 1.5,2.25
2840463,Brescia,Lumezzane,1.25,2.25,COVER,0,1,0.25,13,0.25,-10,N/A,N/A,NO CUBIERTO,-1.75 → 1.25,1.0
2855050,Lyon U19,SochauxU19,1.25,3.25,NO_COVER,0,2,0.75,-5,-0.75,8,NO CUBIERTO,-0.75 → 1.25,N/A,N/A,0.5
2855053,StrasbourgU19,SC Schiltigheim U19,1.5,3.5,NO_COVER,0,4,1,-27,1.25,16,N/A,N/A,NO CUBIERTO,-1 → 1.5,0.5
2858957,Bangkok United FC,Chiangrai United,1.25,2.75,COVER,1,1,0.75,-8,1.25,25,NO CUBIERTO,1.75 → 1.25,NO CUBIERTO,1.75 → 1.25,0.5
2858959,Port FC,Uthai Thani FC,1.25,3,COVER,3,1,1.25,25,0.5,38,NO CUBIERTO,1.25 → 1.25,NO CUBIERTO,1.25 → 1.25,0.0
2865188,Baleares,Porreres,1.25,2.5,COVER,1,0,0.5,0,0.75,16,N/A,N/A,N/A,N/A,0.75
2874113,Karmiotissa Polemidion,Ethnikos Latsion,1.75,3,COVER,3,2,0.75,-2,1.25,37,N/A,N/A,N/A,N/A,1.0
2875808,Al-Safa,Al Abbasieh FC,1.25,2.5,COVER,2,1,1.25,-23,0.75,-10,NO CUBIERTO,2.25 → 1.25,NO CUBIERTO,2.25 → 1.25,0.0
2889211,Kallithea,Chania Kissamikos,1.5,2.25,COVER,2,0,0,15,2.25,28,NO CUBIERTO,0.75 → 1.5,CUBIERTO,-0.5 → 1.5,1.5
2904030,IGA Kunoichi (W),Nittaidai University (W),1.25,3,COVER,1,0,-,0,0.75,25,N/A,N/A,CUBIERTO,-0.5 → 1.25,0
2905290,AEK Athens U19,Atromitos U19,1.25,2.75,COVER,0,1,0.75,25,-,0,NO CUBIERTO,1 → 1.25,NO CUBIERTO,1 → 1.25,0.5
2905597,Tau calcio,Poggibonsi,1.5,2.75,COVER,2,1,1,20,-,0,NO CUBIERTO,0.25 → 1.5,CUBIERTO,0 → 1.5,0.5
2905605,Pompei,Real Acerrana,1.0,2.5,COVER,1,1,-,0,1,70,N/A,N/A,N/A,N/A,0
2905609,ASU Politehnica Timisoara (W),Gloria 2018 Bistrita Nasaud (W),1.5,3.25,COVER,4,2,1.5,8,2,81,CUBIERTO,1 → 1.5,N/A,N/A,0.0
2905625,Scafatese,ASD Anziolavinio,1.5,2.75,COVER,3,2,0.75,32,0.5,10,N/A,N/A,N/A,N/A,0.75
2906979,Bologna W,AGSM Verona (W),1.0,3.25,COVER,3,2,2.25,44,-0.25,-13,NO CUBIERTO,-0.25 → 1,CUBIERTO,-0.75 → 1,-1.25
2907129,Espanyol U19,Gimnastic Tarragona U19,1.5,3,COVER,2,1,1.5,68,-0.25,-4,NO CUBIERTO,1 → 1.5,NO CUBIERTO,1 → 1.5,0.0
2907134,Malaga U19,UD Maracena U19,1.5,3.25,COVER,4,2,1,49,1,19,CUBIERTO,0.75 → 1.5,NO CUBIERTO,0 → 1.5,0.5
2907141,Sport Extremadura (W),CD Guiniguada Apolinario (W),1.25,3,COVER,3,0,0.5,17,-0.25,17,N/A,N/A,N/A,N/A,0.75
2907172,Doxa Dramas,PAOK Kristonis FC,1.5,2.5,COVER,4,1,0.25,6,0.75,-1,N/A,N/A,N/A,N/A,1.25
2907174,Aris Petroupolis,Doxa Vyrona,1.75,2.5,COVER,2,1,2.25,55,0.5,24,N/A,N/A,NO CUBIERTO,-1.25 → 1.75,-0.5
2907175,Iraklis Thermaikou,PAOK Dytikou,1.75,2.5,COVER,1,1,0,3,2,70,CUBIERTO,1.25 → 1.75,CUBIERTO,1.25 → 1.75,1.75
2907178,Asteras Stavros,Anagennisi Schimatariou,1.25,2.75,COVER,2,1,0,-15,1.75,73,N/A,N/A,N/A,N/A,1.25
2907181,Pierikos,Akrites Sykeon,1.5,2.5,COVER,1,0,1.75,10,0.5,-11,N/A,N/A,NO CUBIERTO,-0.75 → 1.5,-0.25
2907185,Trikala,AE Neas Seleukeias,1.5,2.25,COVER,0,0,0.5,57,0.5,0,N/A,N/A,N/A,N/A,1.0
2907186,Panthrakikos,Aetos Orfanou,1.25,2.75,COVER,5,2,2,70,0,9,N/A,N/A,NO CUBIERTO,-1.25 → 1.25,-0.75
2907188,AO Chaidari FC,Granitis,1.25,2.5,COVER,2,1,0,-6,2,36,N/A,N/A,N/A,N/A,1.25
2907191,Ilisiakos FC,Aias Salaminas,1.0,2.25,COVER,2,2,0.25,4,1.25,28,N/A,N/A,NO CUBIERTO,0 → 1,0.75
2907204,NK Aluminij U19,FC Koper U19,1.0,3.5,COVER,4,2,0.5,-11,0.25,27,CUBIERTO,0.25 → 1,CUBIERTO,0 → 1,0.5
2907223,Mamelodi Sundowns (W),TS Galaxy (W),1.0,3,COVER,4,0,3,114,-,0,PUSH,2 → 1,PUSH,2 → 1,-2.0
2907262,Kiyinda Boys,Mbale Heroes,1.5,2.75,COVER,0,0,0.25,0,0.5,27,N/A,N/A,NO CUBIERTO,0.5 → 1.5,1.25
2907264,Power Dynamos,Konkola Blades,1.0,2,COVER,2,1,1,16,0.25,12,NO CUBIERTO,1 → 1,NO CUBIERTO,1 → 1,0.0
2907265,Red Arrows,Mutondo Stars,1.5,2.25,COVER,2,0,0.5,0,0.5,25,NO CUBIERTO,0.75 → 1.5,NO CUBIERTO,0.75 → 1.5,1.0
2907276,Senior Female Pro (W),Tap Tap FC (W),1.25,3.25,COVER,1,1,2.25,-2,1.25,54,N/A,N/A,N/A,N/A,-1.0
2789012,Gyori ETO,Kazincbarcika,1.75,3,COVER,3,1,-0.5,54,1,46,CUBIERTO,1.25 → 1.75,CUBIERTO,-1 → 1.75,2.25
2809460,Getafe B,Elche CF Ilicitano,1.0,2.25,COVER,2,2,1,22,0.25,37,N/A,N/A,N/A,N/A,0.0
2813566,GD Chaves,Pacos de Ferreira,1.0,2.25,COVER,2,0,0.25,8,0.75,30,PUSH,0.5 → 1,NO CUBIERTO,-0.25 → 1,0.75
2834877,Manchester United (W),West Ham United (W),1.75,3.25,COVER,2,1,1.5,18,2.25,39,CUBIERTO,1.5 → 1.75,NO CUBIERTO,-1.25 → 1.75,0.25
2835579,Bristol Academy (W),Sheffield United   (W),1.0,3,COVER,4,0,1.5,4,1.25,12,CUBIERTO,1.5 → 1,CUBIERTO,1.5 → 1,-0.5
2835933,AFC Metalul Buzau,Ceahlaul Piatra Neamt,1.25,2.75,COVER,2,1,0,11,1.25,11,CUBIERTO,0.25 → 1.25,CUBIERTO,0.25 → 1.25,1.25
2845491,Taiwan Power Company,Taichung Rock FC,1.0,2.75,PUSH,1,2,0.75,-13,1,36,NO CUBIERTO,0.75 → 1,CUBIERTO,-0.25 → 1,0.25
2868391,CSKA Sofia B,Ludogorets Razgrad II,1.0,2.75,COVER,0,0,1.75,51,-0.25,-9,NO CUBIERTO,0 → 1,NO CUBIERTO,0.25 → 1,-0.75
2877850,Chiclana,Coria CF,1.0,2.5,COVER,2,1,0.25,39,-,0,N/A,N/A,N/A,N/A,0.75
2878982,Las Rozas,Siello,1.0,2.75,COVER,1,0,0,-8,1.25,19,N/A,N/A,N/A,N/A,1.0
2879258,CD Llanes,Real Titanico Laviana,1.0,2.75,COVER,1,0,-,0,1,21,PUSH,0.5 → 1,PUSH,0.5 → 1,0
2884072,Rahimo FC,Etoile Filante de Ouagadougou,1.0,2,COVER,2,1,0.75,0,0,-28,PUSH,0.25 → 1,PUSH,0 → 1,0.25
2889215,Panionios,Marko,1.0,2.25,COVER,1,0,1.75,0,-0.25,-17,N/A,N/A,NO CUBIERTO,-0.5 → 1,-0.75
2905527,Rebordosa,Vila Real,1.0,2.25,COVER,1,0,1,-3,0.25,44,CUBIERTO,0.25 → 1,CUBIERTO,0.25 → 1,0.0
2905538,GD Vitoria Sernache,Fatima,1.0,2.25,COVER,0,0,1,1,0.25,9,N/A,N/A,N/A,N/A,0.0
2905960,Prishtina,KF Ferizaj,1.0,2.75,COVER,1,1,-0.75,0,0.25,-17,NO CUBIERTO,0.75 → 1,N/A,N/A,1.75
2906886,Kenya Police Bullets (W),Ulinzi Starlets (W),1.0,3,PUSH,0,1,1,20,0.25,0,NO CUBIERTO,0.75 → 1,NO CUBIERTO,0.75 → 1,0.0
2906940,Al-Hudod,AL Jaish (Irq),1.0,2.25,COVER,2,2,0.75,-25,0.5,5,N/A,N/A,N/A,N/A,0.25
2907251,Kibera Black Stars,Mwatate United,1.0,2.25,COVER,2,1,0.25,13,0.75,-10,NO CUBIERTO,0.75 → 1,NO CUBIERTO,0.75 → 1,0.75
2785241,FC Copenhagen,Sonderjyske,1.0,2.75,NO_COVER,0,2,0.5,-4,1,21,NO CUBIERTO,1.5 → 1,PUSH,-1 → 1,0.5
2840845,Cosenza Calcio 1914,AZ Picerno ASD,1.25,2.75,COVER,1,0,0,-20,0.5,30,N/A,N/A,N/A,N/A,1.25
2837545,Ravenna,Pontedera,1.0,2.25,COVER,2,1,0.5,44,0,-16,N/A,N/A,N/A,N/A,0.5
2800847,Borac Banja Luka,Posusje,1.75,2.75,COVER,3,1,1.25,48,1.5,60,NO CUBIERTO,1.75 → 1.75,CUBIERTO,-0.75 → 1.75,0.5
2799516,Borussia Dortmund,TSG Hoffenheim,1.0,3.25,COVER,2,0,0.75,-3,0.25,-9,NO CUBIERTO,1.25 → 1,PUSH,-0.5 → 1,0.25
2796582,NK Publikum Celje,NK Primorje,1.75,3.25,COVER,4,1,1,27,0,-5,NO CUBIERTO,1.25 → 1.75,NO CUBIERTO,-1.5 → 1.75,0.75
2906844,Bo Rangers,Freetown City,1.5,2.25,COVER,1,0,0,0,0.75,0,NO CUBIERTO,1.25 → 1.5,NO CUBIERTO,1.25 → 1.5,1.5
2907225,Barcelona C (W),Sant Cugat FC (W),1.5,3.25,COVER,2,1,3,36,0.5,2,N/A,N/A,N/A,N/A,-1.5
2907410,Alajuelense U21,AD San Carlos U21,1.25,3.25,COVER,1,1,1,40,0.5,-22,NO CUBIERTO,1 → 1.25,CUBIERTO,-0.75 → 1.25,0.25
2907095,F.C. Nouadhibou,NZidane,1.25,2.25,COVER,2,1,1,15,0,-3,CUBIERTO,1 → 1.25,CUBIERTO,1 → 1.25,0.25
2906680,Djoliba,US Bourgouni,1.0,2.25,PUSH,0,1,0,0,0,21,CUBIERTO,0.5 → 1,CUBIERTO,-0.5 → 1,1.0
2878426,Haro Deportivo,Pena Balsamaiso CF,1.5,3,COVER,3,0,1,4,-,0,NO CUBIERTO,0 → 1.5,NO CUBIERTO,0 → 1.5,0.5
2840110,CS Puertollano,Huracan de Balazote,1.0,2.25,COVER,2,0,1,-17,0.5,17,NO CUBIERTO,1.75 → 1,N/A,N/A,0.0
2800426,Sturm Graz,Grazer AK,1.0,2.75,COVER,2,1,0.75,-7,1.25,10,CUBIERTO,1.25 → 1,CUBIERTO,-0.75 → 1,0.25
2789011,Ferencvarosi TC,Kisvarda FC,1.5,3,COVER,3,0,1.5,52,0.5,52,NO CUBIERTO,2 → 1.5,NO CUBIERTO,-1 → 1.5,0.0
2849939,Ajax (W),FC Utrecht (W),1.25,3,COVER,8,0,0,11,-1.5,-8,NO CUBIERTO,1.25 → 1.25,NO CUBIERTO,-1.25 → 1.25,1.25
2905807,ASEC Mimosas,Zoman FC,1.25,2.5,COVER,1,1,0.5,-18,0.25,24,CUBIERTO,0.25 → 1.25,CUBIERTO,0.25 → 1.25,0.75
2880097,CF Jaraiz,Atletico Pueblonuevo,1.5,3,COVER,2,1,0.75,-8,1.75,15,N/A,N/A,N/A,N/A,0.75
2907171,Levante B (W),CD Samper (W),1.0,3,COVER,0,0,0.75,0,1,0,N/A,N/A,N/A,N/A,0.25
2870260,Medeama SC,Berekum Chelsea,1.0,2,COVER,2,1,1,20,-,0,NO CUBIERTO,1.75 → 1,NO CUBIERTO,1.75 → 1,0.0
2870255,Aduana Stars,Basake Holy Stars FC,1.0,2,COVER,0,0,-,0,1,31,NO CUBIERTO,0.25 → 1,NO CUBIERTO,0.25 → 1,0
2825243,Benfica U19,Uniao Leiria U19,1.0,3,COVER,1,1,1.5,15,0.5,24,CUBIERTO,3 → 1,CUBIERTO,-1 → 1,-0.5
2814067,Racing Union Luxemburg,Hostert,1.0,3,COVER,0,0,1.25,19,-,0,CUBIERTO,0.75 → 1,N/A,N/A,-0.25
2814063,Atert Bissen,Jeunesse Canach,1.5,3.25,COVER,2,1,0.25,-15,1,36,N/A,N/A,N/A,N/A,1.25
2791587,Celtic FC,Heart of Midlothian,1.0,2.75,PUSH,1,2,2.75,64,-0.5,-13,CUBIERTO,2 → 1,NO CUBIERTO,-0.75 → 1,-1.75
2876215,Primeiro de Agosto,CD Sao Salvador,1.0,2,COVER,2,0,0.25,22,-,0,PUSH,0.75 → 1,N/A,N/A,0.75
2800851,HSK Zrinjski Mostar,FK Velez Mostar,1.0,2,COVER,1,1,1.5,60,-0.25,-3,PUSH,2 → 1,CUBIERTO,-0.5 → 1,-0.5
2907443,Oriente Petrolero U19,Real Tomayapo U19,1.75,4,COVER,2,2,0.25,0,1.5,67,NO CUBIERTO,1 → 1.75,NO CUBIERTO,0 → 1.75,1.5
2829405,Exeter City (W),Cheltenham Town (W),1.0,3.5,NO_COVER,0,4,-,0,-,0,PUSH,1.5 → 1,N/A,N/A,0
2789271,Brighton Hove Albion,West Ham United,1.0,3,COVER,1,1,0.25,26,1.25,19,PUSH,0.75 → 1,PUSH,0.75 → 1,0.75
2854873,Caen U19,FC Chartres U19,1.0,3.25,COVER,0,0,0,16,1.25,30,N/A,N/A,NO CUBIERTO,-0.75 → 1,1.0
2907456,Miami United,Plantation FC,1.0,3.25,COVER,1,0,1.5,10,0.75,-12,N/A,N/A,CUBIERTO,-1 → 1,-0.5
2907371,Universitario de Cordoba,Belgrano Berrotaran,1.25,2.75,COVER,2,0,0.5,51,0,0,N/A,N/A,N/A,N/A,0.75
2907263,Cibao FC,Delfines Del Este,1.75,2.75,COVER,0,0,1,15,0.25,11,NO CUBIERTO,0.5 → 1.75,NO CUBIERTO,-0.25 → 1.75,0.75
2907245,CEFOR Chiapas,Antequera FC,1.75,3,COVER,4,2,0.75,15,1,17,CUBIERTO,0.5 → 1.75,CUBIERTO,0.5 → 1.75,1.0
2907441,Atletico Rio Abajo,Deportivo Union Aguadulce,1.25,3.25,COVER,2,0,1.5,3,-0.25,33,N/A,N/A,N/A,N/A,-0.25
2907244,Tlapa Mazatecochco,CS Atletico Tulancingo,1.0,3.25,NO_COVER,1,3,0,26,0.75,3,N/A,N/A,N/A,N/A,1.0
2907253,CSD Municipal Reserves,Malacateco Reserves,1.25,2.75,COVER,4,1,2.25,35,1.5,0,N/A,N/A,NO CUBIERTO,-0.5 → 1.25,-1.0
2907243,Talleres de Perico,Monterrico San Vicente,1.25,2.75,COVER,3,0,0.75,0,0.75,17,NO CUBIERTO,0.75 → 1.25,NO CUBIERTO,0.5 → 1.25,0.5
2722922,Colo Colo,Audax Italiano,1.0,2.75,PUSH,1,2,1.25,19,0,-27,PUSH,1.5 → 1,NO CUBIERTO,-0.25 → 1,-0.25
2906192,Panama U19,Nicaragua U19,1.0,2.5,COVER,1,0,1.25,10,1.25,21,N/A,N/A,N/A,N/A,-0.25
2856861,Racing United,Molynes United,1.0,2.5,COVER,3,2,1.25,0,-0.25,-19,PUSH,0.25 → 1,NO CUBIERTO,-0.5 → 1,-0.25
2804440,Real Madrid,Celta Vigo,1.75,3.25,NO_COVER,0,2,1.75,60,0,17,NO CUBIERTO,1.5 → 1.75,NO CUBIERTO,1.5 → 1.75,0.0
2907269,International San Carlos,Quepos Cambute FC,1.25,2.75,COVER,3,0,1,-3,0.5,6,NO CUBIERTO,0.5 → 1.25,CUBIERTO,-0.5 → 1.25,0.25
2822191,AEK Athens,Atromitos Athens,1.5,2.25,COVER,4,1,1,49,2,48,NO CUBIERTO,1.5 → 1.5,NO CUBIERTO,1.5 → 1.5,0.5
2735082,Santos,Cruzeiro,1.0,2.5,COVER,3,0,1.25,22,-0.25,-40,NO CUBIERTO,0 → 1,PUSH,1 → 1,-0.25
2735078,Corinthians Paulista (SP),Juventude,1.0,2.5,COVER,1,1,0.25,8,1,-29,CUBIERTO,0.75 → 1,NO CUBIERTO,0 → 1,0.75
2907451,Guarani RS,APAFUT,1.25,2.75,COVER,3,1,1.25,-2,1.25,-2,CUBIERTO,1.25 → 1.25,NO CUBIERTO,-1 → 1.25,0.0
2822196,PAOK Saloniki,Aris Thessaloniki,1.0,2.25,COVER,3,1,1.5,38,1,49,NO CUBIERTO,1.25 → 1,NO CUBIERTO,-0.5 → 1,-0.5
2907248,CSD Amatitlan,CSD Sayaxche,1.25,2.75,COVER,2,1,1,40,0.75,-8,N/A,N/A,N/A,N/A,0.25
2907249,Xelaju Reserves,Antigua GFC Reserves,1.25,3.25,COVER,0,1,0.5,35,-0.75,-6,NO CUBIERTO,1 → 1.25,NO CUBIERTO,-0.75 → 1.25,0.75
2905291,Asteras Tripolis U19,Levadiakos U19,1.25,2.75,COVER,1,0,0.75,0,0.5,-34,CUBIERTO,1.5 → 1.25,NO CUBIERTO,-1.25 → 1.25,0.5
2907425,Sheger Ketema (w),Arba Minch (W),1.25,2.25,COVER,3,0,-0.25,-5,2.25,65,N/A,N/A,N/A,N/A,1.5
2904029,INAC (W),Albirex Niigata (W),1.0,2.75,COVER,2,0,2,11,0,12,PUSH,0.5 → 1,CUBIERTO,-0.75 → 1,-1.0
2872054,Melbourne City (W),Wellington Phoenix (W),1.5,3,COVER,1,0,1.25,17,-0.25,-46,NO CUBIERTO,1.25 → 1.5,NO CUBIERTO,-0.75 → 1.5,0.25
2838797,Egnatia,FK Vora,1.0,2.25,COVER,2,0,0.75,43,0.5,41,N/A,N/A,PUSH,-0.5 → 1,0.25
2839547,Monza,SudTirol,1.0,2.25,COVER,1,1,0.5,7,0.75,21,NO CUBIERTO,1 → 1,NO CUBIERTO,1 → 1,0.5
2865767,CSKA 1948 Sofia,FC Dobrudzha,1.5,2.75,COVER,0,0,1.5,46,0.75,-40,NO CUBIERTO,0.5 → 1.5,NO CUBIERTO,-0.5 → 1.5,0.0
2865770,Ludogorets Razgrad,Slavia Sofia,1.5,2.75,COVER,1,1,1.75,64,0.25,37,CUBIERTO,1.75 → 1.5,CUBIERTO,-1 → 1.5,-0.25
2907455,Adama Ketema (W),Addis Ababa Ketema (W),1.0,2.25,COVER,0,0,-1.25,-60,1,15,NO CUBIERTO,-0.5 → 1,NO CUBIERTO,-0.5 → 1,2.25
2907496,Mechal FC (W),Bahir Dar Kenema FC (W),1.25,2.25,COVER,1,0,1.25,30,-0.25,-30,N/A,N/A,CUBIERTO,-0.25 → 1.25,0.0
2906751,CD Platense Reserves,Genesis de Comayagua Reserves,1.25,3,COVER,2,0,0,9,1.25,0,NO CUBIERTO,1.25 → 1.25,NO CUBIERTO,1.25 → 1.25,1.25
2906753,CD Olimpia Reservas,CD Victoria La Ceiba Reserves,1.0,2.75,COVER,2,1,1.75,0,-0.5,13,N/A,N/A,CUBIERTO,-1 → 1,-0.75
2907438,Portadown Reserves,Glenavon Reserves,1.25,4,COVER,4,2,1.75,57,0.75,10,N/A,N/A,N/A,N/A,-0.5
2907677,Ringmahon Rangers,University College Cork,1.25,2.75,COVER,4,0,1,1,0.25,0,NO CUBIERTO,1.25 → 1.25,NO CUBIERTO,1.25 → 1.25,0.25
2847399,Reims,Stade Lavallois MFC,1.0,2.5,COVER,4,0,0.5,-9,0.25,-4,NO CUBIERTO,0.75 → 1,NO CUBIERTO,-0.25 → 1,0.5
2857390,Wolverhampton U21,Millwall U21,1.0,3,COVER,3,2,0.75,27,0.75,15,N/A,N/A,NO CUBIERTO,-0.5 → 1,0.25
2893712,San Antonio Bulo Bulo,Real Tomayapo,1.5,3.5,COVER,5,4,1,-40,0.75,25,NO CUBIERTO,0.75 → 1.5,NO CUBIERTO,0.75 → 1.5,0.5
2801029,Beitar Jerusalem,Hapoel Jerusalem,1.0,3,COVER,1,1,1,24,0.5,36,NO CUBIERTO,0.75 → 1,NO CUBIERTO,0.75 → 1,0.0
2807804,Las Palmas,Mirandes,1.25,2.25,COVER,0,0,0.75,-3,0.5,2,NO CUBIERTO,0.75 → 1.25,NO CUBIERTO,0.75 → 1.25,0.5
2812972,Besiktas JK,Gazisehir Gaziantep,1.25,3.25,COVER,2,2,0.75,0,0,34,NO CUBIERTO,1.25 → 1.25,NO CUBIERTO,1.25 → 1.25,0.5
2907670,Watanga FC,Blackman Warriors,1.25,3,COVER,0,0,1.25,12,0,0,N/A,N/A,N/A,N/A,0.0
2907653,HK Rangers FC U22,Southern District U22,1.0,3.25,COVER,3,1,1.25,-25,-0.75,2,N/A,N/A,CUBIERTO,0 → 1,-0.25
2907650,Sila SC,MS Tamea,1.25,2.25,COVER,2,1,-0.25,17,0.25,30,N/A,N/A,N/A,N/A,1.5
2907654,NK Maribor U19,NK Radomlje U19,1.25,3.5,COVER,2,0,2.5,49,-0.5,7,NO CUBIERTO,1.25 → 1.25,NO CUBIERTO,-0.25 → 1.25,-1.25
2798241,Watford,Sheffield Wednesday,1.0,2.75,COVER,1,1,0.5,5,1,39,NO CUBIERTO,0 → 1,NO CUBIERTO,0 → 1,0.5
2798775,Barnet,Bristol Rovers,1.0,2.5,COVER,4,0,1.5,40,-0.25,-28,NO CUBIERTO,-0.5 → 1,PUSH,1.25 → 1,-0.5
2798785,Swindon Town,Cheltenham Town,1.25,3,COVER,0,1,0.25,-7,1,14,NO CUBIERTO,0.5 → 1.25,NO CUBIERTO,0.5 → 1.25,1.0
2839037,Santa Clara U23,Estrela FC U23,1.0,2.5,COVER,2,1,0.25,30,0.25,9,NO CUBIERTO,0.25 → 1,PUSH,-0.25 → 1,0.75
2860625,Machida Zelvia,Ulsan HD FC,1.0,2.75,COVER,3,1,1,34,1.5,58,N/A,N/A,N/A,N/A,0.0
2860626,Vissel Kobe,Chengdu Rongcheng FC,1.25,2.75,COVER,2,2,1.5,58,0.75,19,N/A,N/A,N/A,N/A,-0.25
2860628,Johor Darul Takzim,Shanghai Port,1.25,3.25,COVER,0,0,0.75,37,1,-11,N/A,N/A,NO CUBIERTO,1.25 → 1.25,0.5
2861096,Bayern Munchen,Sporting CP,1.75,3.5,COVER,3,1,1.75,52,0.5,44,CUBIERTO,1 → 1.75,CUBIERTO,1 → 1.75,0.0
2861177,Tottenham Hotspur,Slavia Praha,1.25,2.75,COVER,3,0,1.25,16,1.25,-4,NO CUBIERTO,1.5 → 1.25,NO CUBIERTO,1.5 → 1.25,0.0
2868744,Araz Nakhchivan,FK Kapaz Ganca,1.0,2.5,COVER,2,0,0,-34,-0.25,-2,NO CUBIERTO,1.5 → 1,NO CUBIERTO,1.5 → 1,1.0
2884798,Paris Saint Germain (W),Oud-Heverlee Leuven (W),1.75,3.75,COVER,0,0,-0.75,10,4.75,130,N/A,N/A,N/A,N/A,2.5
2904065,East Kilbride,Stranraer,1.5,3,NO_COVER,1,4,0.5,19,0.75,-14,CUBIERTO,1.25 → 1.5,CUBIERTO,-0.75 → 1.5,1.0
2904261,United Arab Emirates,Kuwait,1.25,2.5,COVER,3,1,-0.25,-2,1.25,89,NO CUBIERTO,0.75 → 1.25,NO CUBIERTO,-0.5 → 1.25,1.5
2904308,Colchester United,West Ham U21,1.0,3.25,PUSH,0,1,0.75,67,0,50,NO CUBIERTO,0.25 → 1,NO CUBIERTO,0.25 → 1,0.25
2905993,Stenhousemuir,Annan Athletic,1.25,3,COVER,2,0,1.5,38,0.75,-53,NO CUBIERTO,0.75 → 1.25,CUBIERTO,-0.5 → 1.25,-0.25
2907688,Al Ittihad U21,Al Hazm U21,1.0,2.5,COVER,4,1,1.5,6,-0.5,-39,N/A,N/A,N/A,N/A,-0.5
2907694,El Obour SC,Arish,1.25,2.25,COVER,3,2,1,45,0,-22,N/A,N/A,N/A,N/A,0.25
2907704,Ethio Electric FC (W),Bole Sub City (W),1.5,2.75,COVER,1,2,2.25,65,0,-18,N/A,N/A,NO CUBIERTO,-0.5 → 1.5,-0.75
2907708,Sao Paulo U20 (W),Bragantino U20 (W),1.25,2.75,COVER,1,0,1.75,58,-2.25,9,NO CUBIERTO,0.75 → 1.25,NO CUBIERTO,0.75 → 1.25,-0.5
2907978,Hitchin Town,Enfield 1893,1.75,3.25,COVER,6,0,0.5,17,0.5,-7,N/A,N/A,N/A,N/A,1.25
2860629,Hiroshima Sanfrecce,Shanghai Shenhua,1.5,3.25,COVER,1,0,1,-9,0.75,37,N/A,N/A,N/A,N/A,0.5
2871975,Club Brugge U19,Arsenal U19,1.5,3.75,COVER,2,1,0,-40,0.25,25,N/A,N/A,N/A,N/A,1.5
2871981,Villarreal U19,FC Kobenhavn U19,1.0,3,COVER,2,0,-1,-58,1,13,N/A,N/A,N/A,N/A,2.0
2874264,Pieta Hotspurs,St. Andrews,1.0,2.75,NO_COVER,1,3,1,0,-0.25,5,NO CUBIERTO,1.75 → 1,CUBIERTO,-0.75 → 1,0.0
2901773,KRC Genk U19,HJK Helsinki U19,1.25,2.75,COVER,2,2,-,109,1.25,13,N/A,N/A,NO CUBIERTO,-0.75 → 1.25,0
2904050,Ravenna,Renate AC,1.0,2.25,COVER,1,1,1.25,18,0.5,4,PUSH,0.5 → 1,PUSH,0 → 1,-0.25
2906216,FK MOIK Baku,Simal FK,1.75,3.25,COVER,2,0,-0.25,-2,1,20,CUBIERTO,0.75 → 1.75,NO CUBIERTO,-0.25 → 1.75,2.0
2907701,Sparta Praha B,Aritma Praha,1.0,3.5,COVER,0,0,0.25,11,-,-5,N/A,N/A,N/A,N/A,0.75
2907869,Bursaspor U19,Yael U19,1.25,3,COVER,2,1,3,62,0.75,10,CUBIERTO,3.25 → 1.25,CUBIERTO,3.25 → 1.25,-1.75
2908002,FC Metalist 1925 (W),Kolos Kovalivka (W),1.5,3,COVER,5,0,-,0,-,0,N/A,N/A,N/A,N/A,0
2907493,Sporting Cristal,Cusco FC,1.0,2.75,COVER,1,0,0.25,11,0.25,43,PUSH,1.5 → 1,NO CUBIERTO,0.25 → 1,0.75
2901678,Vietnam (W),Myanmar (W),1.0,2.75,COVER,2,0,4.25,112,-4,-56,CUBIERTO,1 → 1,CUBIERTO,1 → 1,-3.25
2860763,Gamba Osaka,Ratchaburi FC,1.0,3,COVER,2,0,1.75,52,-1,-10,N/A,N/A,CUBIERTO,-0.75 → 1,-0.75
2906437,FK Safa,Zaqatala FK,1.25,2.75,COVER,1,1,1.75,92,-1.25,-20,N/A,N/A,CUBIERTO,0.25 → 1.25,-0.5
2906433,Sabail,Difai Agsu FK,1.5,2.75,COVER,3,0,1.25,17,1.75,92,N/A,N/A,NO CUBIERTO,-0.75 → 1.5,0.25
2907759,JSM Bejaia,WA Boufarik,1.0,2.5,COVER,4,1,-,0,1.5,39,NO CUBIERTO,0.5 → 1,N/A,N/A,0
2907775,Morocco,Syria,1.0,2.5,COVER,1,0,0.5,-32,0.75,68,N/A,N/A,N/A,N/A,0.5
2908047,Al Hilal Omdurman,Bugesera,1.0,2,COVER,3,1,1.25,-30,0.25,11,N/A,N/A,N/A,N/A,-0.25
2905723,Deportivo Mixco,CD Achuapa,1.0,2.25,COVER,0,0,0.75,28,0.75,28,CUBIERTO,0.75 → 1,NO CUBIERTO,0 → 1,0.25
2856867,Mount Pleasant FA,Siti Worley Garden J,1.0,2.25,COVER,5,0,1.25,21,0.5,19,NO CUBIERTO,1.25 → 1,NO CUBIERTO,1.25 → 1,-0.25
2862081,Lyon,Go Ahead Eagles,1.75,3,COVER,2,1,1,14,0.5,6,N/A,N/A,N/A,N/A,0.75
2862052,SC Freiburg,Red Bull Salzburg,1.0,2.5,COVER,1,0,1,30,1.25,26,N/A,N/A,N/A,N/A,0.0
2862007,FC Porto,Malmo FF,1.75,2.75,COVER,2,1,1.25,-9,1.5,51,N/A,N/A,N/A,N/A,0.5
2856421,Shimshon Tel Aviv,Hapoel Marmorek lrony Rehovot,1.25,2.75,COVER,3,2,0,4,-,0,NO CUBIERTO,0.75 → 1.25,NO CUBIERTO,0.75 → 1.25,1.25
2862162,Fiorentina,Dynamo Kyiv,1.25,2.75,COVER,2,1,0.75,13,0,-15,CUBIERTO,0.5 → 1.25,CUBIERTO,0.5 → 1.25,0.5
2862102,VfB Stuttgart,Maccabi Tel Aviv,1.75,3.25,COVER,4,1,0.5,-3,1.75,16,N/A,N/A,N/A,N/A,1.25
2909366,North Village Rams,Paget Lions,1.5,2.75,COVER,2,2,0.75,0,0.5,0,NO CUBIERTO,1.25 → 1.5,NO CUBIERTO,1.25 → 1.5,0.75
2909213,Alianza FC San Salvador Reserves,AD Isidro Metapan Reserves,1.5,3.5,COVER,4,2,2,16,0.25,18,CUBIERTO,1.75 → 1.5,NO CUBIERTO,-0.75 → 1.5,-0.5
2909283,Inter Willemstad,SV SUBT,1.0,3,COVER,3,2,0.5,0,1,0,CUBIERTO,0.25 → 1,CUBIERTO,0.25 → 1,0.5
2793855,Coleraine,Bangor FC,1.75,3.25,COVER,2,0,1.5,30,-0.25,21,N/A,N/A,NO CUBIERTO,-1.25 → 1.75,0.25
2793148,Aarau,Etoile Carouge,1.0,2.75,COVER,2,1,1.5,22,1,8,NO CUBIERTO,0.75 → 1,CUBIERTO,-0.5 → 1,-0.5
2857394,Nottingham Forest U21,Millwall U21,1.25,3.5,COVER,2,1,0.5,26,1,-14,CUBIERTO,1.25 → 1.25,CUBIERTO,1.25 → 1.25,0.75
2847406,Pau FC,Amiens,1.0,2.75,PUSH,1,2,0,36,1,24,NO CUBIERTO,0.25 → 1,NO CUBIERTO,-0.25 → 1,1.0
2846269,RWD Molenbeek U21,Lierse U21,1.25,3.5,COVER,3,3,1.5,19,1.25,-1,NO CUBIERTO,0.5 → 1.25,CUBIERTO,0.25 → 1.25,-0.25
2814349,Red Star Waasland,Anderlecht II,1.75,3,COVER,2,1,1.25,37,0.25,-40,NO CUBIERTO,0.75 → 1.75,CUBIERTO,-0.5 → 1.75,0.5
2797224,CFR Cluj,FK Csikszereda Miercurea Ciuc,1.25,2.75,COVER,3,1,0.25,0,1.25,28,N/A,N/A,NO CUBIERTO,-1.25 → 1.25,1.0
2909200,USLPV,Balagne,1.0,2.25,COVER,1,0,-0.5,-3,0.75,0,N/A,N/A,N/A,N/A,1.5
2801267,AS Roma U20,Lazio U20,1.0,2.5,PUSH,1,2,-,0,-,0,PUSH,0.75 → 1,PUSH,0.75 → 1,0
2888150,Manama Club,Buri,1.25,2.5,COVER,5,2,1,1,0.75,4,CUBIERTO,1.5 → 1.25,CUBIERTO,1.5 → 1.25,0.25
2902443,Sanat-Naft,Navad Urmia,1.0,1.75,COVER,1,0,0.5,1,-,0,N/A,N/A,N/A,N/A,0.5
2819257,Bursaspor,Ankarademirspor,1.25,3,COVER,4,0,1.25,15,0.5,0,NO CUBIERTO,0 → 1.25,NO CUBIERTO,1.25 → 1.25,0.0
2908320,JKU FC,Junguni United FC,1.25,2.25,COVER,1,0,0,-4,0.5,29,NO CUBIERTO,1 → 1.25,NO CUBIERTO,-0.5 → 1.25,1.25
2855938,Maccabi Petah Tikva FC,Hapoel Rishon Lezion,1.25,2.75,COVER,2,1,0.5,44,0,-19,NO CUBIERTO,0.75 → 1.25,CUBIERTO,-0.25 → 1.25,0.75
2906668,Al-Jazira(UAE) U21,Emirates Club U21,1.0,3.5,COVER,1,0,2.75,45,-2.75,-39,PUSH,2.25 → 1,NO CUBIERTO,0 → 1,-1.75
2906666,Al-Sharjah U21,Gulf United FC U21,1.25,3.75,COVER,6,1,-2.75,-21,2.5,23,NO CUBIERTO,1 → 1.25,NO CUBIERTO,0.25 → 1.25,4.0
2906683,Al Bourj,Racing Beirut,1.0,2.5,COVER,2,1,0,-10,-,55,PUSH,0.75 → 1,PUSH,0.75 → 1,1.0
2908977,Ihud Bnei Avtin,Hapoel Bnei Biina,1.0,3,COVER,1,1,0.25,-27,1.5,0,N/A,N/A,N/A,N/A,0.75
2908397,Tzeirey Haifa,Hapoel Ramot Menashe,1.25,3.5,COVER,3,2,0.25,20,3.5,29,N/A,N/A,N/A,N/A,1.0
2909048,Ihud Bnei Jat,Hapoel Daliyat Al Karmel,1.75,3.75,NO_COVER,0,3,3.5,29,-1.25,0,N/A,N/A,N/A,N/A,-1.75
2818929,Adana 1954,Erbaaspor S,1.25,3,COVER,3,0,1.5,32,1,0,N/A,N/A,N/A,N/A,-0.25
2818933,Halide Edip Adivarspor,Bucaspor 1928,1.75,3,COVER,3,0,0.25,89,-,0,NO CUBIERTO,0 → 1.75,NO CUBIERTO,0 → 1.75,1.5
2866833,Maccabi Ahi Nazareth,Ironi Nesher,1.0,2.75,PUSH,0,1,0.25,15,0.5,-3,PUSH,-1 → 1,CUBIERTO,0.5 → 1,0.75
2821245,Cankaya FK,Inkilapspor,1.0,3,COVER,1,1,0.25,0,1,0,N/A,N/A,N/A,N/A,0.75
2908339,CR Belouizdad U20,MO Bejaia U20,1.25,2.75,COVER,2,0,0.5,0,0.25,35,N/A,N/A,N/A,N/A,0.75
2908336,ES Ben Aknoun U20,JS Bordj Menaiel U20,1.75,3,COVER,0,1,0.75,26,-0.25,-1,N/A,N/A,N/A,N/A,1.0
2856415,Maccabi Kiryat Gat,FC Beitar Yavne,1.25,3,COVER,4,2,1.25,19,0.5,-14,NO CUBIERTO,0.25 → 1.25,NO CUBIERTO,0.25 → 1.25,0.0
2908400,CFCI U19,KSA Juniors,1.5,4,COVER,7,3,0.5,11,1.25,-17,N/A,N/A,N/A,N/A,1.0
2783358,Formartine United,Wick Academy,1.75,3.5,COVER,0,0,-,0,-,0,N/A,N/A,N/A,N/A,0
2789282,Chelsea,Everton,1.0,2.5,COVER,2,0,-0.5,-16,0.5,-29,PUSH,1 → 1,PUSH,1 → 1,1.5
2792225,Peterhead,Kelty Hearts,1.0,2.75,COVER,3,2,0,25,1.5,-34,NO CUBIERTO,-0.75 → 1,PUSH,-0.25 → 1,1.0
2793259,FC Zurich,Winterthur,1.0,3.25,COVER,2,2,0.5,-17,1,54,CUBIERTO,1 → 1,CUBIERTO,-0.25 → 1,0.5
2793854,Cliftonville,Glenavon Lurgan,1.25,2.75,COVER,5,2,-0.75,-22,1.75,33,CUBIERTO,0.75 → 1.25,CUBIERTO,0.75 → 1.25,2.0
2793857,Linfield FC,Crusaders,1.5,3,COVER,4,0,1.5,2,1.25,37,NO CUBIERTO,1.25 → 1.5,NO CUBIERTO,1.25 → 1.5,0.0
2794072,Spartak Trnava,MFK Skalica,1.25,2.5,COVER,2,0,1.25,-9,0.5,-23,CUBIERTO,1.25 → 1.25,CUBIERTO,-0.5 → 1.25,0.0
2794411,Annagh United,Dundela,1.5,3,COVER,2,1,1,0,1,0,CUBIERTO,0.75 → 1.5,CUBIERTO,-0.5 → 1.5,0.5
2794415,Limavady United,Armagh City,1.75,3.25,COVER,3,1,1.25,26,0.75,0,N/A,N/A,NO CUBIERTO,-0.75 → 1.75,0.5
2794780,Slavia Praha,Baumit Jablonec,1.5,2.75,COVER,4,3,2,25,0,23,CUBIERTO,1.5 → 1.5,NO CUBIERTO,-0.75 → 1.5,-0.5
2795755,Radnicki 1923 Kragujevac,Habitpharm Javor,1.0,2.5,COVER,1,1,-0.5,-2,1.75,38,CUBIERTO,0.25 → 1,NO CUBIERTO,-0.75 → 1,1.5
2795757,Vojvodina Novi Sad,OFK Beograd,1.0,2.75,COVER,0,0,1.25,34,0,7,PUSH,0.5 → 1,PUSH,0 → 1,-0.25
2797686,Bolton Wanderers,Exeter City,1.25,2.75,COVER,2,1,0.75,0,0.75,-16,NO CUBIERTO,1 → 1.25,NO CUBIERTO,-0.25 → 1.25,0.5
2798247,Birmingham City,Charlton Athletic,1.0,2.5,COVER,1,1,0.5,14,1,40,PUSH,1 → 1,PUSH,1 → 1,0.5
2798248,Coventry City,Bristol City,1.0,2.75,COVER,1,0,1,40,-0.25,8,PUSH,0.5 → 1,PUSH,0.5 → 1,0.0
2799524,Bayer Leverkusen,FC Koln,1.25,3.25,COVER,2,0,0,5,0.25,13,NO CUBIERTO,1.75 → 1.25,NO CUBIERTO,1.75 → 1.25,1.25
2799527,Eintracht Frankfurt,Augsburg,1.0,3,COVER,1,0,1,43,1,33,NO CUBIERTO,1 → 1,NO CUBIERTO,0 → 1,0.0
2801038,Hapoel Beer Sheva,Maccabi Netanya,1.5,3.25,COVER,2,0,0.25,-14,0,-46,CUBIERTO,1 → 1.5,CUBIERTO,-1.5 → 1.5,1.25
2801272,Inter Milan U20,Cagliari U20,1.25,2.5,COVER,4,3,0.75,-44,0.25,0,NO CUBIERTO,1 → 1.25,NO CUBIERTO,1 → 1.25,0.5
2804445,Atletico Madrid,Valencia,1.5,2.75,COVER,2,1,2,0,0.5,-3,CUBIERTO,1.25 → 1.5,CUBIERTO,-0.75 → 1.5,-0.5
2809756,Sevilla FC (W),Alhama CF (W),1.5,2.75,COVER,2,1,0.75,-5,2.25,5,CUBIERTO,2 → 1.5,NO CUBIERTO,-0.25 → 1.5,0.75
2814353,Kortrijk,Seraing United,1.5,2.75,COVER,1,0,1,-1,0.25,-32,NO CUBIERTO,0.5 → 1.5,NO CUBIERTO,0.5 → 1.5,0.5
2816247,Quick Boys,Kozakken Boys,1.25,3,COVER,1,1,1.25,13,0.5,20,NO CUBIERTO,1.75 → 1.25,NO CUBIERTO,1.75 → 1.25,0.0
2821726,Duzcespor,Giresunspor,1.0,2.5,COVER,2,1,0.25,0,-,19,N/A,N/A,N/A,N/A,0.75
2822201,Levadiakos,AEL Larisa,1.25,2.75,COVER,3,0,-0.75,-39,1,34,CUBIERTO,0.25 → 1.25,CUBIERTO,-0.25 → 1.25,2.0
2825338,Braga U19,Pacos Ferreira U19,1.25,3,COVER,2,1,0.25,27,0.25,-14,NO CUBIERTO,1.5 → 1.25,NO CUBIERTO,-1.5 → 1.25,1.0
2827145,APOEL Nicosia,Krasava ENY Ypsonas FC,1.75,3,COVER,0,0,0,-50,-0.5,-14,N/A,N/A,NO CUBIERTO,-1 → 1.75,1.75
2829108,Brentwood Town,Hashtag United,1.0,3.5,COVER,2,0,0.5,24,0.5,-18,N/A,N/A,N/A,N/A,0.5
2831712,St. Maur Lusi,Rousset-Ste Victoire,1.25,2.5,COVER,1,1,0,-1,1.25,91,N/A,N/A,N/A,N/A,1.25
2832084,Farnham Town,Tiverton Town,1.5,3.5,COVER,5,0,0.5,20,1.5,0,N/A,N/A,N/A,N/A,1.0
2835443,Juventus (W),Napoli (W),1.5,2.75,COVER,2,1,1,11,-0.5,-26,CUBIERTO,2.25 → 1.5,CUBIERTO,2.25 → 1.5,0.5
2835938,Chindia Targoviste,CS Dinamo Bucuresti,1.25,2.5,COVER,2,0,0.75,-18,1.25,70,N/A,N/A,N/A,N/A,0.5
2835946,CSA Steaua Bucuresti,FC Gloria Bistrita,1.5,2.5,COVER,1,2,1.25,11,0,-40,N/A,N/A,N/A,N/A,0.25
2840116,Albacete B,CD Illescas,1.0,2.25,COVER,3,0,1.5,12,1.25,-20,NO CUBIERTO,-0.25 → 1,NO CUBIERTO,-0.25 → 1,-0.5
2843445,Spalding United,Worcester City,1.0,3,COVER,2,2,1,0,-0.25,0,N/A,N/A,N/A,N/A,0.0
2849762,Dijon W,Lens (W),1.25,3,COVER,1,1,-2.5,-110,0.5,-3,N/A,N/A,N/A,N/A,3.75
2849763,Fleury 91 (W),RC Saint Etienne (W),1.25,2.75,COVER,0,0,0.5,13,0.25,-27,CUBIERTO,1 → 1.25,CUBIERTO,1 → 1.25,0.75
2853674,Pogradeci,KS Perparimi Kukesi,1.25,2.25,COVER,2,0,0.75,0,0.75,4,N/A,N/A,CUBIERTO,-0.25 → 1.25,0.5
2859835,Bendel Insurance,Enugu Rangers International,1.0,2,COVER,1,1,0.75,0,0.75,6,NO CUBIERTO,0.25 → 1,NO CUBIERTO,0.25 → 1,0.25
2861701,Al-Wakra,Al-Garrafa,1.0,3.25,PUSH,2,3,1,30,0.75,0,NO CUBIERTO,-0.5 → 1,NO CUBIERTO,0 → 1,0.0
2863454,Palencia,CD Atletico Mansilles,1.0,2.25,COVER,1,1,1.25,4,-,0,PUSH,1.25 → 1,N/A,N/A,-0.25
2867421,Al-Hamriyah,Al-Ittifaq(UAE),1.5,3,COVER,1,0,0.75,38,0.5,-21,N/A,N/A,N/A,N/A,0.75
2874121,Agia Napa,Ethnikos Latsion,1.0,2.5,COVER,2,0,-0.5,0,1.75,9,N/A,N/A,N/A,N/A,1.5
2874122,Digenis Morphou,AE Zakakiou,1.0,2.5,PUSH,1,2,1,9,1.5,46,N/A,N/A,N/A,N/A,0.0
2874376,US Tataouine,BS Bouhajla,1.0,2,COVER,2,2,1,32,0.25,0,N/A,N/A,N/A,N/A,0.0
2878437,UD Logrones B,Yague CF,1.25,3,COVER,0,0,1.25,30,0.5,0,N/A,N/A,N/A,N/A,0.0
2889171,Nestos Chrisoupolis,Kambaniakos,1.0,2.25,COVER,2,0,-1.25,-49,3,0,N/A,N/A,NO CUBIERTO,0.25 → 1,2.25
2897994,Puskas Akademia Fehervar U19,Gyori ETO U19,1.0,3.25,NO_COVER,1,7,0.75,-8,0.5,-13,CUBIERTO,1.25 → 1,CUBIERTO,1.25 → 1,0.25
2897995,Ferencvarosi U19,Fehervar Videoton U19,1.0,3.25,COVER,2,0,0.5,-13,1,47,N/A,N/A,N/A,N/A,0.5
2905792,Al Ain,Al Nasr Dubai,1.75,3.25,NO_COVER,0,2,0.5,10,1,2,CUBIERTO,1 → 1.75,CUBIERTO,-0.5 → 1.75,1.25
2907011,Dagenham Redbridge,Hanwell Town,1.0,2.75,COVER,3,1,1.75,9,1,0,N/A,N/A,N/A,N/A,-0.75
2907024,Leatherhead,Harrow Borough,1.0,3,COVER,3,2,-0.5,0,1.5,0,N/A,N/A,PUSH,0.25 → 1,1.5
2907315,Caledonian Braves,Hearts (R),1.5,3.5,COVER,5,1,-0.75,-23,-,0,NO CUBIERTO,0 → 1.5,NO CUBIERTO,-0.25 → 1.5,2.25
2907327,CD Mafra,SC Covilha,1.0,2.25,COVER,2,0,0.25,7,0.25,22,PUSH,0.75 → 1,NO CUBIERTO,-0.25 → 1,0.75
2907333,Louletano,Vasco da Gama(POR),1.5,2.75,COVER,0,0,1,45,1,32,NO CUBIERTO,1 → 1.5,NO CUBIERTO,1 → 1.5,0.5
2907337,Vipers,BUL FC,1.0,2.25,COVER,3,1,1.5,-7,0.25,-2,NO CUBIERTO,0.75 → 1,N/A,N/A,-0.5
2908198,Panathinaikos U19,OFI Crete U19,1.75,3,COVER,3,0,0.25,-4,0,0,CUBIERTO,1.75 → 1.75,CUBIERTO,1.75 → 1.75,1.5
2908967,Rijeka U19,HNK Gorica U19,1.0,3.25,COVER,1,1,3,16,-0.75,-48,NO CUBIERTO,1 → 1,PUSH,0.75 → 1,-2.0
2908979,Hapoel Tel Aviv U19,Hapoel Haifa U19,1.75,3.25,COVER,2,0,-0.5,0,1,17,CUBIERTO,1 → 1.75,CUBIERTO,-0.25 → 1.75,2.25
2908987,Maccabi Netanya U19,Hapoel Kfar Saba U19,1.25,3.25,COVER,2,2,0.25,-5,0.5,-46,NO CUBIERTO,0.5 → 1.25,CUBIERTO,-0.25 → 1.25,1.0
2909082,TSL FC (W),Shatin (W),1.75,3.5,COVER,3,0,2.5,12,-1.75,-53,CUBIERTO,2.5 → 1.75,NO CUBIERTO,-2 → 1.75,-0.75
2909221,Stalybridge Celtic,Stafford Rangers,1.0,3,COVER,2,1,0.5,11,0.25,-2,NO CUBIERTO,0.25 → 1,NO CUBIERTO,0.25 → 1,0.5
2909230,AS Celtas (W),Sporting Gijon (W),1.0,3,COVER,1,1,1.75,0,1.25,27,N/A,N/A,N/A,N/A,-0.75
2909237,Atleico Malaga (W),Cacereno B (W),1.0,2.75,COVER,4,1,0.25,-20,1,30,PUSH,0.5 → 1,CUBIERTO,0.25 → 1,0.75
2909243,MS Hapoel Lod,Beitar Petah Tikva,1.0,2.75,COVER,3,1,0.75,-9,0.25,-7,CUBIERTO,1.75 → 1,NO CUBIERTO,-1.25 → 1,0.25
2909248,Racing Paris,Dives,1.25,2.75,COVER,3,1,0.75,3,1.5,12,N/A,N/A,N/A,N/A,0.5
2909256,Progresul Spartac,CSL Nanov,1.0,2.75,COVER,3,1,0,-10,1.25,66,N/A,N/A,PUSH,-0.5 → 1,1.0
2909260,Steaua Bucuresti 2,CS Agigea,1.25,3.25,COVER,4,0,0.75,-40,0,-11,N/A,N/A,N/A,N/A,0.5
2909261,Cavese U19,US Pianese U19,1.0,3.75,COVER,0,0,0.5,25,0.75,5,NO CUBIERTO,1.25 → 1,NO CUBIERTO,1.25 → 1,0.5
2909264,Leighton Town,AFC Dunstable,1.5,3.5,COVER,4,0,1.75,-6,0.5,1,N/A,N/A,N/A,N/A,-0.25
2909266,Sevilla U19,UD La Mosca U19,1.5,3.25,COVER,4,0,1.25,89,1,49,N/A,N/A,N/A,N/A,0.25
2909269,Levante U19,CD Roda U19,1.25,3,COVER,2,0,1.5,9,-1,-10,CUBIERTO,0.75 → 1.25,CUBIERTO,0.75 → 1.25,-0.25
2909286,Almeria U19,UD Tomares U19,1.0,2.75,COVER,3,0,0.25,6,0.5,1,PUSH,1.5 → 1,CUBIERTO,-1.5 → 1,0.75
2909289,CF Damm U19,CD San Francisco U19,1.5,3.25,COVER,4,1,0.5,-16,1,29,CUBIERTO,2 → 1.5,CUBIERTO,2 → 1.5,1.0
2909305,Ajaccio Gfco,Neuilly Sur Marne,1.25,2.75,COVER,0,1,0.75,-8,0.25,17,N/A,N/A,N/A,N/A,0.5
2909324,Persib Bandung U20,PSIM Yogyakarta U20,1.0,3,COVER,3,0,-0.5,-4,1.5,0,N/A,N/A,N/A,N/A,1.5
2909345,AS Douanes Nouakchott,Chemal FC,1.0,2.25,NO_COVER,0,3,1,-5,-0.25,0,PUSH,1 → 1,NO CUBIERTO,0 → 1,0.0
2909355,Makerere University (W),Asubo Gafford (W),1.25,2.5,COVER,3,0,0,62,2.5,69,NO CUBIERTO,0.5 → 1.25,NO CUBIERTO,0.5 → 1.25,1.25
2909357,Kampala Queens (W),Lady Doves FC (W),1.0,2.25,COVER,3,0,0.75,53,0,62,CUBIERTO,1.25 → 1,CUBIERTO,1.25 → 1,0.25
2909411,Gadna Tel Aviv U19,MS Kfar Kasem U19,1.0,3,COVER,1,1,0.5,0,0,16,N/A,N/A,N/A,N/A,0.5
2909438,Marinhas FC U19,GD Prado U19,1.75,2.75,COVER,1,0,0.25,30,-0.25,-17,NO CUBIERTO,0.25 → 1.75,CUBIERTO,0.5 → 1.75,1.5
2909443,CSO Baicoi,CS Tricolorul Breaza,1.0,2.75,NO_COVER,0,2,1,15,0,8,CUBIERTO,0.25 → 1,NO CUBIERTO,-0.25 → 1,0.0
2909445,CS Universitatea Craiova B,Oltul Curtisoara,1.25,2.75,COVER,3,0,0.75,22,0,-19,N/A,N/A,CUBIERTO,-0.75 → 1.25,0.5
2909504,Gendarmerie,Espoir FC Zinder,1.0,2,COVER,2,1,0.25,5,0.25,34,N/A,N/A,N/A,N/A,0.75
2909515,Scherpenheuvel,SV UNDEBA,1.25,3,COVER,3,0,0.5,0,0.5,0,NO CUBIERTO,2 → 1.25,CUBIERTO,-1 → 1.25,0.75
2909353,Racing Club Aruba,SV Estrella,1.75,3.75,COVER,3,1,0.25,-14,0.5,18,NO CUBIERTO,1.75 → 1.75,CUBIERTO,-1 → 1.75,1.5
2909520,RAMS Village Superstars,Old Road Jets,1.25,3,COVER,0,1,2.25,0,-1.5,0,NO CUBIERTO,0.75 → 1.25,CUBIERTO,-1.25 → 1.25,-1.0
2906223,Alianza San Salvador,CD Cacahuatique,1.25,2.5,COVER,3,0,0.75,24,1,12,NO CUBIERTO,1 → 1.25,NO CUBIERTO,-0.5 → 1.25,0.5
2909719,SV Victory Boys,Centro Social Dep Barber,1.25,3,NO_COVER,1,3,1.75,0,1.25,0,NO CUBIERTO,-1 → 1.25,NO CUBIERTO,1 → 1.25,-0.5
2908200,San Jose de Oruro,Universitario De Vinto,1.25,3.25,COVER,5,0,0.5,-7,0.5,-17,CUBIERTO,1 → 1.25,NO CUBIERTO,0.25 → 1.25,0.75
2807814,Deportivo La Coruna,Real Sociedad B,1.25,2.5,NO_COVER,0,3,0.25,-31,0.5,9,NO CUBIERTO,0.75 → 1.25,NO CUBIERTO,-0.5 → 1.25,1.0
2909346,Atletico Pantoja,Moca FC,1.0,2.5,COVER,1,0,0.5,-9,0.5,6,CUBIERTO,0 → 1,NO CUBIERTO,0.25 → 1,0.5
2789279,Arsenal,Wolves,1.75,2.75,COVER,2,1,1.5,35,1.25,26,CUBIERTO,1.75 → 1.75,NO CUBIERTO,-1.25 → 1.75,0.25
2784622,Atalanta,Cagliari,1.25,2.75,COVER,2,1,0.75,19,1.25,34,NO CUBIERTO,1.5 → 1.25,NO CUBIERTO,1.5 → 1.25,0.5
2909429,Lexington SC (W),DC Power (W),1.0,2.75,COVER,2,2,0.75,7,0.5,-14,NO CUBIERTO,0 → 1,NO CUBIERTO,0.25 → 1,0.25
2830488,Hasselt,Belisia Bilzen,1.25,3.25,COVER,2,2,2,6,-0.25,4,NO CUBIERTO,0.5 → 1.25,NO CUBIERTO,-0.5 → 1.25,-0.75
2909304,Genets Anglet,SA Gazinet-Cestas,1.0,2.75,COVER,1,0,0,-16,0,8,N/A,N/A,N/A,N/A,1.0
2869756,Virtus Entella U20,AlbinoLeffe Youth,1.0,3,COVER,3,0,1,7,1,17,N/A,N/A,CUBIERTO,-0.75 → 1,0.0
2801268,Atalanta U20,US Cremonese U20,1.0,2.75,COVER,1,1,-,0,0.25,-4,NO CUBIERTO,0.75 → 1,NO CUBIERTO,0.5 → 1,0
2869755,Brescia U20,Padova U19,1.0,2.75,PUSH,1,2,0.5,0,0.75,16,CUBIERTO,0.25 → 1,CUBIERTO,0.25 → 1,0.5
2909696,AOM Asteras Kaisarianis,Amarinthiakos FC,1.0,2.25,COVER,2,1,-0.25,-31,2.25,55,N/A,N/A,N/A,N/A,1.25
2909647,Zamalek (W),El Masry W,1.75,3.75,COVER,3,2,4,61,0.25,8,CUBIERTO,2.25 → 1.75,CUBIERTO,2.25 → 1.75,-2.25
2853675,KS Iliria Fushe,Luftetari,1.0,2.25,COVER,1,1,0.5,70,0.75,-27,N/A,N/A,N/A,N/A,0.5
2909587,CS Vulturii Farcasesti,CSM Targu Jiu,1.5,3.25,COVER,4,2,0.25,-31,1.25,3,N/A,N/A,N/A,N/A,1.25
2821248,Kucukcekmece,1926 Polatli Belediye,1.25,2.5,COVER,1,1,0.5,0,0,7,N/A,N/A,N/A,N/A,0.75
2909820,Bali United U20,PSM Makassar U20,1.25,3,NO_COVER,1,3,2,13,2,13,NO CUBIERTO,2 → 1.25,NO CUBIERTO,2 → 1.25,-0.75
2909571,Nepal APF (W),Karachi City FC (W),1.25,2.5,COVER,1,0,3,27,4.25,56,N/A,N/A,N/A,N/A,-1.75
2909824,Thonburi United FC,Thap Luang United,1.0,2.75,COVER,2,0,1.75,11,-,0,PUSH,0.75 → 1,NO CUBIERTO,-0.5 → 1,-0.75
2907521,UM-Damansara United,Perlis GSA FC,1.25,2.75,COVER,2,0,0.5,22,1.5,41,N/A,N/A,N/A,N/A,0.75
2813321,Zwickau,Eilenburg,1.5,2.75,COVER,2,2,0.25,0,1.25,0,NO CUBIERTO,0.25 → 1.5,NO CUBIERTO,-0.25 → 1.5,1.25
2815883,Belediye Vanspor,Umraniyespor,1.0,2.5,PUSH,0,1,0.5,46,1.25,14,N/A,N/A,N/A,N/A,0.5
2889173,Anagenisi Karditsa,Pas Giannina,1.25,2.25,COVER,1,0,1.25,3,0.5,-35,NO CUBIERTO,-1.25 → 1.25,NO CUBIERTO,-1.25 → 1.25,0.0
2889219,Chania Kissamikos,Panargiakos,1.25,2.25,COVER,2,0,0,-13,0.75,0,CUBIERTO,1 → 1.25,NO CUBIERTO,0 → 1.25,1.25
2908225,Aris Thessaloniki U19,Volos Nps U19,1.0,2.5,COVER,2,0,1.5,25,0.5,-12,CUBIERTO,0.5 → 1,CUBIERTO,0 → 1,-0.5
2909321,Apollon Kalamarias,Pierikos,1.5,2.25,COVER,1,0,0.5,43,-0.5,-14,NO CUBIERTO,0 → 1.5,NO CUBIERTO,0 → 1.5,1.0
2909662,Rayo Vallecano U19,Trival Valderas U19,1.5,3.25,COVER,6,1,1.5,27,0.25,-41,N/A,N/A,N/A,N/A,0.0
2909687,Malindi,New King,1.0,2,PUSH,1,2,0.5,6,0.5,26,N/A,N/A,N/A,N/A,0.5
2837556,Ternana,A.S.D. Bra,1.0,2.5,COVER,2,0,0.75,53,0.75,93,N/A,N/A,N/A,N/A,0.25
2810012,Dynamo Kyiv,Veres,1.5,2.75,COVER,3,0,2.5,50,0.25,4,NO CUBIERTO,1.75 → 1.5,NO CUBIERTO,-1.5 → 1.5,-1.0
2868753,Qarabag,Araz Nakhchivan,1.25,2.75,COVER,5,1,2.5,82,0,-24,CUBIERTO,1.5 → 1.25,CUBIERTO,-0.5 → 1.25,-1.25
2907572,Piacenza,Tropical Coriano,1.25,2.25,COVER,4,1,0.75,0,0.5,10,N/A,N/A,N/A,N/A,0.5
2907598,Ligorna,Asti,1.0,2.5,COVER,3,1,0.25,-8,0.5,-17,NO CUBIERTO,1 → 1,PUSH,-0.25 → 1,0.75
2789015,Ferencvarosi TC,Debrecin VSC,1.25,3,COVER,0,1,1.5,7,0,40,NO CUBIERTO,1.5 → 1.25,CUBIERTO,-0.75 → 1.25,-0.25
2785305,Rakow Czestochowa,Zaglebie Lubin,1.0,2.5,PUSH,0,1,0.75,3,0.5,-17,CUBIERTO,1 → 1,CUBIERTO,-0.5 → 1,0.25
2800157,Lyon,Le Havre,1.0,2.5,COVER,1,0,1.25,57,2.25,22,CUBIERTO,1.5 → 1,CUBIERTO,1.5 → 1,-0.25
2835053,SP La Fiorita,SP Domagnano,1.0,2.5,COVER,1,1,0,20,0.75,45,CUBIERTO,1.75 → 1,CUBIERTO,1.75 → 1,1.0
2794779,FC Viktoria Plzen,Dukla Prague,1.75,2.75,COVER,2,0,1.5,21,0.75,-4,CUBIERTO,1.75 → 1.75,NO CUBIERTO,-1.25 → 1.75,0.25
2834884,Manchester United (W),Tottenham Hotspur  (W),1.25,2.75,COVER,3,3,1.75,39,0.25,-9,CUBIERTO,0.75 → 1.25,NO CUBIERTO,-0.75 → 1.25,-0.5
2909714,Al-Fateh U21,Al-Bukayriyah FC U21,1.5,3,COVER,2,2,0.25,-3,1.25,7,N/A,N/A,N/A,N/A,1.25
2823775,Koln (W),Carl Zeiss Jena (W),1.75,3,COVER,0,1,-0.5,25,1.25,25,NO CUBIERTO,0.75 → 1.75,NO CUBIERTO,0.75 → 1.75,2.25
2870265,Bechem United,Techiman Eleven Wonders,1.0,2,COVER,1,0,-,0,1,23,N/A,N/A,NO CUBIERTO,1 → 1,0
2870271,Swedru All Blacks,Vision FC,1.0,2,COVER,2,0,1,-6,1,27,N/A,N/A,N/A,N/A,0.0
2859841,Niger Tornadoes FC,El Kanemi Warriors,1.25,2.25,COVER,3,0,-,0,1,0,N/A,N/A,N/A,N/A,0
2907517,O.Elvas,Comercio Industria,1.0,2.25,COVER,2,0,0.25,-18,1,45,N/A,N/A,N/A,N/A,0.75
2907535,Vianense,Moncao,1.0,2.5,COVER,1,1,0.75,12,1.25,-1,PUSH,1.25 → 1,NO CUBIERTO,-1.25 → 1,0.25
2909326,Asteras Stavros,Po Elassonas,1.0,2.25,NO_COVER,0,2,1.25,31,1.5,38,N/A,N/A,N/A,N/A,-0.25
2909653,Bilbao U19,Leioa U19,1.75,3.25,COVER,3,0,2.25,82,0,-7,N/A,N/A,NO CUBIERTO,-0.75 → 1.75,-0.5
2909694,Fursan Hispania FC,Baynounah SC,1.0,3.25,COVER,4,1,0.5,-11,1.25,30,NO CUBIERTO,0.5 → 1,CUBIERTO,-0.5 → 1,0.5
2909676,Real Sociedad U19,Santutxu U19,1.75,3.75,COVER,7,2,0.5,1,2.25,82,CUBIERTO,1.25 → 1.75,CUBIERTO,1.25 → 1.75,1.25
2908359,Al-Seeb,Saham,1.25,2.5,COVER,5,1,1.25,8,-0.5,-6,CUBIERTO,1.75 → 1.25,CUBIERTO,1.75 → 1.25,0.0
2874276,Birzebbuga,Marsa,1.5,3.5,COVER,1,0,1,36,0.75,18,N/A,N/A,N/A,N/A,0.5
2808240,Real Avila CF,Burgos Promesas,1.0,2.25,COVER,2,1,0.5,-21,1.25,48,N/A,N/A,PUSH,-0.25 → 1,0.5
2797219,Dinamo Bucuresti,Metaloglobus,1.75,2.75,COVER,4,0,0.5,-18,0.75,9,N/A,N/A,NO CUBIERTO,-1.25 → 1.75,1.25
2808552,Real Union Irun,Real Zaragoza B,1.25,2.25,COVER,5,1,0.75,8,0.5,17,CUBIERTO,0.5 → 1.25,N/A,N/A,0.5
2808555,UD Logrones,SD Ejea,1.0,2.25,COVER,4,1,0.75,-7,0,7,CUBIERTO,1 → 1,NO CUBIERTO,0 → 1,0.25
2865198,Girona B,Castellon B,1.0,3,COVER,7,3,-0.25,-8,0.75,-11,N/A,N/A,N/A,N/A,1.25
2870264,Asante Kotoko FC,Ghana Dream FC,1.25,2.25,COVER,1,0,0.5,32,0.25,-2,CUBIERTO,1 → 1.25,CUBIERTO,1 → 1.25,0.75
2879546,Arosa SC,CD Barco,1.0,2.25,COVER,2,0,0.25,0,0.25,27,PUSH,0.75 → 1,PUSH,0.75 → 1,0.75
2880106,Don Benito,Jerez,1.25,2.75,COVER,1,1,-,0,0.25,2,NO CUBIERTO,0.5 → 1.25,CUBIERTO,-0.75 → 1.25,0
2909666,Al Merreikh,Amagaju,1.0,2.25,COVER,1,0,0.5,-15,0,-8,N/A,N/A,N/A,N/A,0.5
2808553,Sestao,SD Gernika,1.0,2.25,COVER,2,2,0.75,-23,0.75,-7,CUBIERTO,0.75 → 1,CUBIERTO,0.75 → 1,0.25
2840853,Benevento,Giugliano,1.25,2.75,COVER,4,0,0.5,-37,1.25,1,NO CUBIERTO,1.5 → 1.25,NO CUBIERTO,-1.25 → 1.25,0.75
2909332,Athletic Bilbao C (W),Bilbao Artizarrak (W),1.25,3.5,COVER,3,1,1,-7,1.25,13,N/A,N/A,N/A,N/A,0.25
2794781,AC Sparta Prague,Slovan Liberec,1.0,2.5,COVER,2,2,2,57,-0.5,-2,PUSH,1.75 → 1,CUBIERTO,-0.5 → 1,-1.0
2815084,Atletic Club D Escaldes,Penya Encarnada,1.5,3,COVER,2,0,2.25,6,0.5,62,NO CUBIERTO,1.75 → 1.5,CUBIERTO,-1.5 → 1.5,-0.75
2909561,Beitar Nahariya,Maccabi Ahva Shaab,1.0,3.25,COVER,6,0,2.25,42,-1.25,-24,PUSH,1 → 1,PUSH,1 → 1,-1.25
2909838,Devonshire Colts,YMSC,1.5,3.25,COVER,4,3,0.5,0,0.75,0,N/A,N/A,N/A,N/A,1.0
2807390,Atletico de Madrid B,Sevilla Atletico,1.0,2,COVER,1,0,1,-6,0.75,46,NO CUBIERTO,0.5 → 1,NO CUBIERTO,0.25 → 1,0.0
2822203,Panathinaikos,Volos NFC,1.25,2.75,COVER,2,1,0.25,20,0,-33,NO CUBIERTO,1.75 → 1.25,NO CUBIERTO,-1 → 1.25,1.0
2909735,Unidos de Olmos,Atletico Baradero,1.0,2.75,COVER,3,1,0.5,21,0.25,4,N/A,N/A,N/A,N/A,0.5
2909740,Comercio Central Unidos,Rio Dulce,1.0,2,COVER,1,0,0,26,0,26,PUSH,0 → 1,PUSH,0 → 1,1.0
2909790,Flow 4G Cayon Rockets,TGE Dieppe Bay Eagles,1.25,3,COVER,4,1,2,28,2.25,37,N/A,N/A,N/A,N/A,-0.75
2909815,SV Dakota,SV Sporting,1.75,3.5,COVER,4,1,1.75,0,1.5,22,N/A,N/A,N/A,N/A,0.0
2909745,Talleres de Perico,AH Zapla,1.25,2.75,COVER,2,1,1.25,12,0,-18,NO CUBIERTO,0.25 → 1.25,NO CUBIERTO,1 → 1.25,0.0
2909854,CSD Municipal Reserves,Antigua GFC Reserves,1.0,3,COVER,2,1,1.25,10,1.25,9,CUBIERTO,1.25 → 1,NO CUBIERTO,-0.75 → 1,-0.25
2909847,RKSV Centro Dominguito,SC Atletiko Salina,1.25,3.25,COVER,0,1,-0.25,0,1.75,0,N/A,N/A,N/A,N/A,1.5
2884519,Barcelona SC(ECU),Orense SC,1.25,2.5,COVER,2,1,0.5,17,1.25,45,CUBIERTO,0.75 → 1.25,NO CUBIERTO,-0.25 → 1.25,0.75
2907542,Atletico Rafaela,G.San Martin Formosa,1.25,2,COVER,1,0,1.5,30,0.25,8,NO CUBIERTO,0.5 → 1.25,NO CUBIERTO,-0.25 → 1.25,-0.25
2908205,Nacional Potosi,Real Tomayapo,1.75,3.75,COVER,1,0,2.25,14,1.5,-13,NO CUBIERTO,0.5 → 1.75,NO CUBIERTO,0.25 → 1.75,-0.5
2908204,Club Guabira,Blooming,1.25,3.5,COVER,1,0,1.25,19,0.25,40,NO CUBIERTO,-0.25 → 1.25,NO CUBIERTO,-0.25 → 1.25,0.0
2884484,Club Sport Emelec,CD El Nacional,1.25,2.75,COVER,5,0,0.25,43,1,26,CUBIERTO,0.5 → 1.25,NO CUBIERTO,0 → 1.25,1.0
2909990,Crusaders Reserves,Dungannon Swifts Reserves,1.0,4,PUSH,1,2,0.75,-5,-0.75,0,CUBIERTO,0.75 → 1,NO CUBIERTO,-1.5 → 1,0.25
2908207,Aurora,Academia del Balompie Boliviano,1.5,3.75,COVER,3,2,0.5,-17,2.25,14,NO CUBIERTO,0.5 → 1.5,NO CUBIERTO,0 → 1.5,1.0
2909898,Linfield Reserves,Portadown Reserves,1.25,4,COVER,3,2,2,23,2,-12,CUBIERTO,2.75 → 1.25,NO CUBIERTO,-2.75 → 1.25,-0.75
2837548,Arezzo,Asd Pineto Calcio,1.0,2.25,COVER,3,3,1,10,0.25,36,NO CUBIERTO,0.5 → 1,NO CUBIERTO,0.5 → 1,0.0
2807810,Castellon,Mirandes,1.25,2.75,COVER,3,1,0.25,1,1.25,1,NO CUBIERTO,0.75 → 1.25,NO CUBIERTO,0.5 → 1.25,1.0
2908206,San Antonio Bulo Bulo,Real Oruro,1.0,4,COVER,5,3,1.5,-13,0.25,-2,N/A,N/A,CUBIERTO,0.5 → 1,-0.5
2909882,Al Wahda Abu Dhabi Reserves,Al-Shabab(KSA) U21,1.75,2.75,COVER,1,1,,0,1.75,36,N/A,N/A,N/A,N/A,0
2814841,Sporting Braga,Santa Clara,1.0,2.25,COVER,1,0,1.25,7,-0.25,-15,CUBIERTO,0.5 → 1,CUBIERTO,0.5 → 1,-0.25
2801036,Beitar Jerusalem,Hapoel Bnei Sakhnin FC,1.25,2.75,COVER,2,1,1,60,0,-37,NO CUBIERTO,1 → 1.25,NO CUBIERTO,-0.75 → 1.25,0.25
2801041,Maccabi Tel Aviv,Hapoel Petah Tikva,1.0,3,COVER,2,2,1.5,18,0.5,-15,CUBIERTO,2 → 1,CUBIERTO,-1.5 → 1,-0.5
2909984,NGB ASC Niarry Tally,ASEC Ndiambour,1.0,2,NO_COVER,0,2,0.25,30,0.25,10,N/A,N/A,N/A,N/A,0.75
2909887,Al Hilal Omdurman,Rutsiro FC,1.5,2.25,COVER,1,2,1,33,0.25,40,N/A,N/A,N/A,N/A,0.5
2815879,Sakaryaspor,Hatayspor,1.5,3.25,COVER,3,0,1.25,14,-1.75,-17,N/A,N/A,NO CUBIERTO,1 → 1.5,0.25
2812980,Fenerbahce,Konyaspor,1.75,3.25,COVER,4,0,0.25,24,0.75,-1,NO CUBIERTO,1.5 → 1.75,NO CUBIERTO,1.5 → 1.75,1.5
2909849,Accra Lions,Great Ambition FC,1.0,2.25,COVER,1,1,0.75,1,1,1,N/A,N/A,N/A,N/A,0.25
2909883,Al Hilal Riyadh U21,Al-Orubah U21,1.5,3.25,COVER,3,1,1.75,36,,0,N/A,N/A,N/A,N/A,-0.25
2909918,Al-Taawon U21,Al Adalah U21,1.25,3,COVER,2,1,1.5,5,1,-16,N/A,N/A,N/A,N/A,-0.25
2859839,Ikorodu City FC,Katsina United,1.5,2.25,COVER,0,0,1,26,1,24,CUBIERTO,1.25 → 1.5,CUBIERTO,1.25 → 1.5,0.5
2859843,Rivers United,Wikki Tourist,1.5,2.25,COVER,1,0,1.5,0,0.75,0,CUBIERTO,1.25 → 1.5,N/A,N/A,0.0
2909871,Manipur,Tripura,1.5,3,COVER,5,1,0.5,-1,0,-85,CUBIERTO,0.25 → 1.5,NO CUBIERTO,-1.75 → 1.5,1.0
2909516,Thailand U22,Malaysia U22,1.5,3,COVER,1,0,3,24,0.5,32,CUBIERTO,0.5 → 1.5,CUBIERTO,0.5 → 1.5,-1.5
2909891,Al Jazira Club U19,Al Nasr SC U19,1.0,3,COVER,4,2,1.75,58,0.25,-17,PUSH,0.75 → 1,PUSH,0.75 → 1,-0.75
2909915,Shabab Al Ordon Reserves,Al-Baqaa Reserves,1.75,3.25,COVER,0,0,0.25,-21,0.75,-4,N/A,N/A,CUBIERTO,-0.25 → 1.75,1.5
2909867,Niigata University,Fuji University FC,1.75,3.5,COVER,1,0,0.5,-2,,0,N/A,N/A,N/A,N/A,1.25
2844673,FC Chernigiv,Metalurh Zaporizhya,1.25,2.5,COVER,1,1,0,14,-,0,CUBIERTO,0.25 → 1.25,CUBIERTO,0 → 1.25,1.25
2910054,Watanga FC,LPRC Oilers,1.0,2.5,PUSH,1,2,1.25,5,0.25,-18,NO CUBIERTO,0.75 → 1,NO CUBIERTO,0.75 → 1,-0.25
2909901,Maccabi Petach Tikva U19,Maccabi Herzliya U19,1.75,3.25,COVER,3,1,1.5,26,1,8,N/A,N/A,N/A,N/A,0.25
2909019,South Africa,Ghana,1.0,2.25,COVER,1,0,0.5,1,1,0,PUSH,0.25 → 1,NO CUBIERTO,0.5 → 1,0.5
2910033,Hapoel Tel Aviv U19,Hapoel Kiryat Shmona U19,1.25,3,COVER,1,0,1.75,32,0.75,12,CUBIERTO,0 → 1.25,CUBIERTO,0 → 1.25,-0.5
2909906,Hapoel Beer Sheva U19,Hapoel Akko U19,1.75,3.25,COVER,2,1,-0.5,-1,1,1,N/A,N/A,CUBIERTO,-1 → 1.75,2.25
2838971,Gil Vicente U23,Rio Ave U23,1.0,2.75,COVER,2,2,0.75,52,1,38,NO CUBIERTO,0.75 → 1,NO CUBIERTO,-0.25 → 1,0.25
2909977,Hapoel Jerusalem Malka U19,Hapoel Kfar Shalem U19,1.25,3.25,COVER,3,1,1.25,12,0.25,-2,CUBIERTO,1.75 → 1.25,NO CUBIERTO,-1.25 → 1.25,0.0
2885811,Al-Saqer,Al-Kawkab,1.75,3,COVER,2,0,1,8,-,0,N/A,N/A,N/A,N/A,0.75
2818945,Muglaspor,Karaman Belediyespor,1.75,3,COVER,0,0,0.25,11,1.5,13,N/A,N/A,N/A,N/A,1.5
2819263,Aliaga FUTBOL AS,Aksarayspor,1.25,2.5,COVER,1,1,1.75,2,0,0,N/A,N/A,N/A,N/A,-0.5
2821737,Sebat Genclikspor,Orduspor,1.0,2.75,COVER,1,1,3.25,54,-,0,NO CUBIERTO,0.5 → 1,NO CUBIERTO,0 → 1,-2.25
2818937,Ankaraspor FK,Bursa Niluferspor AS,1.5,2.5,COVER,0,0,1.5,0,0.5,0,NO CUBIERTO,0.5 → 1.5,NO CUBIERTO,0 → 1.5,0.0
2909980,Beitar Nes Tubruk U19,Tzeirey Kafr Kana U19,1.25,3.25,COVER,2,0,0.5,-15,0.25,17,CUBIERTO,2.5 → 1.25,CUBIERTO,2.5 → 1.25,0.75
2821493,Erciyes 38,Kahramanmarasspor,1.5,2.75,COVER,0,0,0.75,0,-,0,N/A,N/A,N/A,N/A,0.75
2819267,Musspor,Fethiyespor,1.25,2.75,COVER,2,0,-,0,1.25,15,N/A,N/A,N/A,N/A,0
2909976,Bnei Sakhnin U19,Hapoel Afula U19,1.5,3.5,COVER,2,0,-0.5,-24,-,0,N/A,N/A,NO CUBIERTO,-0.75 → 1.5,2.0
2909986,SHB Da Nang U19,Khatoco Khanh Hoa U19,1.5,3,COVER,5,2,0.5,26,-2,0,NO CUBIERTO,0.75 → 1.5,NO CUBIERTO,0.25 → 1.5,1.0
2910015,CD Marathon Reserves,CD Victoria La Ceiba Reserves,1.0,3,COVER,3,3,0.25,24,1,6,PUSH,1.75 → 1,PUSH,1.75 → 1,0.75
2909993,Dulwich Hamlet,Kingstonian,1.25,3,COVER,2,3,,0,,0,NO CUBIERTO,1 → 1.25,NO CUBIERTO,-1 → 1.25,0
2906040,The Strongest,Nacional Potosi,1.0,3,PUSH,1,2,2,32,0,-6,CUBIERTO,1.25 → 1,CUBIERTO,0.5 → 1,-1.0
2829069,Folkestone,Cray Valley Paper Mills,1.25,3,COVER,3,0,0.75,0,0.25,-9,N/A,N/A,NO CUBIERTO,0.75 → 1.25,0.5
2829067,Chatham Town,Potters Bar Town,1.75,3.25,COVER,3,0,0.75,0,1.5,5,NO CUBIERTO,0.5 → 1.75,NO CUBIERTO,0 → 1.75,1.0
2820281,South Shields,Peterborough Sports,1.25,3.25,COVER,2,1,0.5,-7,0.5,2,NO CUBIERTO,0.5 → 1.25,CUBIERTO,0.25 → 1.25,0.75
2806283,Llandudno,Mold Alexandra,1.75,3.25,COVER,2,1,0.25,53,0,-11,CUBIERTO,0 → 1.75,CUBIERTO,0 → 1.75,1.5
2814357,Beerschot Wilrijk,Gent B,1.0,2.75,PUSH,1,2,0.5,30,0.75,-35,N/A,N/A,NO CUBIERTO,-0.25 → 1,0.5
2897052,Feyenoord,SC Heerenveen,1.25,3.25,COVER,2,3,,0,-1,-35,NO CUBIERTO,1.5 → 1.25,NO CUBIERTO,1.5 → 1.25,0
2904055,Vitoria Guimaraes,AVS Futebol SAD,1.0,2.5,PUSH,0,1,3.5,56,-,-72,CUBIERTO,0.75 → 1,CUBIERTO,0.75 → 1,-2.5
2894739,Newcastle United,Fulham,1.0,2.75,COVER,2,1,0.25,14,-1.25,-61,PUSH,0.75 → 1,PUSH,0.75 → 1,0.75
2894737,Manchester City,Brentford,1.5,3,COVER,2,0,,0,-1.25,-6,NO CUBIERTO,2 → 1.5,NO CUBIERTO,-0.75 → 1.5,0
2878167,EF Santa Cruz,Yeclano B,1.0,1.75,COVER,3,0,0.25,11,-,0,N/A,N/A,N/A,N/A,0.75
2897058,Fortuna Sittard,Almere City FC,1.0,3,PUSH,2,3,,0,-1.25,-10,CUBIERTO,0.75 → 1,NO CUBIERTO,0.5 → 1,0
2793264,Young Boys,Grasshopper,1.0,3.25,NO_COVER,2,6,0.75,-10,0.75,-1,N/A,N/A,NO CUBIERTO,-0.5 → 1,0.25
2910463,Stade Malien de Bamako,AS Korofina,1.0,2,NO_COVER,0,2,0.25,12,0,-11,PUSH,0.75 → 1,PUSH,0.75 → 1,0.75
2910449,Almeria U19,UD Maracena U19,1.5,3.25,COVER,1,1,1,5,1.5,39,NO CUBIERTO,0 → 1.5,NO CUBIERTO,0 → 1.5,0.5
2910465,Djoliba,Derby Academie,1.5,2.25,COVER,1,1,1,24,0.5,-22,N/A,N/A,N/A,N/A,0.5
2909930,Hapoel Raanana Roei U19,Hapoel Rishon Lezion Yehuda U19,1.0,3.25,PUSH,0,1,0,-18,1.5,26,NO CUBIERTO,0.25 → 1,NO CUBIERTO,0.25 → 1,1.0
2825343,FC Porto U19,Braga U19,1.5,3.25,COVER,1,2,2.25,22,-0.5,-23,NO CUBIERTO,0.5 → 1.5,CUBIERTO,-1 → 1.5,-0.75
2910452,Lamia,Proodos Rogon 1966,1.5,2.75,COVER,4,0,0.5,14,,0,N/A,N/A,NO CUBIERTO,-1 → 1.5,1.0
2910435,AEK Athens (W),Panathinaikos (W),1.75,3,COVER,1,0,2.25,12,0.75,38,NO CUBIERTO,1.25 → 1.75,NO CUBIERTO,1.25 → 1.75,-0.5
2909929,Maccabi Haifa U19,Hapoel Petah Tikva Nahum Stelmah U19,1.5,3.25,COVER,3,0,1,4,-0.5,57,NO CUBIERTO,0.5 → 1.5,NO CUBIERTO,0.5 → 1.5,0.5
2905740,Al Kuwait SC,Al-Salmiyah,1.75,3,COVER,1,1,2.5,28,-0.75,-46,CUBIERTO,2 → 1.75,CUBIERTO,2 → 1.75,-0.75
2910046,Maan,Kufer Soom,1.0,2.5,COVER,3,1,-0.25,-3,1,11,N/A,N/A,NO CUBIERTO,0.25 → 1,1.25
2909031,FC Masar,Dayrot,1.0,2,COVER,6,0,0.75,34,0.25,-44,N/A,N/A,N/A,N/A,0.25
2910545,Red Star Belgrade U19,Cukaricki U19,1.75,3.75,COVER,1,0,3,33,0.5,-14,NO CUBIERTO,1.25 → 1.75,CUBIERTO,-0.25 → 1.75,-1.25
2852947,Lion City Sailors,Shan United,1.75,3.25,COVER,3,2,,0,-1,-4,NO CUBIERTO,0.75 → 1.75,NO CUBIERTO,0.75 → 1.75,0
2910446,Nacional U19,Aves U19,1.75,3,COVER,1,0,1.5,-10,0,-24,N/A,N/A,N/A,N/A,0.25
2910443,Mombasa United,Mwatate United,1.0,2.25,COVER,3,0,0.5,10,1,-9,N/A,N/A,N/A,N/A,0.5
2910483,Sidama Bunna (W),Yirga Chefe Bunaa (W),1.5,2.75,COVER,2,1,0.25,-18,2,30,N/A,N/A,NO CUBIERTO,-1 → 1.5,1.25
2910505,Persekabpas Pasuruan,Persiba Bantul,1.0,2.75,COVER,1,1,,0,,0,N/A,N/A,CUBIERTO,-0.25 → 1,0
2910486,Bahir Dar Kenema FC (W),Addis Ababa Ketema (W),1.0,2.25,COVER,2,0,0.25,-12,1,33,CUBIERTO,0 → 1,CUBIERTO,0 → 1,0.75
2909198,CSD Municipal,CD Achuapa,1.75,2.75,COVER,3,0,1.75,32,1,74,CUBIERTO,2 → 1.75,NO CUBIERTO,-0.5 → 1.75,0.0
2904060,FC Porto,FC Famalicao,1.25,2.5,COVER,4,1,4,133,-0.25,42,NO CUBIERTO,1 → 1.25,NO CUBIERTO,-0.75 → 1.25,-2.75
2862254,AEK Athens,CS Universitatea Craiova,1.0,2.5,COVER,3,2,1.5,94,0.5,12,NO CUBIERTO,1 → 1,NO CUBIERTO,1 → 1,-0.5
2862243,NK Publikum Celje,Shelbourne,1.75,3,COVER,0,0,0.25,2,2.25,36,N/A,N/A,N/A,N/A,1.5
2862206,AC Sparta Prague,Aberdeen,1.5,3,COVER,3,0,0.75,15,1,59,N/A,N/A,N/A,N/A,0.75
2862190,AEK Larnaca,FK Shkendija 79,1.0,2.25,COVER,1,0,1,59,0,-35,N/A,N/A,N/A,N/A,0.0
2862175,FC Shakhtar Donetsk,Rijeka,1.0,2.75,COVER,0,0,2.25,59,-1,0,N/A,N/A,N/A,N/A,-1.25
2862166,AZ Alkmaar,Jagiellonia Bialystok,1.0,3,COVER,0,0,2.25,36,-0.25,-42,N/A,N/A,N/A,N/A,-1.25
2910523,El Pilar Marianistas,SD Salvatierra,1.0,3.25,NO_COVER,0,2,0.25,-18,1.5,-6,N/A,N/A,N/A,N/A,0.75
2848307,CD Huarte,Atletico Artajones,1.0,2.5,COVER,1,1,0,-28,0.25,-10,N/A,N/A,N/A,N/A,1.0
2842477,USM Alger,ES Ben Aknoun,1.25,2.25,COVER,2,2,1,5,0.5,15,NO CUBIERTO,0.5 → 1.25,NO CUBIERTO,0.5 → 1.25,0.25
2910467,Malaga U19,Arenas de Armilla CyD U19,1.75,3.5,COVER,2,0,1.5,39,1.25,30,N/A,N/A,N/A,N/A,0.25
2908363,Al-Nahda Muscat,Sohar Club,1.0,2.5,COVER,2,1,2,2,-0.25,18,CUBIERTO,0.75 → 1,CUBIERTO,-1 → 1,-1.0
2910050,Amman FC,Al Yarmouk,1.0,2.75,PUSH,1,2,1.75,47,1,0,NO CUBIERTO,0 → 1,NO CUBIERTO,-0.25 → 1,-0.75
2910529,Mechal FC (W),Dire Dawa (W),1.5,2.5,COVER,3,0,1.25,39,3.25,35,NO CUBIERTO,0.5 → 1.5,NO CUBIERTO,0.5 → 1.5,0.25
2911099,AH Zapla,Talleres de Perico,1.25,2.75,COVER,1,1,0.75,58,1,-1,NO CUBIERTO,1 → 1.25,NO CUBIERTO,1.25 → 1.25,0.5
2911094,SV Deportivo Nacional,SV Estrella,1.25,3.75,COVER,5,1,-,105,1.75,39,CUBIERTO,0.5 → 1.25,CUBIERTO,0.5 → 1.25,0
2911991,Alianza FC San Salvador Reserves,CD Luis Angel Firpo Reserves,1.5,3.5,COVER,6,0,1.5,15,0.25,18,NO CUBIERTO,0.75 → 1.5,CUBIERTO,-0.5 → 1.5,0.0
2911017,Dunston UTS,Blyth Town,1.25,3,COVER,3,0,0.5,14,0.5,5,N/A,N/A,N/A,N/A,0.75
2840864,Cosenza Calcio 1914,Cavese,1.0,2.5,COVER,2,1,1.25,39,0.25,30,NO CUBIERTO,0.75 → 1,NO CUBIERTO,0.75 → 1,-0.25
2799534,Borussia Dortmund,Borussia Monchengladbach,1.25,3,COVER,2,0,1,-7,0.25,28,NO CUBIERTO,1.25 → 1.25,NO CUBIERTO,1.25 → 1.25,0.25
2871397,SC Cambuur,MVV Maastricht,1.5,3.5,COVER,4,0,1.25,-4,0.75,26,NO CUBIERTO,1.75 → 1.5,NO CUBIERTO,-0.5 → 1.5,0.25
2838806,KS Dinamo Tirana,FK Vora,1.0,2,COVER,2,1,0.25,27,1,17,N/A,N/A,CUBIERTO,-0.25 → 1,0.75
2902932,JSM Tiaret,CRB Adrar,1.0,2,COVER,3,1,0.75,25,1.25,15,N/A,N/A,N/A,N/A,0.25
2902933,NA Hussein Dey,US Bechar Djedid,1.75,2.5,COVER,1,1,1.25,15,2,15,CUBIERTO,0.75 → 1.75,CUBIERTO,0.75 → 1.75,0.5
2909455,Manjung City FC,Kedah,1.75,2.75,COVER,4,0,0.5,36,-,0,N/A,N/A,N/A,N/A,1.25
2910586,Shashemene Kenema FC,Akaki Kality,1.0,2.25,COVER,3,0,-0.25,14,,0,N/A,N/A,N/A,N/A,1.25
2911066,Hapoel Ihud Bnei Gat,Hapoel Bnei Arrara Ara,1.75,3.75,COVER,0,0,1.25,25,0.25,-20,N/A,N/A,N/A,N/A,0.5
2909459,Nassaji Mazandaran,FC Fard,1.0,1.75,COVER,0,0,1,6,0.5,29,N/A,N/A,N/A,N/A,0.0
2856428,SC Maccabi Ashdod,Agudat Sport Nordia Jerusalem,1.0,2.5,COVER,3,3,0.5,-17,0.5,5,PUSH,-0.25 → 1,PUSH,-0.25 → 1,0.5
2856422,MS Jerusalem,Ironi Nir Ramat HaSharon,1.75,3.25,COVER,2,1,0.25,-5,1.5,-2,N/A,N/A,N/A,N/A,1.5
2911050,Beitar Haifa Yakov,Tzeirey Haifa,1.5,3.5,NO_COVER,0,3,-0.5,11,-2.5,-51,N/A,N/A,CUBIERTO,-0.75 → 1.5,2.0
2910598,CR Belouizdad (W),CEA Setif (W),1.0,3,COVER,2,1,1.5,3,-2,-33,N/A,N/A,N/A,N/A,-0.5
2911055,Beitar Ramat Gan,AS Holon Mor,1.0,2.75,COVER,2,0,2,30,0.5,-19,NO CUBIERTO,0 → 1,PUSH,0.75 → 1,-1.0
2911041,Hakoah Amidar Ramat Gan FC,SC Bnei Yaffo Ortodoxim,1.25,3.25,NO_COVER,0,3,0.5,-19,-1,-4,NO CUBIERTO,0.5 → 1.25,NO CUBIERTO,0.5 → 1.25,0.75
2822357,Penang,PDRM,1.25,3,COVER,3,0,-1,11,0.5,5,CUBIERTO,0 → 1.25,CUBIERTO,0 → 1.25,2.25
2911034,Song Lam Nghe An U19,Huda Hue U19,1.25,2.75,COVER,0,0,0.5,0,0,22,CUBIERTO,1 → 1.25,N/A,N/A,0.75
2912059,SV La Fama,SV Sporting,1.0,3.25,NO_COVER,2,4,-1,-19,1.75,30,CUBIERTO,1 → 1,CUBIERTO,1 → 1,2.0
2912032,CRKSV Jong Colombia,RKSV Centro Dominguito,1.5,3,COVER,5,0,0.5,0,0,0,NO CUBIERTO,0.5 → 1.5,NO CUBIERTO,0.5 → 1.5,1.0
2912043,Rivadavia Lincoln,Academia Mascherano,1.25,2.25,COVER,2,1,0.5,7,1,2,NO CUBIERTO,0.25 → 1.25,NO CUBIERTO,0 → 1.25,0.75
2911983,Sporting JAX (W),Tampa Bay Sun (W),1.0,2.75,COVER,3,1,0.75,27,0.25,43,NO CUBIERTO,0.25 → 1,CUBIERTO,-0.5 → 1,0.25
2911980,Conaree United,Circle Newtown United,1.25,3,COVER,1,1,0.5,0,2.25,0,CUBIERTO,0.25 → 1.25,NO CUBIERTO,-0.25 → 1.25,0.75
2791865,Saint Gilloise,Zulte-Waregem,1.5,3,COVER,2,0,1.25,65,0.25,-8,NO CUBIERTO,1.75 → 1.5,NO CUBIERTO,1.75 → 1.5,0.25
2911977,Carolina Ascent (W),DC Power (W),1.0,2.5,COVER,0,0,0.75,2,1,46,PUSH,0.5 → 1,PUSH,-0.25 → 1,0.25
2814369,Kortrijk,Anderlecht II,1.75,3.25,COVER,5,2,1.5,24,1.75,100,N/A,N/A,CUBIERTO,-0.25 → 1.75,0.25
2793266,Basel,Servette,1.0,3.25,COVER,1,1,0.75,62,0.25,-40,CUBIERTO,0.75 → 1,CUBIERTO,-0.5 → 1,0.25
2911925,Maccabi Lroni Amishav Petah Tikva,Beitar Petah Tikva,1.5,3,COVER,3,0,4.25,19,1,11,CUBIERTO,0.75 → 1.5,CUBIERTO,0 → 1.5,-2.75
2879558,Compostela,UD Somozas,1.0,2.25,COVER,3,0,0.75,-14,-,0,N/A,N/A,N/A,N/A,0.25
2878448,Yague CF,Comillas,1.0,2.5,PUSH,0,1,0.75,11,0.75,9,NO CUBIERTO,0.25 → 1,PUSH,0.25 → 1,0.25
2807028,Tenerife,Ponferradina,1.0,2.25,COVER,2,0,1.25,25,0.25,40,NO CUBIERTO,0.75 → 1,NO CUBIERTO,0.75 → 1,-0.25
2854325,CD San Miguel,Telde,1.0,2.5,COVER,1,1,-,0,-,0,N/A,N/A,N/A,N/A,0
2812990,Besiktas JK,Caykur Rizespor,1.0,3,COVER,1,0,1.25,42,0.5,-5,NO CUBIERTO,1 → 1,NO CUBIERTO,1 → 1,-0.25
2784638,Lazio,Cremonese,1.0,2.5,COVER,0,0,0,5,0.5,-3,PUSH,1.75 → 1,PUSH,1.75 → 1,1.0
2795197,Dinamo Zagreb,NK Lokomotiva Zagreb,1.5,3,COVER,2,0,0.75,67,0.25,-9,CUBIERTO,1 → 1.5,NO CUBIERTO,-1.5 → 1.5,0.75
2840133,Villarrubia CF,CD Guadalajara B,1.0,2.25,PUSH,0,1,0.5,14,-,0,N/A,N/A,N/A,N/A,0.5
2911885,Alboraya U19,EFB Pinatar U19,1.0,2.75,PUSH,0,1,-1.25,11,3.25,94,N/A,N/A,N/A,N/A,2.25
2885988,Al-Riffa,Al-Ahli(BHR),1.0,2.5,COVER,2,0,0.25,62,0.25,-27,NO CUBIERTO,0.25 → 1,PUSH,-0.75 → 1,0.75
2825351,Rio Ave U19,Chaves U19,1.0,2.75,COVER,2,1,0.75,20,0.75,49,NO CUBIERTO,1 → 1,CUBIERTO,-0.25 → 1,0.25
2808246,Bergantinos CF,Samanod,1.0,2.25,COVER,1,0,0,-3,0.5,-7,N/A,N/A,N/A,N/A,1.0
2901955,Al Ain,Ittihad Kalba,1.5,3,COVER,2,0,0.75,-17,-0.25,-6,NO CUBIERTO,1.25 → 1.5,NO CUBIERTO,-0.5 → 1.5,0.75
2912505,Clube Oriental Lisboa U19,CF Os Marialvas U19,1.25,2.5,COVER,3,0,0.5,22,0.25,-18,N/A,N/A,N/A,N/A,0.75
2912024,Calasancio (W),InterSoccer Logrono (W),1.5,4.5,NO_COVER,2,4,,0,,0,N/A,N/A,N/A,N/A,0
2912016,Pacos Ferreira B U19,Academico Alves Rocadas U19,1.0,3.5,COVER,3,0,1.75,66,,0,N/A,N/A,N/A,N/A,-0.75
2911962,Famalicao (W),JuveForce Ponte de Vagos (W),1.0,3,COVER,1,1,3.25,31,1.5,5,N/A,N/A,N/A,N/A,-2.25
2911931,APR FC,Gasogi Utd,1.0,2,COVER,2,0,0.25,-4,0.75,27,NO CUBIERTO,1 → 1,NO CUBIERTO,-0.75 → 1,0.75
2911888,Patacona CF U19,CF Talavera U19,1.0,2.75,COVER,0,0,-0.25,7,1.25,-1,N/A,N/A,N/A,N/A,1.25
2909771,SCU Torreense (W),Vitoria SC (W),1.0,3,COVER,2,1,-1.5,-9,1.5,31,CUBIERTO,2 → 1,CUBIERTO,2 → 1,2.5
2843234,Kettering Town,Royston Town,1.0,2.75,COVER,3,0,0.75,0,0,0,PUSH,1 → 1,PUSH,-0.25 → 1,0.25
2832100,Walton Hersham,Hanwell Town,1.5,3,COVER,5,0,1.25,5,0.75,0,NO CUBIERTO,0.75 → 1.5,NO CUBIERTO,-0.25 → 1.5,0.25
2829120,Brentwood Town,Potters Bar Town,1.5,3.25,COVER,1,0,1,6,1.75,0,N/A,N/A,NO CUBIERTO,0 → 1.5,0.5
2820858,Worthing,Farnborough Town,1.25,3.5,COVER,5,0,0.5,13,0,54,NO CUBIERTO,0.5 → 1.25,NO CUBIERTO,0 → 1.25,0.75
2820857,Weston Super Mare,Chippenham Town,1.0,2.75,COVER,1,0,0.75,3,1,31,NO CUBIERTO,0.5 → 1,PUSH,-0.75 → 1,0.25
2820853,Hornchurch,Enfield Town,1.0,2.75,COVER,2,2,0.75,-6,0.5,2,CUBIERTO,0.5 → 1,PUSH,-0.25 → 1,0.25
2820304,Radcliffe Borough,Leamington,1.25,3,COVER,2,1,0.5,27,0.75,28,NO CUBIERTO,-0.25 → 1.25,NO CUBIERTO,0 → 1.25,0.75
2798810,Colchester United,Newport County,1.0,2.75,COVER,4,1,0.5,-10,1,44,NO CUBIERTO,0.75 → 1,CUBIERTO,-0.5 → 1,0.5
2792404,Clyde,Stirling Albion,1.25,3,COVER,1,2,0.5,-42,0.5,16,CUBIERTO,0.5 → 1.25,CUBIERTO,0 → 1.25,0.75
2792405,East Kilbride,Annan Athletic,1.0,3,NO_COVER,1,3,1,18,0.5,-42,NO CUBIERTO,0 → 1,NO CUBIERTO,-0.5 → 1,0.0
2792054,Saint Johnstone,Greenock Morton,1.25,2.75,COVER,5,0,1,64,0.5,0,NO CUBIERTO,1.25 → 1.25,CUBIERTO,-0.75 → 1.25,0.25
2791603,Motherwell,Dundee,1.25,2.75,COVER,1,0,0.75,4,0.5,34,NO CUBIERTO,0.25 → 1.25,NO CUBIERTO,0 → 1.25,0.5
2789290,AFC Bournemouth,Burnley,1.25,2.75,COVER,1,1,-0.25,-16,1.5,36,NO CUBIERTO,0.25 → 1.25,CUBIERTO,-0.25 → 1.25,1.5
2911081,Maccabi Tel Aviv Shachar U19,Hapoel Beer Sheva U19,1.0,3.25,COVER,2,0,0.75,37,0.25,-6,PUSH,1 → 1,PUSH,1 → 1,0.25
2912029,Lobi Stars,Sokoto United FC,1.0,2,COVER,2,0,1,40,0.75,41,N/A,N/A,N/A,N/A,0.0
2909775,Toulouse (W),Rodez Aveyron (W),1.25,3,COVER,5,1,0.75,8,0.5,5,NO CUBIERTO,2 → 1.25,NO CUBIERTO,2 → 1.25,0.5
2842470,JS Saoura,ES Mostaganem,1.0,2,COVER,3,2,0.75,50,0.25,16,NO CUBIERTO,0.25 → 1,NO CUBIERTO,0.25 → 1,0.25
2839567,Monza,Carrarese,1.0,2.5,COVER,4,1,1,2,0.25,21,NO CUBIERTO,1 → 1,NO CUBIERTO,1 → 1,0.0
2829903,Oud-Heverlee Leuven (W),Standard Liege (W),1.0,2.75,COVER,2,1,0.5,-4,0.5,25,NO CUBIERTO,0.25 → 1,CUBIERTO,-0.75 → 1,0.5
2835059,SP Domagnano,San Giovanni,1.25,2.75,COVER,1,1,1.25,40,-1,3,NO CUBIERTO,-0.25 → 1.25,N/A,N/A,0.0
2840868,Salernitana,Foggia,1.5,2.75,COVER,2,1,0.5,33,0.75,-28,NO CUBIERTO,0.25 → 1.5,NO CUBIERTO,0.5 → 1.5,1.0
2911982,ZESCO United Ndola,Kansanshi Dynamos,1.25,2,COVER,2,0,0.5,11,0.25,-10,NO CUBIERTO,1 → 1.25,NO CUBIERTO,1 → 1.25,0.75
2902780,MC Magra,IB Khemis El Khechna,1.5,2.25,COVER,1,1,0.25,7,1,0,N/A,N/A,N/A,N/A,1.25
2902782,US Chaouia,MO Constantine,1.25,2.25,COVER,3,0,0.75,0,0.75,0,NO CUBIERTO,0.5 → 1.25,NO CUBIERTO,0.5 → 1.25,0.5
2810952,Rot-Weiss Essen,SSV Ulm 1846,1.0,3,COVER,3,2,0.75,-7,0.5,26,NO CUBIERTO,0 → 1,NO CUBIERTO,0 → 1,0.25
2801045,Hapoel Tel Aviv,Maccabi Bnei Raina,1.25,3,COVER,3,1,0.5,-15,0.5,56,NO CUBIERTO,0.25 → 1.25,NO CUBIERTO,0 → 1.25,0.75
2867454,Al-Thaid,Majd FC,1.0,2.5,COVER,1,1,0.25,4,0,27,PUSH,0.75 → 1,PUSH,0.75 → 1,0.75
2874130,Karmiotissa Polemidion,APEA Akrotiriou,1.5,2.75,COVER,1,2,1.75,9,1,9,N/A,N/A,N/A,N/A,-0.25
2874133,PAEEK,Iraklis Yerolakkou,1.0,2.25,COVER,3,0,1,9,0.5,6,N/A,N/A,N/A,N/A,0.0
2868761,Zira FK,Mil Mugan,1.0,2.25,COVER,0,0,-0.5,-53,0.5,10,N/A,N/A,NO CUBIERTO,-1 → 1,1.5
2853683,Kastrioti Kruje,Lushnja KS,1.0,3,COVER,2,1,-0.25,0,0.25,26,PUSH,0.75 → 1,NO CUBIERTO,0.5 → 1,1.25
2907113,DP Kanchanaburi,BEC Tero Sasana,1.0,3,COVER,0,0,1.75,17,1.25,85,PUSH,0.75 → 1,PUSH,0.75 → 1,-0.75
2911232,Prishtina,KF Drenica Skenderaj,1.0,2.5,COVER,2,1,1,9,-,0,N/A,N/A,N/A,N/A,0.0
2889222,Kalamata AO,Kallithea,1.25,2.25,COVER,2,0,2,27,0,19,NO CUBIERTO,-1 → 1.25,NO CUBIERTO,-0.25 → 1.25,-0.75
2821266,Yesil Yalova FK,Inkilapspor,1.0,2.5,COVER,0,0,0,-42,1,48,N/A,N/A,N/A,N/A,1.0
2801293,Inter Milan U20,Genoa U20,1.25,3,COVER,3,1,1.25,3,0.25,2,CUBIERTO,0.75 → 1.25,CUBIERTO,0.75 → 1.25,0.0
2911911,Athletic Bilbao C (W),Anorga KKE (W),1.25,4,COVER,1,0,1.25,47,0.25,-2,NO CUBIERTO,0.25 → 1.25,CUBIERTO,-0.5 → 1.25,0.0
2911882,Villarreal U19,CD Castellon U19,1.25,3.25,COVER,2,1,0.5,0,-0.5,-12,CUBIERTO,1.25 → 1.25,CUBIERTO,1.25 → 1.25,0.75
2908239,Tampines Rovers FC,Albirex Niigata FC,1.0,4,NO_COVER,1,3,0.25,-10,-0.5,-78,NO CUBIERTO,1.75 → 1,CUBIERTO,-1.25 → 1,0.75
2908238,Lion City Sailors,Balestier Khalsa FC,1.75,4,COVER,1,0,0.25,-14,-0.25,-32,NO CUBIERTO,1.25 → 1.75,CUBIERTO,-2 → 1.75,1.5
2870006,Empoli U20,Bari U19,1.0,3,COVER,1,1,2.25,23,-0.5,-3,NO CUBIERTO,0.75 → 1,N/A,N/A,-1.25
2822359,Sabah,DPMM FC,1.0,3,NO_COVER,1,3,0.25,-3,2,57,CUBIERTO,0.25 → 1,CUBIERTO,0.25 → 1,0.75
2911934,Shahrdari Mahshahr,Shahrdari Astara,1.5,2.25,COVER,3,0,1.25,15,0.75,25,N/A,N/A,N/A,N/A,0.25
2911896,Real Oviedo U19,Gimnastica de Torrelavega U19,1.0,2.75,COVER,2,1,-1,-10,2.75,95,CUBIERTO,1.5 → 1,CUBIERTO,1.5 → 1,2.0
2844259,Svay Rieng FC,Angkor Tiger FC,1.75,3.75,COVER,3,1,3,41,1,-9,CUBIERTO,1.75 → 1.75,CUBIERTO,-0.75 → 1.75,-1.25
2823782,Hoffenheim (W),Carl Zeiss Jena (W),1.75,3.25,COVER,5,1,0.75,-25,1.75,92,CUBIERTO,0.75 → 1.75,CUBIERTO,-1.25 → 1.75,1.0
2845413,Hualien (W),Valkyrie (W),1.5,3,COVER,2,1,-1,-24,3.75,0,N/A,N/A,N/A,N/A,2.5
2912052,MC Alger U20,NA Hussein Dey U20,1.0,3,COVER,2,0,,0,,0,N/A,N/A,N/A,N/A,0
2912488,CR Belouizdad U20,USM El Harrach U20,1.75,2.75,COVER,2,0,,0,,0,N/A,N/A,N/A,N/A,0
2882266,Fortis Limited,Fakirapool Young Mens Club,1.5,3,COVER,3,0,0,-1,-,0,NO CUBIERTO,2 → 1.5,NO CUBIERTO,2 → 1.5,1.5
2911886,Dejan FC,Persipa Pati,1.0,2.5,COVER,4,0,-,0,-1,0,N/A,N/A,PUSH,0 → 1,0
2911970,Konyaspor U19,Kayserispor U19,1.0,3,COVER,2,1,1.25,7,0.25,-2,NO CUBIERTO,1 → 1,NO CUBIERTO,-0.25 → 1,-0.25
2910554,LeeMan,Kowloon City,1.25,3.25,COVER,3,0,,0,,0,NO CUBIERTO,1 → 1.25,NO CUBIERTO,-1.25 → 1.25,0
2911905,Bali United U20,Madura United U20,1.0,2.75,COVER,3,1,1.25,40,-,-6,N/A,N/A,PUSH,0.25 → 1,-0.25
2783585,Urawa Red Diamonds (W),Albirex Niigata (W),1.0,2.25,COVER,3,1,0.25,1,-0.25,6,NO CUBIERTO,1 → 1,NO CUBIERTO,-1.25 → 1,0.75
2849950,PSV Eindhoven  (W),Feyenoord Rotterdam (W),1.0,2.75,COVER,1,1,2.5,33,2,36,PUSH,1.5 → 1,PUSH,1.5 → 1,-1.5
2901957,Al-Jazira(UAE),Al-Dhafra,1.25,2.75,COVER,4,2,1.25,-1,1,20,NO CUBIERTO,1.5 → 1.25,NO CUBIERTO,-1.25 → 1.25,0.0
2912642,C.S.D. Comunicaciones Reserve,Antigua GFC Reserves,1.0,3,COVER,3,3,0.5,13,1,13,N/A,N/A,NO CUBIERTO,-0.25 → 1,0.5
2912547,Madrid CFF III (W),Pozuelo Alarcon B (W),1.0,3,COVER,3,1,0,13,1.25,-4,N/A,N/A,N/A,N/A,1.0
2911140,Uniao Da Serra,Samora Correia,1.0,2.25,COVER,1,1,0,-28,0,-14,N/A,N/A,N/A,N/A,1.0
2870278,Karela United FC,Vision FC,1.0,2.25,COVER,1,0,0.25,-21,1,9,N/A,N/A,NO CUBIERTO,0.5 → 1,0.75
2859854,Wikki Tourist,Kun Khalifat FC,1.0,1.75,COVER,0,0,-,0,-,0,N/A,N/A,N/A,N/A,0
2859846,Abia Warriors,Warri Wolves FC,1.0,1.5,COVER,1,0,0.5,10,0.75,6,CUBIERTO,0.75 → 1,NO CUBIERTO,0.25 → 1,0.5
2825348,Braga U19,Moreirense U19,1.5,3,NO_COVER,0,2,1.25,21,0.75,20,NO CUBIERTO,0.5 → 1.5,NO CUBIERTO,-0.5 → 1.5,0.25
2912606,Las Palmas U19,Mensajero U19,1.75,3.25,COVER,5,1,2.5,91,-0.75,0,CUBIERTO,4.5 → 1.75,CUBIERTO,4.5 → 1.75,-0.75
2791599,Celtic FC,Aberdeen,1.75,3.25,COVER,3,1,1,52,-0.25,20,CUBIERTO,2 → 1.75,CUBIERTO,-1.25 → 1.75,0.75
2911215,Valmontone 1921,Real Monterotondo,1.0,2.5,COVER,2,1,-,0,0.25,4,N/A,N/A,N/A,N/A,0
2857415,Stoke City U21,Derby County U21,1.0,3.5,COVER,1,1,0.25,13,-0.5,-22,CUBIERTO,-0.25 → 1,NO CUBIERTO,0.25 → 1,0.75
2835589,Sunderland (W),Ipswich Town (W),1.25,2.75,COVER,2,1,1.5,8,0.75,14,N/A,N/A,N/A,N/A,-0.25
2835585,Birmingham (W),Durham Wildcats LFC (W),1.75,3,COVER,3,0,2.25,69,0.5,13,CUBIERTO,1 → 1.75,CUBIERTO,1 → 1.75,-0.5
2905761,Strasbourg,USL Dunkerque,1.0,2.5,COVER,2,1,,0,-,0,NO CUBIERTO,0.5 → 1,NO CUBIERTO,0.5 → 1,0
2795198,Hajduk Split,HNK Vukovar 91,1.5,2.75,COVER,2,1,1,47,1.25,49,N/A,N/A,NO CUBIERTO,-1.5 → 1.5,0.5
2789025,Ujpesti,Kazincbarcika,1.25,3,COVER,2,1,0.5,6,1.75,66,N/A,N/A,NO CUBIERTO,-0.5 → 1.25,0.75
2911188,Tau calcio,Gavorrano,1.0,2.5,COVER,6,1,1.5,-7,-,0,N/A,N/A,N/A,N/A,-0.5
2911186,Scandicci,Poggibonsi,1.0,2.25,COVER,1,1,-,0,1.5,-7,PUSH,0.25 → 1,N/A,N/A,0
2911183,Grosseto,Ghivizzano,1.0,2.5,COVER,1,0,0.75,-5,0.25,13,CUBIERTO,0.5 → 1,N/A,N/A,0.25
2840485,Vicenza,Triestina,1.25,2.5,COVER,1,0,1,36,0.25,5,NO CUBIERTO,1.25 → 1.25,NO CUBIERTO,1.25 → 1.25,0.25
2912575,Macuba WFC (W),Forever WFC（W）,1.0,2.5,COVER,2,2,0.25,5,0.25,12,N/A,N/A,N/A,N/A,0.75
2790850,Feyenoord,FC Twente Enschede,1.0,3,COVER,1,1,2.25,26,0,-10,PUSH,0.75 → 1,CUBIERTO,0 → 1,-1.25
2912548,Kyanos Astir Varis,Ilisiakos FC,1.0,2.25,COVER,0,0,-0.25,-21,0.75,39,N/A,N/A,NO CUBIERTO,0 → 1,1.25
2912544,Doxa Dramas,Apollon Krya Vrysi,1.5,2.75,COVER,3,2,1.5,-8,0.75,1,N/A,N/A,NO CUBIERTO,-0.75 → 1.5,0.0
2910532,Manchester United (W),Tottenham Hotspur  (W),1.25,3,COVER,2,1,,0,-1,-15,NO CUBIERTO,1.25 → 1.25,NO CUBIERTO,1.25 → 1.25,0
2912539,Aris Petroupolis,AOM Asteras Kaisarianis,1.5,2.5,COVER,4,0,1.75,16,0.25,-4,N/A,N/A,N/A,N/A,-0.25
2909513,Sepahan,Kheybar Khorramabad,1.0,2,NO_COVER,1,3,,0,,0,CUBIERTO,1.5 → 1,N/A,N/A,0
2889225,Panionios,Egaleo Athens,1.75,2.5,COVER,1,0,1,8,0.75,-27,NO CUBIERTO,1.25 → 1.75,NO CUBIERTO,-0.75 → 1.75,0.75
2889221,Hellas Syrou,Ilioupoli,1.25,2.5,COVER,1,1,0.5,0,0,-32,N/A,N/A,NO CUBIERTO,0 → 1.25,0.75
2815887,Corum Belediyespor,Sakaryaspor,1.25,2.75,COVER,2,0,0.25,-3,1,9,NO CUBIERTO,0.25 → 1.25,NO CUBIERTO,0.25 → 1.25,1.0
2793157,Yverdon,FC Rapperswil-Jona,1.0,3,COVER,1,0,0.25,-4,1.25,11,CUBIERTO,0.75 → 1,CUBIERTO,-0.25 → 1,0.75
2852488,Al Ula FC,Al-Jndal,1.0,2.5,COVER,5,1,1.5,30,0.25,11,N/A,N/A,N/A,N/A,-0.5
2791864,Club Brugge,KAA Gent,1.25,3.25,COVER,2,1,1.25,73,1.25,65,CUBIERTO,1.5 → 1.25,NO CUBIERTO,-1 → 1.25,0.0
2906693,Al-Ansar (LIB),Al-Mabarrah,1.75,2.75,COVER,2,0,0.5,0,1.25,0,NO CUBIERTO,1.25 → 1.75,NO CUBIERTO,1.25 → 1.75,1.25
2912525,Ethnikos OFPF,Mykonos,1.0,2.25,COVER,2,2,0.5,25,0.5,33,N/A,N/A,N/A,N/A,0.5
2821985,Kutahyaspor,Efeler 09,1.5,2.75,COVER,3,1,0.5,-6,0.5,-6,N/A,N/A,N/A,N/A,1.0
2826277,Persib Bandung,Bhayangkara Solo FC,1.25,2.25,COVER,2,0,0.5,6,0,10,NO CUBIERTO,1.5 → 1.25,NO CUBIERTO,1.5 → 1.25,0.75
2819277,Isparta 32 Spor,Arnavutkoy Belediyespor,1.0,2.75,PUSH,0,1,0.75,8,-0.25,10,NO CUBIERTO,0.25 → 1,NO CUBIERTO,0.25 → 1,0.25
2818948,Ankaragucu,Erbaaspor S,1.75,3.25,COVER,1,0,2,-6,1.25,14,NO CUBIERTO,1.5 → 1.75,NO CUBIERTO,1.5 → 1.75,-0.25
2801291,Fiorentina U20,Cagliari U20,1.0,2.5,PUSH,0,1,-,0,1.25,3,CUBIERTO,1.25 → 1,CUBIERTO,1.25 → 1,0
2912596,Sevilla U19,Vazquez Cultural U19,1.5,3,COVER,3,0,1.5,49,1,18,CUBIERTO,1.5 → 1.5,CUBIERTO,1.5 → 1.5,0.0
2912690,CD Masriver W,Colmenar Viejo (W),1.0,3.5,PUSH,0,1,0.75,0,,0,N/A,N/A,N/A,N/A,0.25
2837558,Ascoli,Nuovo Campobasso,1.0,2.5,COVER,0,0,0.5,-7,-0.25,-9,NO CUBIERTO,0.25 → 1,NO CUBIERTO,0.25 → 1,0.5
2912615,Real Betis U19,CD Mosquito U19,1.5,3,COVER,4,0,1,30,0.25,2,N/A,N/A,N/A,N/A,0.5
2912060,Juventus (W) U19,Genoa (W) U19,1.0,3.5,COVER,2,1,0.75,3,,0,N/A,N/A,N/A,N/A,0.25
2912590,Barcelona U19,CE Constancia U19,1.75,3.25,COVER,4,0,1.5,5,1.75,36,CUBIERTO,2.75 → 1.75,CUBIERTO,2.75 → 1.75,0.25
2911225,Braga (W),Racing Power (W),1.0,2.75,COVER,0,0,-0.5,35,-0.5,14,CUBIERTO,0.25 → 1,CUBIERTO,0.25 → 1,1.5
2872887,Besiktas (W),Unye Gucu FK (W),1.5,3,COVER,2,0,-1.25,-16,-0.25,9,NO CUBIERTO,1.75 → 1.5,NO CUBIERTO,1.75 → 1.5,2.75
2863155,Gimnastica Torrelavega,Castro,1.5,2.5,COVER,4,0,-,0,0,-8,NO CUBIERTO,1.75 → 1.5,N/A,N/A,0
2844263,Phnom Penh FC,Boeung Ket,1.0,3,COVER,1,0,1,-9,0.25,26,PUSH,1.5 → 1,NO CUBIERTO,-0.5 → 1,0.0
2878165,Molinense,SFC Minerva,1.0,2.25,COVER,5,1,0.5,-3,0.25,25,NO CUBIERTO,1.5 → 1,NO CUBIERTO,1.5 → 1,0.5
2912483,Citta di Anagni,SSD Ferentino Calcio,1.0,2.5,COVER,0,0,0.25,19,,0,N/A,N/A,N/A,N/A,0.75
2912711,ASD Salaria FC,ASD Aurelia Antico Aurelio,1.5,2.75,COVER,0,1,-0.5,7,2.25,0,N/A,N/A,N/A,N/A,2.0
2912710,ASD Aranova,FC Rieti 1936,1.0,2.5,PUSH,1,2,2.25,0,-0.25,-8,N/A,N/A,N/A,N/A,-1.25
2912564,Delhi SA,Jharkhand FA,1.5,3.25,COVER,8,1,-0.25,20,-0.5,-8,N/A,N/A,N/A,N/A,1.75
2801287,AS Roma U20,Verona U20,1.0,2.75,COVER,1,0,1,12,0.5,26,NO CUBIERTO,1.25 → 1,PUSH,-0.5 → 1,0.0
2907112,Prime Bangkok FC,Royal Thai Fleet United,1.0,2.5,COVER,3,2,0.5,-26,,0,N/A,N/A,N/A,N/A,0.5
2869059,Yau Tsim Mong,Kowloon Cricket Club,1.0,3.25,NO_COVER,0,3,0.5,-9,0.75,12,PUSH,0.25 → 1,CUBIERTO,-1 → 1,0.5
2866754,WSE,Hoi Jing,1.25,3.75,COVER,4,2,1.25,32,0,-3,CUBIERTO,-0.5 → 1.25,CUBIERTO,-0.5 → 1.25,0.0
2912654,Bali United U20,Madura United U20,1.0,2.75,COVER,3,1,1,0,1,0,CUBIERTO,1 → 1,CUBIERTO,1 → 1,0.0
2869057,Wing Yee FT,Tuen Mun Football Team,1.0,3.25,COVER,2,1,0.75,13,0.75,1,NO CUBIERTO,-1.75 → 1,NO CUBIERTO,2 → 1,0.25
2912610,SV Leo Victor,FC Inter Wanica,1.0,3,COVER,3,0,1.25,-2,0,17,N/A,N/A,N/A,N/A,-0.25
2912646,Alianza FC San Salvador (W),Municipal Limeno (W),1.5,3.5,COVER,2,1,3.25,14,-1.5,0,CUBIERTO,1.5 → 1.5,CUBIERTO,1.5 → 1.5,-1.75
2913999,Scherpenheuvel,Centro Social Dep Barber,1.5,3,COVER,1,0,1.25,0,1.25,0,NO CUBIERTO,0 → 1.5,NO CUBIERTO,0 → 1.5,0.25
2912613,Racing Club Aruba,SV River Plate,1.75,3.75,COVER,3,2,1.75,39,2,0,NO CUBIERTO,4.75 → 1.75,NO CUBIERTO,4.75 → 1.75,0.0
2912647,Inter Willemstad,SV UNDEBA,1.5,3.25,COVER,5,0,1,0,1.25,0,NO CUBIERTO,0.75 → 1.5,NO CUBIERTO,-0.5 → 1.5,0.5
2912593,Inter Moengo Tapoe,SV Flora,1.25,3.25,COVER,3,2,-0.75,2,3.75,20,N/A,N/A,N/A,N/A,2.0
2867135,UE Cornella,CE Europa B,1.0,2.5,COVER,2,2,0.5,5,0.5,1,N/A,N/A,N/A,N/A,0.5
2912617,Hapoel Hod Hasharon U19,Maccabi Beer Sheva U19,1.0,3,COVER,5,2,0,-20,0.75,66,N/A,N/A,N/A,N/A,1.0
2879279,Caudal,SD Navarro CF,1.25,2.75,COVER,2,1,0.75,22,0.25,-37,NO CUBIERTO,0.75 → 1.25,NO CUBIERTO,0.75 → 1.25,0.5
2912614,FC Kallon,Freetown City,1.0,2.25,NO_COVER,1,3,0.25,-3,1.5,19,N/A,N/A,PUSH,-0.75 → 1,0.75
2912581,Djoliba,Onze Createurs,1.0,1.75,COVER,1,0,1.5,-4,0,1,NO CUBIERTO,0.5 → 1,CUBIERTO,-0.75 → 1,-0.5
2912595,Espanyol U19,UD Cornella U19,1.75,3,COVER,2,1,1.5,26,1.5,34,CUBIERTO,2.25 → 1.75,CUBIERTO,2.25 → 1.75,0.25
2865210,Sant Andreu,Castellon B,1.25,3,COVER,3,0,0.5,20,1,16,N/A,N/A,N/A,N/A,0.75
2788678,Egypt,Zimbabwe,1.25,2.25,COVER,2,1,1.25,67,0.75,16,NO CUBIERTO,1.5 → 1.25,NO CUBIERTO,1.5 → 1.25,0.0
2914015,Cliftonville Reserves,Carrick Rangers Reserves,1.5,4.25,COVER,4,1,0.75,22,1.75,57,CUBIERTO,1.75 → 1.5,NO CUBIERTO,-1.75 → 1.5,0.75
2912056,Bolivar,Nacional Potosi,1.5,3.75,NO_COVER,1,4,2,32,1,34,CUBIERTO,1.75 → 1.5,CUBIERTO,-0.25 → 1.5,-0.5
2814856,Benfica,FC Famalicao,1.5,3,COVER,1,0,0,4,-0.5,-22,CUBIERTO,1.5 → 1.5,CUBIERTO,1.5 → 1.5,1.5
2857420,West Bromwich U21,Luton Town U21,1.25,3,COVER,4,3,0,-29,-,-13,N/A,N/A,CUBIERTO,-1 → 1.25,1.25
2842432,USM Alger,MB Rouissat,1.0,2.25,COVER,2,0,1.25,34,0.5,-4,CUBIERTO,2.5 → 1,CUBIERTO,2.5 → 1,-0.25
2797233,CS Universitatea Craiova,FK Csikszereda Miercurea Ciuc,1.75,3,COVER,5,0,0.25,42,1.25,11,N/A,N/A,NO CUBIERTO,-0.75 → 1.75,1.5
2855946,Maccabi Petah Tikva FC,Hapoel Kfar Shalem,1.25,3.25,COVER,2,1,1.25,38,0,-1,NO CUBIERTO,0.75 → 1.25,NO CUBIERTO,-0.75 → 1.25,0.0
2914448,Etehad Alreef,Al-Tadhmon,1.0,3,COVER,1,0,-2.25,-49,,0,NO CUBIERTO,0.75 → 1,CUBIERTO,-0.25 → 1,3.25
2827154,Omonia Nicosia FC,Ethnikos Achnas FC,1.75,3.25,COVER,4,0,1.75,22,0,-71,CUBIERTO,1.5 → 1.75,NO CUBIERTO,-1 → 1.75,0.0
2870279,Medeama SC,Basake Holy Stars FC,1.25,2.25,COVER,1,1,1,0,1,27,NO CUBIERTO,0.75 → 1.25,NO CUBIERTO,0.75 → 1.25,0.25
2914022,Sporting Lagos FC,Ekiti United FC,1.0,2,COVER,2,1,0.75,12,,0,N/A,N/A,N/A,N/A,0.25
2837369,Al-Seeb,Bahla,1.0,2.25,COVER,2,0,1.25,5,-0.75,-6,NO CUBIERTO,1.25 → 1,NO CUBIERTO,1.25 → 1,-0.25
2903847,Pyramids FC,FC Masar,1.5,2.5,COVER,2,0,,0,,0,N/A,N/A,N/A,N/A,0
2911243,Al-Yarmouk,Sporty,1.5,2.75,COVER,3,0,0.25,-11,0,-20,N/A,N/A,CUBIERTO,-0.5 → 1.5,1.25
2838975,Famalicao U23,Maritimo U23,1.0,2.75,COVER,6,2,0.5,21,0.25,44,NO CUBIERTO,0.25 → 1,CUBIERTO,-0.25 → 1,0.5
2819278,Kirklarelispor,Celspor,1.0,2.5,COVER,1,1,1,28,-0.5,-16,PUSH,-0.75 → 1,CUBIERTO,-0.25 → 1,0.0
2839046,Benfica U23,Estoril U23,1.0,2.75,COVER,1,0,1.25,-9,-0.25,6,CUBIERTO,1.25 → 1,NO CUBIERTO,-1.75 → 1,-0.25
2832018,Farnham Town,Plymouth Parkway,1.25,3.25,COVER,4,0,0.5,0,0.25,0,N/A,N/A,N/A,N/A,0.75
2894738,Arsenal,Crystal Palace,1.0,2.5,COVER,1,1,1,4,1.5,-18,PUSH,1 → 1,PUSH,1 → 1,0.0
2842393,MC Alger,ES Ben Aknoun,1.25,2.25,COVER,1,0,0.75,21,1.25,34,CUBIERTO,1.25 → 1.25,CUBIERTO,-1 → 1.25,0.5
2870765,AS Tel Aviv University (W),Maccabi Holon FC (W),1.25,2.75,NO_COVER,0,2,2.75,42,-1.75,4,N/A,N/A,NO CUBIERTO,-1 → 1.25,-1.5
2860727,Al Hussein Irbid,FC Ahal,1.5,3,COVER,3,1,-0.25,-17,2.5,92,N/A,N/A,CUBIERTO,-1.25 → 1.5,1.75
2914757,FC Masar (W),Wadi Degla (W),1.25,3.25,COVER,6,4,2.5,88,-2,-29,N/A,N/A,N/A,N/A,-1.25
2822363,Terengganu,Sabah,1.0,3.5,NO_COVER,1,3,0,11,-0.5,3,NO CUBIERTO,0.5 → 1,NO CUBIERTO,0.5 → 1,1.0
2838038,Phrae United FC,Songkhla FC,1.0,2.5,COVER,1,1,0.25,-20,0.25,9,N/A,N/A,N/A,N/A,0.75
2914478,Persika Karanganyar,Sang Maestro,1.0,2,PUSH,2,3,0.5,13,0.5,13,CUBIERTO,0.5 → 1,CUBIERTO,0.5 → 1,0.5
2788696,Algeria,Sudan,1.25,2.5,COVER,3,0,0.5,-1,0,-6,NO CUBIERTO,1 → 1.25,NO CUBIERTO,1 → 1.25,0.75
2788702,Ivory Coast,Mozambique,1.0,2.25,COVER,1,0,2.5,44,0.25,33,CUBIERTO,1.5 → 1,CUBIERTO,1.5 → 1,-1.5
2858920,Ratchaburi FC,Chiangrai United,1.0,2.75,PUSH,1,2,1,59,1.25,10,PUSH,1 → 1,PUSH,-0.25 → 1,0.0
2909157,76 Igdir Belediye spor,Aliaga FUTBOL AS,1.0,2.75,COVER,2,2,1.5,33,1,20,N/A,N/A,N/A,N/A,-0.5
2914452,Osaka Taiiku University (W),Niigata University of Health and Welfare (W),1.5,2.75,COVER,1,0,1,-29,1,32,N/A,N/A,N/A,N/A,0.5
2860704,Al-Wasl,Al Wehdat SC,1.5,3.25,COVER,2,1,1,57,1.25,22,N/A,N/A,NO CUBIERTO,-1.25 → 1.5,0.5
2914811,Maccabi Haifa U19,Hapoel Raanana Roei U19,1.75,3.25,COVER,4,0,1.5,5,0.25,62,CUBIERTO,0.75 → 1.75,CUBIERTO,0.75 → 1.75,0.25
2909174,Keciorengucu,Halide Edip Adivarspor,1.0,2.5,COVER,3,1,-0.25,79,0.5,14,CUBIERTO,0.75 → 1,CUBIERTO,0.75 → 1,1.25
2914499,Addis Ketema,Nifas Silk Lafto Sub City,1.0,2.25,PUSH,0,1,0,0,0.75,0,N/A,N/A,N/A,N/A,1.0
2838814,FK Vora,KS Bylis,1.25,2.5,COVER,4,1,-0.25,-21,0.75,57,N/A,N/A,NO CUBIERTO,0.25 → 1.25,1.5
2858950,BG Pathum United,DP Kanchanaburi,1.25,3,COVER,2,1,0.5,-22,0.5,3,N/A,N/A,N/A,N/A,0.75
2896752,Hapoel Bnei Sakhnin FC,Maccabi Kabilio Jaffa,1.5,2.75,NO_COVER,0,2,0,-12,0.25,6,N/A,N/A,N/A,N/A,1.5
2896741,Hapoel Petah Tikva,Hapoel Ironi Karmiel,1.5,2.75,COVER,2,1,0.25,-12,0.25,21,N/A,N/A,N/A,N/A,1.25
2852496,Al-Wehda,Jubail,1.0,2.5,COVER,2,1,0,-25,0.25,36,N/A,N/A,N/A,N/A,1.0
2852152,Neom SC,Al Najma(KSA),1.0,3,COVER,2,1,-1.5,-14,0.25,35,CUBIERTO,0.5 → 1,CUBIERTO,0.5 → 1,2.5
2914918,KVZSC,New King,1.0,2.25,COVER,1,0,0.5,-17,0.25,-7,N/A,N/A,N/A,N/A,0.5
2914906,Trabzonspor U19,Eyupspor U19,1.5,3,COVER,4,0,0.75,-17,0.25,-7,CUBIERTO,1.25 → 1.5,CUBIERTO,1.25 → 1.5,0.75
2788674,Morocco,Mali,1.25,2.25,COVER,1,1,1.75,76,0.75,7,CUBIERTO,1 → 1.25,CUBIERTO,-0.5 → 1.25,-0.5
2892688,AC Port Of Spain,La Horquetta Rangers FC,1.5,3.25,COVER,1,1,1.25,23,0.25,10,NO CUBIERTO,1.25 → 1.5,NO CUBIERTO,-0.5 → 1.5,0.25
2820867,Maidenhead United,Slough Town,1.25,3,NO_COVER,1,3,0.25,-9,0.75,-5,N/A,N/A,NO CUBIERTO,0.25 → 1.25,1.0
2798819,Salford City,Harrogate Town,1.25,3,COVER,1,0,0.25,-2,0.5,3,CUBIERTO,0.5 → 1.25,CUBIERTO,-0.25 → 1.25,1.0
2798281,Coventry City,Swansea City,1.0,2.75,COVER,1,0,1,32,0.75,-1,NO CUBIERTO,0.25 → 1,NO CUBIERTO,0.5 → 1,0.0
2797718,Cardiff City,Exeter City,1.0,2.75,COVER,1,0,0.75,7,1.25,51,N/A,N/A,PUSH,-0.5 → 1,0.25
2797710,Bolton Wanderers,Rotherham United,1.25,2.75,COVER,2,1,1.25,51,0.25,-17,NO CUBIERTO,1 → 1.25,NO CUBIERTO,1 → 1.25,0.0
2794427,Loughgall FC,Armagh City,1.5,3,COVER,2,1,0.5,0,1.75,0,N/A,N/A,NO CUBIERTO,-0.75 → 1.5,1.0
2794426,Limavady United,Institute FC,1.25,3,COVER,1,0,1.75,0,0.25,0,N/A,N/A,N/A,N/A,-0.5
2793867,Cliftonville,Crusaders,1.0,2.75,PUSH,1,2,1.25,25,1.5,21,PUSH,0 → 1,PUSH,0 → 1,-0.25
2824042,Haverfordwest County,Llanelli,1.75,3,COVER,3,0,0,12,1.5,45,NO CUBIERTO,1.5 → 1.75,NO CUBIERTO,-0.25 → 1.75,1.75
2902791,Biskra,CR Beni Thour,1.5,2.5,COVER,0,1,1.25,29,0.5,43,N/A,N/A,N/A,N/A,0.25
2824043,Pen-y-Bont FC,Briton Ferry Athletic,1.75,3.5,COVER,1,1,0.5,11,0.5,-5,NO CUBIERTO,1.25 → 1.75,CUBIERTO,-1 → 1.75,1.25
2906698,Al-Ansar (LIB),Tadamon Sour,1.75,2.75,COVER,2,0,1.75,8,-1,-37,CUBIERTO,2 → 1.75,CUBIERTO,2 → 1.75,0.0
2902785,IB Khemis El Khechna,HB Chelghoum Laid,1.0,2,COVER,2,0,-0.25,-14,1.25,34,NO CUBIERTO,1.25 → 1,NO CUBIERTO,1.25 → 1,1.25
2902784,CA Batna,AS Khroub,1.0,2.25,COVER,1,0,1,0,1,60,CUBIERTO,-0.25 → 1,CUBIERTO,-0.25 → 1,0.0
2806291,Llandudno,Buckley Town,1.75,3.5,COVER,5,0,1.75,25,-0.75,-15,NO CUBIERTO,0.5 → 1.75,NO CUBIERTO,-1 → 1.75,0.0
2842485,JS Saoura,El Bayadh,1.0,2.25,COVER,2,1,1,-3,0.75,-6,PUSH,0.5 → 1,NO CUBIERTO,0.25 → 1,0.0
2794423,Annagh United,Ballinamallard United,1.25,3,COVER,0,1,1.5,0,-0.25,0,NO CUBIERTO,1 → 1.25,N/A,N/A,-0.25
2820864,Ebbsfleet United,Tonbridge Angels,1.0,2.75,COVER,1,0,0,21,1.25,45,NO CUBIERTO,1 → 1,CUBIERTO,-0.5 → 1,1.0
2867463,Dubai United,Masfut,1.5,3,COVER,0,0,0.25,0,1.25,14,NO CUBIERTO,0.25 → 1.5,CUBIERTO,-0.5 → 1.5,1.25
2867461,Hatta,Al-Ittifaq(UAE),1.75,3,COVER,0,1,0.25,-4,1.5,18,N/A,N/A,N/A,N/A,1.5
2914940,Palm Hills (W),RA Sporting Club (W),1.5,3.25,COVER,3,1,1.25,0,-0.25,11,N/A,N/A,N/A,N/A,0.25
2903849,ZED FC,Alo Egypt,1.5,2.75,COVER,1,0,0,-29,0,17,N/A,N/A,N/A,N/A,1.5
2914947,Hapoel Ironi Or Akiva,Tzeirey Kafr Kana,1.0,3.75,COVER,2,0,1,100,-0.5,-8,N/A,N/A,N/A,N/A,0.0
2896749,Maccabi Herzliya,Kfar Saba 1928,1.25,2.75,COVER,4,1,0.25,2,1.25,0,N/A,N/A,N/A,N/A,1.0
2914951,Hapoel Hod HaSharon,Ironi Beit Dagan,1.0,2.75,COVER,3,3,1.25,-8,-0.75,-14,NO CUBIERTO,0.25 → 1,PUSH,-0.75 → 1,-0.25
2896751,Kafr Qasim,Hapoel Holon Yaniv,1.25,2.75,COVER,3,1,0.25,-16,-1,-15,CUBIERTO,0.75 → 1.25,CUBIERTO,0.75 → 1.25,1.0
2915035,Foolad Khuzestan B,Sepidrood Rasht,1.0,2.25,COVER,1,0,0.25,15,0.25,-18,NO CUBIERTO,0 → 1,NO CUBIERTO,0.25 → 1,0.75
2914938,CEA Setif (W),FC Bejaia(W),1.5,3,COVER,1,0,-1.75,-71,0.75,30,N/A,N/A,NO CUBIERTO,-0.5 → 1.5,3.25
2914946,Ihud Bnei Avtin,Maccabi Bnei Abu Snan,1.0,3.5,NO_COVER,0,3,1,-14,1.25,-3,PUSH,1 → 1,PUSH,1 → 1,0.0
2914944,AS Holon Mor,Hapoel Kfar Qasm Shuaa,1.0,3.25,COVER,0,0,-0.25,-13,1.25,-8,CUBIERTO,0.5 → 1,CUBIERTO,0.5 → 1,1.25
2914981,Tokyo Intl Univ (W),Shizuoka Sangyo University (W),1.0,3.25,COVER,3,0,1.5,45,-1.25,-34,N/A,N/A,N/A,N/A,-0.5
2914980,Yamanashi Gakuin University (W),Otemon Gakuin University (W),1.0,3,COVER,2,0,0.5,3,-1.25,-95,N/A,N/A,N/A,N/A,0.5
2915363,SV Transvaal,Broki,1.25,3.25,COVER,1,1,0.75,6,0.75,0,N/A,N/A,N/A,N/A,0.5
2914902,International San Carlos,AD Cofutpa,1.5,2.75,COVER,3,1,1.25,13,0.75,41,NO CUBIERTO,1.25 → 1.5,NO CUBIERTO,-0.5 → 1.5,0.25
2852148,Al-Ittihad,Al-Shabab,1.25,3.25,COVER,2,0,1.5,11,-0.5,-6,CUBIERTO,1 → 1.25,CUBIERTO,1 → 1.25,-0.25
2814862,FC Famalicao,Estrela da Amadora,1.0,2.5,PUSH,2,3,0.5,3,2,62,NO CUBIERTO,0.5 → 1,NO CUBIERTO,0.5 → 1,0.5
2915175,LPRC Oilers,Jubilee FC,1.75,2.75,COVER,3,1,0.25,3,2.5,3,NO CUBIERTO,1 → 1.75,NO CUBIERTO,1 → 1.75,1.5
2914870,Rayon Sports FC,Etincelles,1.0,2,COVER,1,1,0.5,28,0.5,22,PUSH,1 → 1,PUSH,-0.75 → 1,0.5
2839576,Palermo,Padova,1.0,2.5,COVER,1,0,0.75,-13,0.25,21,PUSH,0.25 → 1,PUSH,0.25 → 1,0.25
2915056,Stade Malien de Bamako,Derby Academie,1.25,2.25,COVER,3,0,1,0,1.5,-4,N/A,N/A,N/A,N/A,0.25
2915184,Bognor Regis Town,Fareham Town,1.0,3.25,COVER,2,1,0.5,8,0.5,0,N/A,N/A,N/A,N/A,0.5
2915093,Waltham Abbey,Walthamstow,1.0,2.5,COVER,1,0,0.25,-1,0.75,11,CUBIERTO,0.5 → 1,CUBIERTO,0.5 → 1,0.75
2915092,Cambridge City,Takeley,1.0,3,COVER,3,1,0,3,1,8,N/A,N/A,N/A,N/A,1.0
2903843,Al Ahly SC,Telecom Egypt,1.5,2.5,COVER,1,1,0.25,40,0.25,24,NO CUBIERTO,1.75 → 1.5,NO CUBIERTO,1.75 → 1.5,1.25
2859855,Bendel Insurance,Kwara United,1.0,2,COVER,2,0,1,22,0.75,18,CUBIERTO,0.75 → 1,PUSH,0.75 → 1,0.0
2843040,Spalding United,Stamford,1.75,3.25,COVER,3,0,0.75,0,0.75,-4,CUBIERTO,0.25 → 1.75,CUBIERTO,-0.5 → 1.75,1.0
2832111,Sholing FC,Basingstoke Town,1.0,2.75,NO_COVER,1,4,0.75,0,0.25,0,NO CUBIERTO,0.25 → 1,NO CUBIERTO,0.25 → 1,0.25
2832110,Plymouth Parkway,Tiverton Town,1.0,3,PUSH,1,2,0,0,1.5,0,NO CUBIERTO,0.5 → 1,NO CUBIERTO,0.5 → 1,1.0
2828331,Cleethorpes Town,Workington,1.0,2.5,COVER,2,1,0.25,0,0.75,0,N/A,N/A,N/A,N/A,0.75
2794425,HW Welders,Dundela,1.5,3.5,COVER,4,0,0.5,11,1.5,0,N/A,N/A,N/A,N/A,1.0
2792232,East Fife,Kelty Hearts,1.0,2.75,PUSH,0,1,0.5,-18,1,6,PUSH,0.25 → 1,CUBIERTO,-0.5 → 1,0.5
2789299,Arsenal,Brighton Hove Albion,1.25,2.75,COVER,2,1,1.75,61,0.75,-20,CUBIERTO,1 → 1.25,CUBIERTO,1 → 1.25,-0.5
2789304,Liverpool,Wolves,1.75,3.25,COVER,2,1,0.75,-20,1.75,61,NO CUBIERTO,2.25 → 1.75,NO CUBIERTO,2.25 → 1.75,1.0
2915040,Hapoel Tel Aviv U19,Ashdod MS U19,1.0,3,COVER,2,0,1.25,3,-0.5,-4,NO CUBIERTO,0.25 → 1,PUSH,0.25 → 1,-0.25
2839579,Venezia,ACD Virtus Entella,1.0,2.5,COVER,1,0,0.25,-7,0,-2,PUSH,0.75 → 1,PUSH,0.75 → 1,0.75
2806296,Guilsfield,Penrhyncoch,1.5,3.25,COVER,0,1,0,22,1.75,-15,CUBIERTO,0.5 → 1.5,NO CUBIERTO,-0.5 → 1.5,1.5
2915180,Zimamoto SC,Polisi SC,1.0,2,COVER,1,0,0.75,-13,0.5,6,N/A,N/A,N/A,N/A,0.25
2902943,USM EL HARRACH,GC Mascara,1.75,2.5,COVER,4,1,1.75,51,1.25,4,N/A,N/A,N/A,N/A,0.0
2902941,RC Kouba,ASM Oran,1.0,2,COVER,0,0,1,35,0.5,21,NO CUBIERTO,0.75 → 1,NO CUBIERTO,-0.25 → 1,0.0
2852150,Al Qadsiah,Damac FC,1.25,2.75,COVER,1,1,1.25,-11,0.25,0,NO CUBIERTO,1 → 1.25,NO CUBIERTO,-1 → 1.25,0.0
2815903,Belediye Vanspor,Hatayspor,1.75,3.25,COVER,4,0,1,27,1.5,12,N/A,N/A,N/A,N/A,0.75
2912675,Bangkok FC,Muang Thong United,1.0,3,NO_COVER,0,4,0.25,9,0.5,-22,N/A,N/A,N/A,N/A,0.75
2826218,Persib Bandung,PSM Makassar,1.0,2.5,COVER,1,0,1.25,-1,-0.25,-26,PUSH,0.5 → 1,PUSH,0.5 → 1,-0.25
2844265,Phnom Penh FC,Tiffy Army FC,1.75,3.25,COVER,3,2,1,-12,1,41,CUBIERTO,2.75 → 1.75,NO CUBIERTO,-1.5 → 1.75,0.75
2915043,Hapoel Nir Ramat Hasharon U19,Hapoel Akko U19,1.5,3.25,NO_COVER,5,7,-1,0,1.75,5,N/A,N/A,N/A,N/A,2.5
2915079,CF Akbou (W),JF Khroub(W),1.75,3.5,COVER,1,0,2.25,108,-1.75,-71,CUBIERTO,0.5 → 1.75,CUBIERTO,0.5 → 1.75,-0.5
2915073,East Bengal Club (W),Garhwal (W),1.5,3.25,COVER,2,1,1,42,0,30,N/A,N/A,N/A,N/A,0.5
2903857,Adhyaksa Farmel FC,Persekat Tegal,1.25,2.5,COVER,0,1,0.75,18,0.75,1,NO CUBIERTO,0.75 → 1.25,NO CUBIERTO,0 → 1.25,0.5
2915522,Sportvereniging Notch,FC Inter Wanica,1.25,3,COVER,3,0,0.75,0,1,30,N/A,N/A,N/A,N/A,0.5
2908042,Marathon,Olancho FC,1.0,2.75,COVER,2,1,0.75,13,0.25,3,PUSH,0.75 → 1,CUBIERTO,-0.25 → 1,0.25
2859858,Ikorodu City FC,Remo Stars,1.0,2,COVER,1,0,1.5,74,0.5,48,NO CUBIERTO,0.5 → 1,N/A,N/A,-0.5
2915359,AS Douanes Nouakchott,Kaedi FC,1.0,2.5,COVER,1,0,1,-19,0.75,-10,CUBIERTO,0.25 → 1,CUBIERTO,0.25 → 1,0.0
2870282,Asante Kotoko FC,Bechem United,1.0,2,COVER,6,0,1.25,23,0.5,-3,NO CUBIERTO,0.75 → 1,NO CUBIERTO,0.75 → 1,-0.25
2885994,Al-Muharraq,Najma Manama,1.5,3,COVER,2,0,1.25,33,0.25,16,CUBIERTO,1.5 → 1.5,CUBIERTO,1.5 → 1.5,0.25
2915512,ASN Nigelec,Urana,1.0,2,COVER,2,2,0.25,20,0.25,25,NO CUBIERTO,0.5 → 1,NO CUBIERTO,0.5 → 1,0.75
2915039,Hapoel Raanana Roei U19,Maccabi Herzliya U19,1.0,3,COVER,1,1,1,24,1.75,32,N/A,N/A,N/A,N/A,0.0
2859863,Rivers United,Enugu Rangers International,1.0,2,COVER,1,0,1.5,41,1,22,PUSH,1 → 1,PUSH,1 → 1,-0.5
2859861,Niger Tornadoes FC,Barau FC,1.0,2,COVER,2,0,1.25,11,1.25,34,N/A,N/A,N/A,N/A,-0.25
2806157,Al Duhail,Qatar SC,1.25,3.25,COVER,1,0,1.25,37,0.75,1,CUBIERTO,1.75 → 1.25,CUBIERTO,1.75 → 1.25,0.0
2901960,Al Wahda(UAE),Khor Fakkan,1.25,3,COVER,1,0,0.75,30,-0.25,34,NO CUBIERTO,1.25 → 1.25,NO CUBIERTO,-1 → 1.25,0.5
2914904,Hong Kong,guangdong,1.0,3,COVER,2,2,0,-3,0,-3,NO CUBIERTO,0 → 1,NO CUBIERTO,0 → 1,1.0
2818963,Muglaspor,Kastamonuspor,1.0,2.5,COVER,1,1,1.75,60,-0.25,0,N/A,N/A,N/A,N/A,-0.75
2844268,Angkor Tiger FC,Kirivong Sok Sen Chey,1.5,3.5,COVER,0,0,1.75,57,0.5,40,CUBIERTO,4.25 → 1.5,CUBIERTO,-2 → 1.5,-0.25
2844267,Nagaworld FC,ISI Dangkor Senchey FC,1.75,3.25,COVER,1,1,-1.5,-37,-0.25,-67,CUBIERTO,0.25 → 1.75,CUBIERTO,0 → 1.75,3.25
2784646,AC Milan,Verona,1.25,2.5,COVER,3,0,1.25,15,0.75,45,NO CUBIERTO,1.5 → 1.25,NO CUBIERTO,1.5 → 1.25,0.0
2844266,Visakha FC,MOI Kompong Dewa FC,1.0,3,PUSH,0,1,1,41,3,41,CUBIERTO,4.5 → 1,NO CUBIERTO,-3 → 1,0.0
2915479,Bakirkoy Kadin (W),Soma Zaferspor (W),1.5,3.5,COVER,3,0,2.75,45,-0.75,13,N/A,N/A,N/A,N/A,-1.25
2815897,Keciorengucu,Umraniyespor,1.25,2.75,COVER,3,1,0.25,-10,1,27,NO CUBIERTO,0.5 → 1.25,NO CUBIERTO,0.5 → 1.25,1.0
2871706,Melbourne City,Perth Glory,1.0,3,NO_COVER,1,3,0.75,61,0.75,-3,CUBIERTO,1.25 → 1,CUBIERTO,1.25 → 1,0.25
2872070,Melbourne City (W),Perth Glory (W),1.75,3.25,COVER,3,1,0.75,36,1.25,8,CUBIERTO,1.5 → 1.75,CUBIERTO,-1.25 → 1.75,1.0
2916097,Treze Campina Grande PB,Vitoria PE,1.25,2.75,COVER,2,1,0.75,13,-0.5,-9,N/A,N/A,N/A,N/A,0.5
2915534,Larne Reserves,Glenavon Reserves,1.75,4,COVER,8,0,0.25,6,1.25,23,N/A,N/A,N/A,N/A,1.5
2915546,Linfield Reserves,Coleraine Reserves,1.5,4.25,COVER,4,1,1.25,14,-1,0,NO CUBIERTO,1 → 1.5,NO CUBIERTO,-1 → 1.5,0.25
2915535,Cliftonville Reserves,Portadown Reserves,1.25,4.25,COVER,0,0,1.5,33,0,0,N/A,N/A,CUBIERTO,-1 → 1.25,-0.25
2797722,Bolton Wanderers,Mansfield Town,1.0,2.75,PUSH,0,1,1.25,24,0.5,18,CUBIERTO,0.75 → 1,PUSH,-0.5 → 1,-0.25
2852161,Al-Taawoun,Al Najma(KSA),1.0,2.75,COVER,1,0,0.25,6,1,2,N/A,N/A,N/A,N/A,0.75
2842482,MC Alger,ES Setif,1.0,1.75,COVER,2,0,1.25,16,0.75,16,CUBIERTO,1.25 → 1,CUBIERTO,1.25 → 1,-0.25
2915554,Al Hilal Omdurman,AS Kigali,1.25,2.25,COVER,4,2,0.75,33,0,-14,N/A,N/A,N/A,N/A,0.5
2885993,Al Khaldiya,Al-Budaiya,1.5,3,COVER,3,1,0.75,-7,0.5,4,CUBIERTO,1.5 → 1.5,CUBIERTO,-2 → 1.5,0.75
2914889,Al Ain SCC U23,Al Nasr SC U23,1.0,3.25,COVER,2,0,0.5,36,0.25,2,CUBIERTO,1.25 → 1,CUBIERTO,1.25 → 1,0.5
2915540,Ironi Tiberias U19,Hapoel Beit Shean U19,1.5,3.5,COVER,3,1,0,9,3,37,NO CUBIERTO,0 → 1.5,NO CUBIERTO,0 → 1.5,1.5
2915538,Al-Wehdat Reserves,Al Salt Reserves,1.0,2.75,COVER,3,1,-0.25,-27,-1.25,-44,N/A,N/A,NO CUBIERTO,-0.75 → 1,1.25
2826214,Persija Jakarta,Bhayangkara Solo FC,1.0,2.5,COVER,3,0,1,58,1.25,-1,CUBIERTO,1 → 1,NO CUBIERTO,0 → 1,0.0
2916099,Mawyawadi,Kachin United FC,1.75,3.5,COVER,0,0,0.25,-4,1,16,NO CUBIERTO,0.75 → 1.75,NO CUBIERTO,-1 → 1.75,1.5
2903864,Garudayaksa,Persiraja Aceh,1.0,2.75,COVER,1,1,1.5,49,0.75,18,N/A,N/A,NO CUBIERTO,0.5 → 1,-0.5
2904302,Shaita Angels FC (W),Real Muja FC (W),2.5,3.5,COVER,2,0,1.5,28,-0.75,10,N/A,N/A,N/A,N/A,1.0
2900654,Zaglebie Lubin (Youth),Resovia Youth,2.75,3.75,COVER,2,0,0.5,-4,1.5,14,N/A,N/A,N/A,N/A,2.25
2804425,FC Barcelona,Alaves,2.0,3.5,COVER,3,1,1.25,5,0.25,21,NO CUBIERTO,1.75 → 2,NO CUBIERTO,1.75 → 2,0.75
2902726,U. Lamas,CD Gouveia,2.0,2.5,COVER,3,0,0.5,12,1,-17,N/A,N/A,N/A,N/A,1.5
2818079,York City,Aldershot Town,2.0,3.75,COVER,5,1,2,53,1.5,-22,CUBIERTO,1 → 2,CUBIERTO,1 → 2,0.0
2806404,Denmark (W) U19,Kosovo (W) U19,2.75,3,COVER,4,0,-1.5,-18,3.5,20,NO CUBIERTO,3.75 → 2.75,NO CUBIERTO,3.75 → 2.75,4.25
2904446,Rayon Sports (W),AS Kigali (W),2.75,2.75,COVER,8,0,0,0,-0.25,8,NO CUBIERTO,0 → 2.75,CUBIERTO,0 → 2.75,2.75
2904433,Indahangarwa WFC (W),Bugesera (W),2.0,2.25,COVER,2,2,0.75,35,0.25,-5,PUSH,1.25 → 2,PUSH,1.25 → 2,1.25
2902925,USM EL HARRACH,JS Tixeraine,2.75,2.5,COVER,1,0,1.75,121,1,16,N/A,N/A,N/A,N/A,1.0
2792690,Wisla Krakow,Stal Mielec,2.5,3.25,COVER,3,0,1.25,27,0.75,-7,NO CUBIERTO,0 → 2.5,CUBIERTO,-0.25 → 2.5,1.25
2903703,Atletico Rafaela,Douglas Haig,2.0,2.25,COVER,2,1,1,12,0.75,20,N/A,N/A,NO CUBIERTO,0.25 → 2,1.0
2905379,CD FAS (W),CD Cacahuatique (W),2.0,3.75,COVER,5,1,4,108,-3,-36,N/A,N/A,N/A,N/A,-2.0
2814824,FC Porto,Estoril,2.0,3,COVER,1,0,1,-44,0,-49,CUBIERTO,2.25 → 2,NO CUBIERTO,-1 → 2,1.0
2822194,Olympiakos Piraeus,OFI Crete,2.25,3.25,COVER,3,0,2,48,0.25,24,NO CUBIERTO,1.5 → 2.25,NO CUBIERTO,-1.25 → 2.25,0.25
2790833,Feyenoord,PEC Zwolle,2.25,3.75,COVER,6,1,1.5,25,1,83,CUBIERTO,1.75 → 2.25,CUBIERTO,1.75 → 2.25,0.75
2866745,Central Western District RSA,Kwun Tong,2.5,3.75,COVER,5,0,0,-3,2.75,21,N/A,N/A,NO CUBIERTO,1 → 2.5,2.5
2830481,Hasselt,Cercle Brugge II,2.0,3.25,COVER,0,1,1.5,3,0,-5,NO CUBIERTO,0.25 → 2,NO CUBIERTO,-0.5 → 2,0.5
2906566,Racing FC Union Luxembourg,Swift Hesperange (W),2.0,3.5,COVER,3,1,2.75,34,-1.75,-4,NO CUBIERTO,0.25 → 2,CUBIERTO,-1.25 → 2,-0.75
2815081,Inter Club Escaldes,CE Carroi,3.5,4.25,COVER,2,0,0.5,36,3.5,65,NO CUBIERTO,3.75 → 3.5,NO CUBIERTO,3.75 → 3.5,3.0
2835436,Inter Milan (W),Genoa (W),2.0,3.25,COVER,5,0,1.25,14,2.25,31,N/A,N/A,NO CUBIERTO,-2.25 → 2,0.75
2907182,AO Loutraki,Pangitheatikos,2.0,3,COVER,4,0,0.25,28,1.75,37,N/A,N/A,N/A,N/A,1.75
2815869,76 Igdir Belediye spor,Adana Demirspor,4.25,5.25,COVER,4,1,0.25,-4,3.25,0,N/A,N/A,N/A,N/A,4.0
2825333,FC Porto U19,Rio Ave U19,2.25,3.5,COVER,2,1,3.75,54,0.5,33,CUBIERTO,1.5 → 2.25,CUBIERTO,-1.25 → 2.25,-1.5
2834878,Chelsea FC (W),Everton FC (W),2.25,3.25,COVER,0,1,2.5,36,0,10,NO CUBIERTO,2.75 → 2.25,NO CUBIERTO,2.75 → 2.25,-0.25
2845493,Tainan City Steel,Ming Chuan University,3.75,4.5,COVER,5,0,1,19,1.25,57,NO CUBIERTO,2.75 → 3.75,CUBIERTO,-2.5 → 3.75,2.75
2869990,Empoli U20,Sha LAN U19,2.25,3.5,COVER,5,0,1.5,27,1.5,6,N/A,N/A,N/A,N/A,0.75
2872870,Amedspor (W),Cekmekoy (W),2.25,3.5,COVER,2,0,-,0,-,0,N/A,N/A,N/A,N/A,0
2872876,Trabzonspor (W),1207 Antalya Muratpasa (W),3.0,4,COVER,5,0,-,0,-1.75,-20,N/A,N/A,N/A,N/A,0
2906230,Costa Rica U19,Puerto Rico U19,2.5,3.75,COVER,2,2,-,0,1.25,28,N/A,N/A,N/A,N/A,0
2906630,6 Yard Etihad (W),Al Istiqlal (W),4.0,5,COVER,5,1,1.5,63,1.75,22,NO CUBIERTO,4 → 4,NO CUBIERTO,4 → 4,2.5
2906889,Convoy Sun Hei,Chandler Lambert,3.5,4.5,COVER,7,0,1.5,46,1,-1,N/A,N/A,N/A,N/A,2.0
2907121,Huddersfield (W),Blackburn Rovers (W),3.0,4,COVER,3,2,-0.25,6,2.75,22,N/A,N/A,N/A,N/A,3.25
2907122,Norwich City (W),Dulwich Hamlet (W),2.5,3.5,COVER,1,0,3.5,39,0.25,26,N/A,N/A,N/A,N/A,-1.0
2907126,Glasgow City (W),Motherwell (W),4.0,4.5,COVER,3,0,4,37,3.5,50,NO CUBIERTO,3.25 → 4,NO CUBIERTO,3.25 → 4,0.0
2907130,Celta Vigo U19,Gimnastica de Torrelavega U19,2.75,4,COVER,3,4,2.75,37,0.25,1,CUBIERTO,2 → 2.75,CUBIERTO,2 → 2.75,0.0
2907146,Wrexham (W),Aberystwyth (W),2.75,4,COVER,3,2,0.5,20,0.5,17,NO CUBIERTO,1.5 → 2.75,NO CUBIERTO,-0.5 → 2.75,2.25
2907156,Las Palmas U19,Union Viera CF U19,2.5,4,COVER,1,0,-2.75,-73,0,12,NO CUBIERTO,3.25 → 2.5,CUBIERTO,-0.75 → 2.5,5.25
2907162,AEK Athens (W),Volos NFC (W),2.25,3.5,COVER,1,1,1.25,30,-1.5,-27,N/A,N/A,N/A,N/A,1.0
2907164,PAS Giannina U19,Nestos Chrisoupolis U19,3.75,4.5,COVER,1,0,2,-17,2,22,N/A,N/A,N/A,N/A,1.75
2907200,The New Saints (W),Barry Town (W),2.25,3.75,COVER,1,1,0,38,0.75,38,NO CUBIERTO,2.25 → 2.25,NO CUBIERTO,2.25 → 2.25,2.25
2907218,Hawassa City Fc (W),Yirga Chefe Bunaa (W),2.0,2.75,COVER,1,0,0.75,13,0.25,-11,N/A,N/A,N/A,N/A,1.25
2907219,Apollon Limassol LFC (W),Omonia Nicosia (W),2.0,3.5,COVER,0,0,3.5,31,-1.75,-14,NO CUBIERTO,1.75 → 2,CUBIERTO,-1.25 → 2,-1.5
2907221,Sparta Praha II (W),Ceske Budejovice (W),3.5,5,COVER,3,0,3.75,75,-1,1,NO CUBIERTO,2.5 → 3.5,NO CUBIERTO,2.5 → 3.5,-0.25
2907271,Orgullo Surtam,Deportivo JEM,2.25,3.25,COVER,3,0,0.75,3,0.75,15,N/A,N/A,N/A,N/A,1.5
2795743,Crvena Zvezda,Vojvodina Novi Sad,2.0,3.75,COVER,0,1,2.25,-7,-0.25,17,CUBIERTO,1.5 → 2,NO CUBIERTO,-1.25 → 2,-0.25
2905529,Vila Mea,CD Gouveia,2.0,2.75,COVER,2,1,0.5,22,1.5,14,N/A,N/A,N/A,N/A,1.5
2905704,Farul Constanta (W),Atletic Olimpia Gherla (W),3.0,4.5,COVER,8,0,1.75,43,-0.5,0,N/A,N/A,N/A,N/A,1.25
2907472,ICL Mumbai,PIFA Sports,3.0,4,COVER,0,2,-1.75,-31,3.5,9,N/A,N/A,N/A,N/A,4.75
2893713,Nacional Potosi,Academia del Balompie Boliviano,2.25,3.5,COVER,2,0,1,10,1.25,20,NO CUBIERTO,0.75 → 2.25,NO CUBIERTO,0.75 → 2.25,1.25
2907656,Olimpija Ljubljana U19,NK Krka U19,2.5,3.5,COVER,4,0,1.25,66,0.75,17,CUBIERTO,1.25 → 2.5,NO CUBIERTO,-0.5 → 2.5,1.25
2861124,FC Barcelona,Eintracht Frankfurt,2.25,3.75,COVER,2,1,2.25,38,1,42,NO CUBIERTO,1 → 2.25,NO CUBIERTO,1 → 2.25,0.0
2871965,Barcelona U19,Eintracht Frankfurt U19,2.0,3.5,COVER,4,3,1.75,61,-0.75,-54,N/A,N/A,N/A,N/A,0.25
2884797,Arsenal (W),FC Twente Enschede (W),2.5,4,COVER,1,0,0.75,-4,0.5,-29,N/A,N/A,N/A,N/A,1.75
2907678,Ethiopia Nigd Bank (W),Dire Dawa (W),3.25,4,COVER,1,0,2.5,33,0.5,0,NO CUBIERTO,3 → 3.25,NO CUBIERTO,3 → 3.25,0.75
2815044,Atletic Club D Escaldes,CF Esperanca dAndorra,2.25,3.25,COVER,3,0,1.5,-9,2.75,-9,N/A,N/A,NO CUBIERTO,-2.25 → 2.25,0.75
2871974,Benfica U19,Napoli(U19),2.0,4,COVER,3,0,1,55,1.5,67,PUSH,1 → 2,PUSH,1 → 2,1.0
2871976,Borussia Dortmund U19,Bodo Glimt U19,3.5,4.75,COVER,4,0,0.75,21,2.25,37,N/A,N/A,N/A,N/A,2.75
2871977,Juventus U19,Paphos U19,2.75,3.75,COVER,2,2,-0.25,-22,0.25,39,N/A,N/A,N/A,N/A,3.0
2907985,Sesvete U19,HNK Sibenik U19,3.0,4,COVER,1,3,0.75,12,3,16,NO CUBIERTO,0.25 → 3,NO CUBIERTO,0.25 → 3,2.25
2907998,Aris Limassol  (W),Lakatamia FC (W),3.0,4,COVER,5,0,-1.25,3,3.5,31,PUSH,1.75 → 3,PUSH,-1.5 → 3,4.25
2861165,Juventus,AEP Paphos,2.0,3.25,COVER,2,0,0.5,44,0,76,N/A,N/A,N/A,N/A,1.5
2884803,Chelsea FC (W),AS Roma (W),2.75,3.75,COVER,6,0,-1.5,0,-1,-16,NO CUBIERTO,1.25 → 2.75,NO CUBIERTO,1.25 → 2.75,4.25
2901677,Philippines (W),Malaysia (W),5.75,6,COVER,6,0,-1,-54,4.25,112,NO CUBIERTO,1.5 → 5.75,NO CUBIERTO,-4.5 → 5.75,6.75
2860764,Nam Dinh FC,Eastern FC,3.0,4,COVER,9,0,-1,-10,1.75,44,N/A,N/A,NO CUBIERTO,-0.5 → 3,4.0
2905814,Thailand U22,Singapore U22,3.0,4,COVER,3,0,2.25,26,-0.5,24,NO CUBIERTO,2.25 → 3,NO CUBIERTO,2.25 → 3,0.75
2907484,Always Ready,Club Guabira,2.0,4,COVER,6,0,2,59,0.25,-16,CUBIERTO,2.25 → 2,CUBIERTO,2.25 → 2,0.0
2907485,Bolivar,San Antonio Bulo Bulo,2.25,4,COVER,5,0,1.75,40,0.5,-7,CUBIERTO,1.75 → 2.25,CUBIERTO,1.75 → 2.25,0.5
2849766,Paris Saint Germain (W),Montpellier (W),2.0,3,COVER,2,2,1.25,61,1.75,-8,CUBIERTO,1.75 → 2,CUBIERTO,1.75 → 2,0.75
2897996,Budapest Honved U19,Szeged-Csanad Grosics U19,2.25,3.5,COVER,4,1,1,47,0.75,49,NO CUBIERTO,1.5 → 2.25,NO CUBIERTO,1.5 → 2.25,1.25
2818931,Ankaragucu,Kepez Belediyespor,2.0,3,COVER,2,0,1.75,6,1.5,32,N/A,N/A,N/A,N/A,0.25
2901468,Indonesia U22,Myanmar U22,2.0,3.25,COVER,3,1,-0.5,-3,1.5,10,CUBIERTO,1.5 → 2,CUBIERTO,1.5 → 2,2.5
2908401,Ironi Beit Shemesh,Maccabi Beer Yaakov,2.5,3.75,COVER,2,0,0.75,4,1.25,19,N/A,N/A,N/A,N/A,1.75
2908389,Hapoel Bnei Jadeidi,Tzeirey Kfar Manda,2.0,3.75,COVER,3,1,-0.75,-6,0.25,-6,N/A,N/A,N/A,N/A,2.75
2908978,Hapoel Kfar Shalem U19,Maccabi Yavne Shimon U19,2.0,3,COVER,0,1,1,31,0,-12,N/A,N/A,N/A,N/A,1.0
2908343,Persema Malang,Blayu FC,2.0,3.5,COVER,2,0,0.25,67,0.75,19,N/A,N/A,N/A,N/A,1.75
2795754,Partizan Belgrade,FK Napredak Krusevac,2.25,3.25,COVER,3,2,1.75,38,1,32,NO CUBIERTO,1.5 → 2.25,CUBIERTO,-0.75 → 2.25,0.5
2804446,FC Barcelona,Osasuna,2.0,3.75,COVER,2,0,0.5,17,0.25,-18,CUBIERTO,1.75 → 2,CUBIERTO,1.75 → 2,1.5
2835939,Corvinul Hunedoara,Tunari,2.0,3,COVER,3,0,1,20,0.75,-18,N/A,N/A,NO CUBIERTO,-0.5 → 2,1.0
2845408,Hang Yuan FC (W),Valkyrie (W),3.75,4.75,COVER,4,0,4,76,1.75,31,N/A,N/A,N/A,N/A,-0.25
2907317,Clydebank FC,Civil Service Strollers FC,2.0,3.5,COVER,1,0,0.25,12,0.25,4,N/A,N/A,CUBIERTO,0 → 2,1.75
2908199,PAOK Saloniki U19,AEL Larisa U19,2.75,3.5,COVER,0,0,1.25,0,1.5,25,CUBIERTO,2.5 → 2.75,CUBIERTO,2.5 → 2.75,1.5
2908353,Al-Nahda Muscat,Al Rustaq,2.0,3.25,COVER,1,0,1.75,12,-0.25,-6,NO CUBIERTO,1.25 → 2,NO CUBIERTO,1.25 → 2,0.25
2908993,Modern Sport FC (W),Ethad Besion (W),4.25,5,COVER,6,0,-3,-44,0.25,0,N/A,N/A,N/A,N/A,7.25
2909187,SCU Torreense (W),UD Leiria (W),4.0,4.75,COVER,9,1,-1,15,2.5,3,N/A,N/A,N/A,N/A,5.0
2909276,PAS Giannina U19,Niki Volou U19,2.5,3.5,COVER,4,2,3.75,28,3,44,N/A,N/A,N/A,N/A,-1.25
2909278,Kampaniakos Chalastras U19,Anagennisi Karditsa U19,3.25,4.25,COVER,2,0,-0.5,-52,2.5,47,N/A,N/A,N/A,N/A,3.75
2909310,Bali United U20,PSM Makassar U20,2.0,3.25,COVER,2,1,0.25,8,-3.75,-65,N/A,N/A,N/A,N/A,1.75
2909317,Bhayangkara FC U20,PSBS Biak U20,3.25,4.5,COVER,3,1,3.25,119,2.5,48,N/A,N/A,N/A,N/A,0.0
2909364,Lindab Stefanesti,FC Pucioasa,2.5,3.5,NO_COVER,0,3,0,-4,0.5,28,NO CUBIERTO,1 → 2.5,NO CUBIERTO,1 → 2.5,2.5
2909365,Minaur Baia Mare,FC Ariesu Turda,2.75,3.5,COVER,3,0,0.75,40,2.5,65,NO CUBIERTO,1 → 2.75,NO CUBIERTO,-0.25 → 2.75,2.0
2909401,Roda JC Kerkrade Reserve,USV Hercules U21,2.75,4,NO_COVER,0,3,-2,-39,1.5,9,N/A,N/A,N/A,N/A,4.75
2909442,Gondomar U19,Anadia FC U19,2.25,3.5,COVER,2,0,0.25,-16,2,0,NO CUBIERTO,1 → 2.25,CUBIERTO,-0.25 → 2.25,2.0
2909522,Virtus Francavilla U19,Vigor Lamezia U19,2.25,3.75,COVER,1,1,-0.25,7,0.25,-8,N/A,N/A,N/A,N/A,2.5
2909550,Samut Sakhon,Hua Hin City,2.5,3.25,COVER,4,2,-,0,1,-40,NO CUBIERTO,0.25 → 2.5,NO CUBIERTO,-0.75 → 2.5,0
2909351,Ben Hur Rafaela,Deportivo Aldao,2.0,3,COVER,4,1,1.25,46,1.25,-7,CUBIERTO,1.25 → 2,PUSH,0 → 2,0.75
2909418,SLH St Pauls Utd,Sandy Point,2.0,3.5,COVER,1,0,0.5,-45,0,0,NO CUBIERTO,2 → 2,CUBIERTO,-1.75 → 2,1.5
2909352,Municipal Limeno (W),CD FAS (W),2.0,3.75,COVER,5,1,4.25,71,-1,-5,NO CUBIERTO,1.75 → 2,PUSH,-1.5 → 2,-2.25
2814848,Sporting CP,AVS Futebol SAD,2.5,3.5,COVER,6,0,2.5,20,0.75,4,CUBIERTO,2.75 → 2.5,NO CUBIERTO,-1.25 → 2.5,0.0
2790843,PSV Eindhoven,Heracles Almelo,2.75,4.25,COVER,4,3,2.75,59,0.5,19,CUBIERTO,2.25 → 2.75,CUBIERTO,2.25 → 2.75,0.0
2909083,FC 03 Differdange (W),Young Boys Diekirch (W),2.0,3.5,COVER,0,0,-3,-30,0.75,20,N/A,N/A,N/A,N/A,5.0
2909291,Atletico de Madrid U19,Alcobendas CF U19,2.25,3.5,COVER,4,0,2.25,42,0.25,-14,CUBIERTO,1.25 → 2.25,CUBIERTO,-2 → 2.25,0.0
2907768,ES Ben Aknoun,ESF Bir El Ater,2.5,3,COVER,2,0,-,0,-,0,N/A,N/A,N/A,N/A,0
2909703,Ho Chi Minh City U19,Quang Ngai U19,4.75,5.5,COVER,5,0,-,0,-,0,N/A,N/A,N/A,N/A,0
2909581,Aris Limassol  (W),Olympiakos Nicosia FC（W）,4.75,5.5,COVER,6,0,3,17,1,57,N/A,N/A,CUBIERTO,-2.5 → 4.75,1.75
2909700,Viettel U19,Hoai Duc U19,3.25,4.25,COVER,7,0,0.25,13,0.75,64,N/A,N/A,N/A,N/A,3.0
2909704,PVF Vietnam U19,Phu Dong Ninh Binh U19,2.5,3.75,COVER,5,1,0,38,2,26,CUBIERTO,2.75 → 2.5,CUBIERTO,2.75 → 2.5,2.5
2869054,Sui Tung,Tsuen Wan,2.5,3.75,COVER,2,1,1.5,0,2,13,NO CUBIERTO,0.25 → 2.5,NO CUBIERTO,0.25 → 2.5,1.0
2806065,Celtic (W),Aberdeen (W),4.0,4.5,COVER,4,0,4,41,0,-13,CUBIERTO,4.75 → 4,NO CUBIERTO,-3 → 4,0.0
2823773,Bayern Munchen (W),Hamburger SV (W),3.75,4.5,COVER,6,0,3,75,0.75,22,NO CUBIERTO,1 → 3.75,NO CUBIERTO,1 → 3.75,0.75
2874274,Balzan FC,Zebbug Rangers,3.0,3.75,COVER,4,0,5,0,-1.5,-21,NO CUBIERTO,0.25 → 3,NO CUBIERTO,-1.25 → 3,-2.0
2874275,Fgura United,Mtarfa,3.25,4.25,COVER,8,0,-0.75,-21,5,0,CUBIERTO,2.75 → 3.25,CUBIERTO,2.75 → 3.25,4.0
2889172,Iraklis,Makedonikos,2.25,3.25,COVER,3,0,3,0,1.75,28,NO CUBIERTO,1.75 → 2.25,CUBIERTO,-1.75 → 2.25,-0.75
2908231,Johor Darul Takzim,Sabah,2.75,4,COVER,5,0,2.25,58,1.25,-29,CUBIERTO,3.25 → 2.75,CUBIERTO,3.25 → 2.75,0.5
2909322,SKODA Xanthi,PAOK Dytikou,2.0,2.75,COVER,5,0,0.25,37,1.75,9,N/A,N/A,N/A,N/A,1.75
2907631,ASD Atletico Ascoli,Sammaurese,2.25,3,COVER,3,2,0.5,-7,1.75,12,N/A,N/A,N/A,N/A,1.75
2909689,Queens Park Rangers (W),Milton Keynes Dons (W),2.0,3.75,COVER,2,2,-0.5,-11,2.25,32,N/A,N/A,N/A,N/A,2.5
2909691,Cheadle Town Stingers (W),Blackburn Rovers (W),3.25,4,COVER,2,2,2.5,19,3,10,N/A,N/A,N/A,N/A,0.75
2909721,RSB Berkane (W),Lionnes Assa-Mahbes (W),3.25,3.75,COVER,3,0,-0.25,5,1.25,15,N/A,N/A,N/A,N/A,3.5
2800852,Borac Banja Luka,Rudar Prijedor,2.25,3.25,COVER,3,0,1.75,19,0.5,14,CUBIERTO,2 → 2.25,NO CUBIERTO,-1 → 2.25,0.5
2909716,CD Calasanz de Soria,SC Uxama,2.0,3.25,COVER,2,0,0.75,-5,0.75,8,NO CUBIERTO,1 → 2,NO CUBIERTO,1 → 2,1.25
2815086,FC Santa Coloma,CE Carroi,3.0,3.75,COVER,7,0,-0.25,8,3.5,48,CUBIERTO,2.75 → 3,CUBIERTO,2.75 → 3,3.25
2810019,FC Shakhtar Donetsk,FK Epitsentr Dunayivtsi,2.25,3.25,COVER,5,0,2,62,-0.75,-23,N/A,N/A,NO CUBIERTO,-1.75 → 2.25,0.25
2806069,Glasgow Rangers (W),Partick Thistle (W),4.0,4.25,COVER,3,0,0.5,1,4,41,NO CUBIERTO,3 → 4,NO CUBIERTO,3 → 4,3.5
2799525,Bayern Munchen,FSV Mainz 05,2.25,3.75,COVER,2,2,2.75,73,0.25,48,CUBIERTO,2 → 2.25,CUBIERTO,2 → 2.25,-0.5
2908203,The Strongest,Jorge Wilstermann,2.0,3.75,COVER,6,0,0.25,32,1.25,19,NO CUBIERTO,1 → 2,CUBIERTO,-0.75 → 2,1.75
2909852,Alianza FC San Salvador (W),Inter FA (W),3.25,4.5,COVER,3,2,1.5,-18,-1.75,-12,N/A,N/A,CUBIERTO,-3.25 → 3.25,1.75
2814844,FC Porto,Estrela da Amadora,2.0,3,COVER,3,1,1.75,-17,2.5,20,PUSH,2.25 → 2,NO CUBIERTO,-1.25 → 2,0.25
2909971,Hapoel Kaukab,FC Achva Kfar Manda,2.5,3.75,COVER,9,0,-0.5,-35,2.5,48,N/A,N/A,NO CUBIERTO,0.5 → 2.5,3.0
2909942,Hope United,DK Pharma FC,2.0,3.5,COVER,4,0,-0.5,-11,0,-25,N/A,N/A,NO CUBIERTO,-0.25 → 2,2.5
2910013,FC Masar (W),Pyramids FC (W),2.5,4.25,COVER,9,0,1,0,2,6,N/A,N/A,N/A,N/A,1.5
2885813,Al-Qalah,Ohod Medina,5.25,6,COVER,1,0,1.75,15,-,0,N/A,N/A,N/A,N/A,3.5
2910002,Hong Kong FC U22,Lee Man FC U22,2.75,3.75,COVER,2,0,0,6,2.25,10,CUBIERTO,2.5 → 2.75,CUBIERTO,2.5 → 2.75,2.75
2910430,BTM FC,Jawahar Union,2.5,3.75,COVER,3,1,-1.25,-52,-,0,N/A,N/A,NO CUBIERTO,2.5 → 2.5,3.75
2909975,Phu Dong Ninh Binh U19,Dao Ha U19,2.25,4.25,COVER,2,1,0.25,59,3.75,42,N/A,N/A,N/A,N/A,2.0
2897063,PSV Eindhoven,GVVV Veenendaal,4.0,5,COVER,3,0,,0,-1,0,N/A,N/A,NO CUBIERTO,-2.5 → 4,0
2909677,Valencia U19,Alboraya U19,2.25,3.5,COVER,3,1,3.25,94,-0.25,-43,NO CUBIERTO,3 → 2.25,NO CUBIERTO,3 → 2.25,-1.0
2908259,Kampala City Council FC,Buhimba United Saints FC,2.0,3,COVER,1,0,0.75,-20,1,56,N/A,N/A,N/A,N/A,1.25
2892652,National Defense Forces,Point Fortin FC,2.25,3.25,COVER,3,0,0.5,-1,1.75,5,CUBIERTO,3.5 → 2.25,NO CUBIERTO,-4.25 → 2.25,1.75
2884809,Lyon (W),Atletico de Madrid (W),2.0,3.5,COVER,4,0,1.25,70,-0.75,3,NO CUBIERTO,2.5 → 2,NO CUBIERTO,2.5 → 2,0.75
2884806,Bayern Munchen (W),Valerenga (W),2.25,3.5,COVER,3,0,0,-7,1.5,23,CUBIERTO,3 → 2.25,NO CUBIERTO,-2.75 → 2.25,2.25
2884805,AS Roma (W),St. Polten (W),2.75,3.75,COVER,6,1,1.5,23,2,53,CUBIERTO,1.75 → 2.75,CUBIERTO,1.75 → 2.75,1.25
2871844,PAOK Saloniki,Marko,4.5,5,COVER,4,1,1.75,71,2,21,N/A,N/A,N/A,N/A,2.75
2910577,Vikingur Reykjavik,Fylkir,2.75,4.5,COVER,4,1,1.5,0,,0,NO CUBIERTO,1.5 → 2.75,CUBIERTO,-1.25 → 2.75,1.25
2908947,SC Villa,FC Calvary,2.0,3,COVER,1,0,0.5,-29,1,0,N/A,N/A,N/A,N/A,1.5
2910551,Bayelsa Queens FC (W),Pacesetter Queens FC (W),2.0,3,COVER,2,0,0.25,-3,,0,N/A,N/A,N/A,N/A,1.75
2871843,Olympiakos Piraeus,Iraklis,2.25,3.25,COVER,6,0,1.75,49,1.25,14,CUBIERTO,2.25 → 2.25,CUBIERTO,2.25 → 2.25,0.5
2910494,Amman (W),Al Istiqlal (W),2.75,4.5,COVER,2,2,-0.25,-29,4,35,CUBIERTO,3.5 → 2.75,CUBIERTO,3.5 → 2.75,3.0
2825254,Benfica U19,CD Mafra U19,2.25,3.5,COVER,3,0,1,27,0.75,-30,CUBIERTO,1.5 → 2.25,NO CUBIERTO,-1.25 → 2.25,1.25
2815046,Inter Club Escaldes,Penya Encarnada,2.0,3.25,COVER,4,0,3.5,48,1.5,10,NO CUBIERTO,2.75 → 2,NO CUBIERTO,2.75 → 2,-1.5
2910493,East Bengal Club (W),Nepal APF (W),3.75,4.75,COVER,0,0,4.25,56,,0,N/A,N/A,N/A,N/A,-0.5
2906139,Bolivar,Blooming,2.0,4,COVER,5,0,1.75,60,0.5,42,PUSH,2.25 → 2,NO CUBIERTO,0 → 2,0.25
2862237,Strasbourg,Breidablik,2.0,3.5,COVER,3,1,-0.25,4,2.25,59,N/A,N/A,N/A,N/A,2.25
2862222,Rayo Vallecano,KF Drita Gjilan,2.25,3.5,COVER,3,0,1.25,54,0.5,-14,N/A,N/A,N/A,N/A,1.0
2862214,Crystal Palace,KuPs,2.5,3.5,COVER,2,2,1.25,-1,1,19,N/A,N/A,N/A,N/A,1.25
2862201,Legia Warszawa,Lincoln Red Imps FC,2.0,3.5,COVER,4,1,0.25,-15,0.5,41,N/A,N/A,N/A,N/A,1.75
2897057,Volendam,SC Genemuiden,2.0,3.75,COVER,0,0,,0,0,7,N/A,N/A,N/A,N/A,0
2910540,Hapoel Mahane Yehuda,Maccabi Bnei Jaljulia,2.5,3.75,COVER,3,1,1.25,15,2.5,21,N/A,N/A,N/A,N/A,1.25
2911013,Bolivar U19,Oriente Petrolero U19,2.0,3.75,COVER,3,1,1.5,67,0,-26,N/A,N/A,N/A,N/A,0.5
2910541,MS Hapoel Lod,Maccabi lroni Kfar Yona,2.5,3.75,COVER,3,1,1,11,1.25,22,NO CUBIERTO,-0.5 → 2.5,NO CUBIERTO,-0.5 → 2.5,1.5
2870764,Maccabi Kiryat Gat (W),Ironi Ramat Hasharon (W),5.25,5.75,COVER,5,0,2,8,2,39,NO CUBIERTO,1 → 5.25,NO CUBIERTO,-3.25 → 5.25,3.25
2870763,Maccabi Hadera (W),Ashdod Panthers (W),3.25,4.75,COVER,2,1,-1,-39,2.75,42,N/A,N/A,CUBIERTO,-1.25 → 3.25,4.25
2911016,USM Annaba U20,US Tebessa U20,2.75,4,COVER,3,1,,0,,0,N/A,N/A,N/A,N/A,0
2871398,ADO Den Haag,Jong PSV Eindhoven (Youth),2.25,4,COVER,1,2,1.75,33,0,-1,NO CUBIERTO,1.5 → 2.25,CUBIERTO,-1.25 → 2.25,0.5
2911025,Al Nasr SC U19,Gulf United FC U19,2.25,4,COVER,5,2,1.25,34,2.25,-14,N/A,N/A,N/A,N/A,1.0
2911019,Al Ain SCC U19,Shabab Al Ahli Dubai U19,2.0,3.5,COVER,2,1,0.75,0,-2,-29,PUSH,-0.75 → 2,NO CUBIERTO,0 → 2,1.25
2911067,Maccabi Bnei Jadida,FC Achva Kfar Manda,5.0,5.75,COVER,2,1,1.25,-3,2.5,35,N/A,N/A,N/A,N/A,3.75
2822356,Kuching FA,Melaka FC,2.0,3.25,COVER,4,0,2,57,4.5,76,N/A,N/A,N/A,N/A,0.0
2910623,Meghalaya,Sikkim FA,2.0,3.5,COVER,1,2,-0.25,-14,1.75,46,N/A,N/A,N/A,N/A,2.25
2910599,JF Khroub(W),RS Tissemsilt (W),4.5,5,COVER,8,1,2.5,17,0.5,-24,N/A,N/A,N/A,N/A,2.0
2911032,Khatoco Khanh Hoa U19,Quang Ngai U19,2.25,3.5,COVER,5,1,-0.5,-35,4.75,58,CUBIERTO,1 → 2.25,CUBIERTO,1 → 2.25,2.75
2849769,Lyon (W),Fleury 91 (W),3.25,3.75,COVER,3,0,3.75,0,-0.5,-29,CUBIERTO,2.75 → 3.25,CUBIERTO,2.75 → 3.25,-0.5
2804460,Real Madrid,Sevilla,2.25,3.5,COVER,2,0,1.75,59,0.25,-30,NO CUBIERTO,1.75 → 2.25,NO CUBIERTO,-0.75 → 2.25,0.5
2822208,Olympiakos Piraeus,AE Kifisias,2.25,3.25,COVER,1,1,2.25,63,0.5,3,CUBIERTO,2 → 2.25,NO CUBIERTO,-1.75 → 2.25,0.0
2818103,York City,Truro City,2.25,3.75,COVER,4,0,1.75,-2,0.75,4,N/A,N/A,NO CUBIERTO,-0.75 → 2.25,0.5
2835063,Tre Fiori,Faetano,2.5,3.25,COVER,3,0,1.75,32,1.25,40,N/A,N/A,NO CUBIERTO,-2.25 → 2.5,0.75
2878720,Mallorca B,CD Binissalem,2.5,3.5,COVER,3,0,-,0,-,0,CUBIERTO,1.5 → 2.5,CUBIERTO,1.5 → 2.5,0
2911872,CD Alaves U19,Villegas U19,4.0,4.75,COVER,5,0,0.25,-4,2,25,N/A,N/A,N/A,N/A,3.75
2876439,El Gouna FC,Pyramids FC,2.25,3.5,COVER,2,0,,0,,0,NO CUBIERTO,-1 → 2.25,NO CUBIERTO,-1 → 2.25,0
2829126,Folkestone,Canvey Island,2.0,3.5,COVER,2,0,1.25,0,0.5,0,PUSH,0.25 → 2,PUSH,0 → 2,0.75
2827153,Aris Limassol,Omonia Aradippou,2.0,3,COVER,2,2,2.5,27,1.75,22,PUSH,2 → 2,NO CUBIERTO,-1.5 → 2,-0.5
2798264,Ipswich Town,Sheffield Wednesday,2.0,3.25,COVER,3,1,0.75,-4,1,49,CUBIERTO,1 → 2,CUBIERTO,1 → 2,1.25
2789295,Manchester City,West Ham United,2.0,3.5,COVER,3,0,1.75,50,1,44,CUBIERTO,1.5 → 2,CUBIERTO,1.5 → 2,0.25
2783370,fraserburgh,Forres Mechanics,2.0,3.5,COVER,3,1,-,0,-,0,N/A,N/A,N/A,N/A,0
2795759,Crvena Zvezda,Mladost Lucani,3.25,4.25,COVER,4,0,2,48,0.5,11,NO CUBIERTO,2.5 → 3.25,NO CUBIERTO,-2 → 3.25,1.25
2835065,SS Virtus,Cailungo,2.5,3.25,COVER,6,0,0.25,-4,0.25,-19,N/A,N/A,N/A,N/A,2.25
2783366,Brechin City,Rothes,4.0,5,COVER,3,0,2.75,23,-,0,N/A,N/A,N/A,N/A,1.25
2911919,Foresters FC,Revengers,2.25,3.75,COVER,2,1,0,26,1,56,N/A,N/A,N/A,N/A,2.25
2907105,Ayutthaya United,Roi Et 2018,3.25,3.75,COVER,6,0,1.75,50,-,0,N/A,N/A,N/A,N/A,1.5
2911891,Bugesera (W),Nyagatare WFC (W),2.25,3,COVER,4,0,0,0,,0,N/A,N/A,N/A,N/A,2.25
2822358,Johor Darul Takzim,Kelantan United,5.0,5.75,COVER,4,1,4.5,76,1.75,6,CUBIERTO,6.5 → 5,CUBIERTO,6.5 → 5,0.5
2845410,Kaohsiung Sunny Bank (W),Taichung Sakura (W),2.25,3.5,COVER,5,0,0,33,0.5,15,N/A,N/A,CUBIERTO,-1.75 → 2.25,2.25
2849946,Ajax (W),NAC Breda (W),3.75,4.25,COVER,5,1,1.25,62,2.25,34,N/A,N/A,N/A,N/A,2.5
2912618,Beitar Shimshon Tel Aviv U19,Maccabi Yavne Shimon U19,2.0,3.25,COVER,2,0,0.5,13,2,49,NO CUBIERTO,1 → 2,NO CUBIERTO,0.25 → 2,1.5
2911131,Beira Mar,CD Gouveia,2.0,2.75,COVER,1,1,0,-9,2,45,N/A,N/A,NO CUBIERTO,0 → 2,2.0
2835064,Tre Penne,SP Libertas,2.0,3.25,COVER,5,0,1.25,27,1,0,N/A,N/A,N/A,N/A,0.75
2821982,Balikesirspor,Viven Bornova,2.25,3.25,COVER,1,1,-,0,-,-1,N/A,N/A,N/A,N/A,0
2815893,Umraniyespor,Adana Demirspor,2.75,3.75,COVER,5,0,-1.25,-52,4.25,45,NO CUBIERTO,-0.5 → 2.75,NO CUBIERTO,-0.5 → 2.75,4.0
2912570,PAOK Saloniki (W),Agia Paraskevi (W),3.25,4,COVER,1,0,1.25,35,1.75,35,NO CUBIERTO,2.25 → 3.25,NO CUBIERTO,2.25 → 3.25,2.0
2815092,Inter Club Escaldes,CF Esperanca dAndorra,3.5,4.5,COVER,2,0,2,22,3,16,N/A,N/A,N/A,N/A,1.5
2912589,Celta Vigo U19,Arosa U19,2.25,3.75,COVER,4,0,2.75,95,-0.25,-6,NO CUBIERTO,2.5 → 2.25,NO CUBIERTO,2.5 → 2.25,-0.5
2878446,UD Logrones B,CD Berceo,2.0,3.25,COVER,3,1,1.25,55,-,0,PUSH,1.75 → 2,PUSH,-1.5 → 2,0.75
2845500,Sunny Bank Athletic Club Taipei,Ming Chuan University,2.75,3.75,COVER,3,0,-0.5,9,2.5,53,CUBIERTO,2 → 2.75,NO CUBIERTO,-1.25 → 2.75,3.25
2818949,Batman Petrolspor,Bucaspor 1928,2.25,3.25,COVER,1,0,-,0,1.75,19,N/A,N/A,N/A,N/A,0
2819279,Kahramanmaras Bld,Somaspor,2.5,3.5,COVER,6,0,0.5,17,1.25,32,N/A,N/A,N/A,N/A,2.0
2869056,Dreams Metro Gallery,Kwong Wah AA,2.25,3.75,COVER,5,1,1.5,40,1.5,0,NO CUBIERTO,1 → 2.25,NO CUBIERTO,-0.25 → 2.25,0.75
2905770,Lyon,Saint Cyr Collonges,4.75,5.5,COVER,3,0,,0,0.25,31,N/A,N/A,N/A,N/A,0
2822205,AEK Athens,OFI Crete,2.0,3,COVER,2,1,1.5,44,2.25,63,PUSH,1.75 → 2,PUSH,1.75 → 2,0.5
2823785,VfL Wolfsburg (W),Hamburger SV (W),3.75,4.75,COVER,3,1,1.75,68,3.75,62,N/A,N/A,NO CUBIERTO,-2.75 → 3.75,2.0
2812992,Galatasaray,Kasimpasa,2.0,3.5,COVER,3,0,1.25,-19,0.5,31,NO CUBIERTO,1.75 → 2,NO CUBIERTO,-1 → 2,0.75
2905763,Rennes,Les Sables dOlonne,3.75,4.25,COVER,3,0,,0,-,0,N/A,N/A,N/A,N/A,0
2912599,Paynesville,Jubilee FC,2.5,3.25,COVER,4,2,0.25,0,0.5,37,N/A,N/A,NO CUBIERTO,-1.75 → 2.5,2.25
2912712,Hapoel Ashkelon,Maccabi Beer Sheva,2.25,3.5,COVER,7,1,0,35,2,35,N/A,N/A,N/A,N/A,2.25
2899403,Al Faisaly Amman,Shabab Al Ordon,2.0,3.25,COVER,0,0,2.5,62,0.25,0,NO CUBIERTO,0.75 → 2,NO CUBIERTO,-1 → 2,-0.5
2911921,Al Nasr SC U23,Al Bataeh U23,2.0,3.5,COVER,5,0,0,16,1.5,36,NO CUBIERTO,-0.25 → 2,NO CUBIERTO,0 → 2,2.0
2903844,Al Masry,Dekernes,2.25,3.25,COVER,4,2,,0,,0,N/A,N/A,N/A,N/A,0
2912715,Albirex Niigata U23,Tampines Rovers FC U23,3.75,5,COVER,0,1,2,20,0,-2,N/A,N/A,NO CUBIERTO,-2 → 3.75,1.75
2912714,PVF-CAND U19,Luxury Ha Long U19,4.0,5.25,COVER,9,0,-0.5,-11,0,6,PUSH,2.75 → 4,PUSH,-2 → 4,4.5
2860678,Al-Ittihad,Nasaf Qarshi,2.0,3.25,COVER,1,0,1.25,-6,1.25,4,N/A,N/A,N/A,N/A,0.75
2914473,Al-Ittihad(BHR),Qalali,2.5,3.25,COVER,4,1,-0.5,0,1.5,33,NO CUBIERTO,2 → 2.5,CUBIERTO,-1.25 → 2.5,3.0
2914481,Meghalaya,Arunachal,2.0,3,COVER,2,1,2,15,1,3,NO CUBIERTO,1 → 2,NO CUBIERTO,1 → 2,0.0
2850511,YANGON UNITED,Ayeyawady united,2.5,3.5,COVER,0,0,1.25,39,1.75,75,CUBIERTO,1.75 → 2.5,NO CUBIERTO,-2.5 → 2.5,1.25
2860740,Al-Nassr,Al Zawraa,2.25,3,COVER,5,1,3.25,4,-0.25,0,CUBIERTO,1 → 2.25,NO CUBIERTO,-2 → 2.25,-1.0
2914949,Fufuni,New Stone Town,2.25,3,COVER,4,0,-0.25,-16,1.25,18,N/A,N/A,N/A,N/A,2.5
2914490,Horse Owners Club,El Zohour Matrouh,3.25,4,COVER,4,1,0.25,17,1.75,23,N/A,N/A,N/A,N/A,3.0
2914963,Phu Dong Ninh Binh U19,Hoai Duc U19,2.5,5.25,COVER,4,2,2.25,0,0,1,NO CUBIERTO,0.5 → 2.5,NO CUBIERTO,0.5 → 2.5,0.25
2852147,Al Hilal,Al-Khaleej,2.0,3.75,COVER,3,2,2.5,50,2.25,18,CUBIERTO,2.25 → 2,CUBIERTO,2.25 → 2,-0.5
2818115,York City,Boston United,2.0,3.5,COVER,2,2,2.25,-4,0.25,-13,NO CUBIERTO,0.75 → 2,NO CUBIERTO,-1 → 2,-0.25
2896740,Hapoel Jerusalem,Hapoel Umm Al Fahm,2.25,3,COVER,2,0,0,45,0.25,22,NO CUBIERTO,-1.25 → 2.25,NO CUBIERTO,1.75 → 2.25,2.25
2914954,Hapoel Dir Hana,FC Achva Kfar Manda,4.0,5.25,COVER,1,0,-0.5,-3,5,0,N/A,N/A,N/A,N/A,4.5
2914937,FC Constantine(W),AR Guelma (W),3.25,4,COVER,4,1,0.5,7,2.5,72,NO CUBIERTO,1.75 → 3.25,NO CUBIERTO,1.75 → 3.25,2.75
2914942,Somaiya FC,Soccer XI,3.5,4.75,COVER,5,1,3.25,55,3,44,N/A,N/A,N/A,N/A,0.25
2915320,Real Espana Reserves,CD Platense Reserves,2.0,3.25,COVER,3,2,0,25,0.25,-3,NO CUBIERTO,0 → 2,NO CUBIERTO,0 → 2,2.0
2896744,Hapoel Beer Sheva,Sderot,3.25,3.75,COVER,2,1,1.5,38,1.25,55,N/A,N/A,N/A,N/A,1.75
2852153,Al-Nassr,Al-Okhdood,2.5,3.5,COVER,3,0,2.25,18,0.5,19,NO CUBIERTO,1.5 → 2.5,CUBIERTO,-1 → 2.5,0.25
2805900,Newport City,Cwmbran Celtic,2.0,3.5,COVER,2,2,0.5,44,0.75,9,PUSH,0.75 → 2,NO CUBIERTO,-1.5 → 2,1.5
2903860,Barito Putera,PSIS Semarang,2.5,3,COVER,1,0,0.75,3,1.25,58,NO CUBIERTO,0.25 → 2.5,NO CUBIERTO,-0.75 → 2.5,1.75
2915078,Ethiopia Nigd Bank (W),Sidama Bunna (W),2.0,3,COVER,5,0,3.25,35,-1.25,-21,CUBIERTO,1.75 → 2,NO CUBIERTO,-1.25 → 2,-1.25
2814866,Sporting CP,Rio Ave,2.25,3.5,COVER,4,0,2.5,39,0.75,41,NO CUBIERTO,2 → 2.25,NO CUBIERTO,-1.5 → 2.25,-0.25
2868575,Al Kuwait SC,Al Fahaheel SC,2.0,3.25,COVER,5,0,1.75,43,0.5,-16,CUBIERTO,1.75 → 2,NO CUBIERTO,-2 → 2,0.25
2903848,Zamalek,Baladiyet El Mahallah,2.0,3,COVER,1,0,0.5,29,0.75,0,NO CUBIERTO,1.5 → 2,NO CUBIERTO,-0.75 → 2,1.5
2822322,Selangor,Melaka FC,2.75,3.75,COVER,3,0,1.75,6,2,17,N/A,N/A,N/A,N/A,1.0
2903863,PSS Sleman,Persipal Palu,2.0,3,COVER,4,0,1.25,54,1.25,10,N/A,N/A,CUBIERTO,-0.75 → 2,0.75
2818960,Inegolspor,Altinordu,2.0,3,COVER,3,1,0.25,0,0.25,21,NO CUBIERTO,-0.5 → 2,NO CUBIERTO,-0.5 → 2,1.75
2872897,Galatasaray SK (W),Amedspor (W),2.0,3.25,COVER,3,1,2,14,-1,-11,CUBIERTO,2.25 → 2,N/A,N/A,0.0
2872896,Fomget Genclik (W),Hakkarigucu SK (W),2.0,3.5,COVER,2,1,-0.25,-19,2,14,PUSH,2 → 2,N/A,N/A,2.25
2915148,Yangon City,YB United FC,5.5,6.25,COVER,6,0,1,16,1,-5,N/A,N/A,N/A,N/A,4.5
2866729,Supreme FC,Sham Shui Po,2.25,4,COVER,5,0,3,32,0.25,12,NO CUBIERTO,-1.25 → 2.25,N/A,N/A,-0.75
2915537,Al Jazeera Reserves,Ramtha SC Reserves,2.25,2.75,COVER,2,0,0.75,-8,-1.5,-41,N/A,N/A,NO CUBIERTO,-1.75 → 2.25,1.5
2814863,FC Porto,AVS Futebol SAD,2.25,3.25,COVER,2,0,2,62,2.5,39,NO CUBIERTO,1.5 → 2.25,NO CUBIERTO,1.5 → 2.25,0.25
2870772,Maccabi Kiryat Gat (W),Hapoel Raanana (W),2.25,4,COVER,2,1,5.25,62,0.25,-21,CUBIERTO,2.5 → 2.25,CUBIERTO,-3.5 → 2.25,-3.0
2915562,Al Wehda(UAE) U19,Gulf United FC U19,4.25,5,COVER,11,0,0.5,8,2.25,27,N/A,N/A,N/A,N/A,3.75
2915558,Al Dhaid U19,Al Ittihad Kalba U19,2.0,4.25,COVER,8,0,-0.75,-15,1.25,34,NO CUBIERTO,-0.5 → 2,NO CUBIERTO,0.25 → 2,2.75
2912000,Selangor U23,Perlis GSA FC,2.5,3.25,COVER,3,0,1.25,7,1.25,28,N/A,N/A,N/A,N/A,1.25
2915912,Viettel U19,Cong An Nhan Dan U19,2.75,4,COVER,3,0,1.5,0,-1.75,-37,NO CUBIERTO,2.5 → 2.75,NO CUBIERTO,2.5 → 2.75,1.25
2915550,Cong an TP HCM U19,Dong Nai U19,2.0,3.25,COVER,5,0,-1,-52,0.25,32,N/A,N/A,N/A,N/A,3.0
